dprime,replicate,sigma_meta,mean_conf_R1,mean_conf_R2,m_dist_R1,m_dist_R2,m_dist2_R1,m_dist2_R2,meta_d,M_ratio
0.5,0,0.001,0.6260640211005875,0.6239740561316411,0.9996927959342834,1.0043295014877933,0.5030752466013062,0.5054085751990878,0.5032298408544066,1.0128517459745225
0.5,1,0.001,0.6305035855935259,0.6312153041255641,0.8952552513743028,0.895553720220554,0.49722476255865594,0.49739053215451207,0.5553999954709767,1.1262898123542195
0.5,2,0.001,0.6297882560140896,0.629252108566175,0.955882115461245,0.9582435718893318,0.49802945531775195,0.49925981086014976,0.5210155596199602,1.0234950866351495
0.5,3,0.001,0.6252818035426732,0.6290937996820349,1.010782794623509,1.0093049818888866,0.5011346169836738,0.5004019342325646,0.49578863000960927,1.0030594659054948
0.5,4,0.001,0.6290193888135323,0.6251303441084463,0.9175817446073234,0.9237108257118605,0.5013267404696371,0.5046754037034796,0.5463564891258582,1.076554431534755
0.5,5,0.001,0.6312025392743782,0.6289275616263789,0.9882331229457934,1.0014382113479547,0.49412416752287736,0.5007268133584409,0.5000076966151044,0.9656989190807435
0.5,6,0.001,0.6280856171234247,0.6267146570685863,0.9396176010228977,0.9440351549974302,0.5002064761480282,0.5025581659252195,0.5323511134779589,1.0951532026088935
0.5,7,0.001,0.6234008097165992,0.6299604743083004,0.9887929025345905,0.9876301522486501,0.5028107020655062,0.5022194323606954,0.5085096189269184,0.9893451076952859
0.5,8,0.001,0.6269053667831057,0.6337471783295711,0.9812960039605427,0.9508536865435027,0.5053631650782375,0.48968550429076907,0.514995641517519,0.9980103528105263
0.5,9,0.001,0.6292188813708612,0.6296207489110018,0.9681320995179602,0.9683859596786387,0.49894296156175494,0.49907379261306967,0.5153666135129515,0.9866824735979799
0.5,10,0.001,0.6263982102908278,0.6267222044216597,1.015823261777135,1.0127356351587657,0.5028396198485892,0.501311223075809,0.49500699459165254,0.973392398651303
0.5,11,0.001,0.6296856949368601,0.6275856528899064,1.101215189964963,1.101228568320431,0.49728647811134175,0.4972925195057344,0.45157974812094975,0.9111586421910329
0.5,12,0.001,0.6288680217124292,0.6279633294293445,0.976287278080542,0.9632936092370438,0.5024606617465204,0.49577327823533146,0.5146647641812948,1.0760535384066505
0.5,13,0.001,0.6246590726776833,0.6258177756502313,0.9823302914736878,0.9832667797838748,0.5037522402031069,0.5042324840561933,0.5128135053713756,1.0489363445658677
0.5,14,0.001,0.6262098879473071,0.6241584000637425,0.9587760735247945,0.9705680013855815,0.5017834242531791,0.507954827674605,0.5233583086908381,1.0399267310628646
0.5,15,0.001,0.6251647166872979,0.6254758184076612,0.9967219719501287,0.9926610328482682,0.5045284894642238,0.5024728916861803,0.5061877872292636,1.046663131558416
0.5,16,0.001,0.6290444843407141,0.6285542410266693,1.00042483340982,0.9974715216728515,0.4991763836646674,0.49770278622539776,0.4989644069142991,1.0156724032587854
0.5,17,0.001,0.6266078942095772,0.6225194649630664,0.935666875429032,0.9496081725582449,0.5022599189893725,0.5097435169990964,0.5367935236128466,1.0813034193092907
0.5,18,0.001,0.6287519111611813,0.6301200986240356,1.005327084055133,1.0102858841518843,0.4966272081637343,0.49907683384969326,0.4939956518037058,0.9721690957193804
0.5,19,0.001,0.6279472117164239,0.6250695935735305,0.9908361176354529,1.0084615284549097,0.4976518982645023,0.5065043401525982,0.5022544994141985,1.009389999944636
1.0,0,0.001,0.663003663003663,0.6571692653914162,0.4925120599260523,0.4979881297193164,0.49753094091781175,0.5030628138981066,1.010190371769806,0.978631484857117
1.0,1,0.001,0.6620537505014039,0.656441962504986,0.4821184500655417,0.4925442214542204,0.4947016527526522,0.5053995348529939,1.0260998156892769,1.0392363724755784
1.0,2,0.001,0.6565664620046249,0.661048238221366,0.49397438236869123,0.4845965449040323,0.5070406896737868,0.4974147954058927,1.0264513864918265,1.014151434212966
1.0,3,0.001,0.6554051371630474,0.6607150054411349,0.5104515711133226,0.49615595855342615,0.5078105329571115,0.493588884824741,0.994826074978179,0.9936967403328466
1.0,4,0.001,0.6609700134504312,0.6562980341396327,0.478309669874691,0.47631367852148043,0.5034746312515282,0.5013736262461262,1.0526122781156193,1.0713687594011907
1.0,5,0.001,0.6537454164484023,0.6629472263034587,0.5113209494908713,0.5024102931448426,0.5027375740392694,0.49397649793049553,0.98321333115698,1.0016105622252993
1.0,6,0.001,0.6602273630654265,0.6586426213670397,0.4973213996762067,0.4952014749248206,0.5001942880500883,0.49806211707890197,1.0057767238163329,1.0065945231523772
1.0,7,0.001,0.6516450648055833,0.6576529588766299,0.5029805338714447,0.49128400960974183,0.5133916552561747,0.5014530263290472,1.0206988554896856,1.024704745007224
1.0,8,0.001,0.6626752102523028,0.6620455453455854,0.4915772691675886,0.4932877165652897,0.4931154332387318,0.4948312326917409,1.0031290382359377,1.0113352115126737
1.0,9,0.001,0.6578852254929521,0.6604645603410494,0.5192525914617623,0.5182995300442388,0.4962734370902935,0.4953625527284052,0.9557457107594215,0.9649842122124388
1.0,10,0.001,0.6612331114742338,0.6556264803886146,0.5040670568675928,0.5099743733319665,0.4957661528335032,0.50157618845716,0.9835321433507803,0.994407006988099
1.0,11,0.001,0.6582248237964401,0.6645236468839153,0.49289949604253147,0.47991656065868266,0.504300352822932,0.4910171197352127,1.023130185508278,1.0166940062747842
1.0,12,0.001,0.660180122225796,0.6577125119388729,0.4851883755414764,0.4933538766675267,0.4958892388118505,0.5042348306315132,1.0220550693499855,1.038693638149055
1.0,13,0.001,0.6586960882647944,0.6626520438683948,0.5118449538509648,0.5078525539499676,0.4962148135096141,0.4923443289860801,0.9694631348345737,0.9804112348014874
1.0,14,0.001,0.6535050760402873,0.6576418517484748,0.49498590822953403,0.4914799433537865,0.5066741672149354,0.5030854148804337,1.0236133166441201,1.0500649741615062
1.0,15,0.001,0.6643051552993916,0.666053725615606,0.4992133138224967,0.4973026065500429,0.48956475402515615,0.4876909760029107,0.9806724710055085,0.9806170284283945
1.0,16,0.001,0.6581045172719221,0.6509021540418091,0.485793797819739,0.5019182806796847,0.500098528652913,0.5166978145839782,1.029446096054281,1.0309842041640178
1.0,17,0.001,0.6588159639885857,0.6614913014053108,0.5080558670552459,0.5070222875941127,0.49669802346067987,0.49568755018652993,0.9776444987036613,0.9783452470414375
1.0,18,0.001,0.6550677160321202,0.6559333573631303,0.5261481518621223,0.5239050710756329,0.5042289624941948,0.502079327845172,0.9583402710997807,0.9420889667755002
1.0,19,0.001,0.6609397055858036,0.6575679428684785,0.47725717125476447,0.4883340245061393,0.4964807289743682,0.5080037494928991,1.0402792433041137,1.0315859398046385
1.5,0,0.001,0.7081729226820661,0.7055537823172678,0.3301868880169281,0.3345511388362171,0.4937696064613466,0.5002960146493921,1.4954246348995903,0.9818497519290378
1.5,1,0.001,0.7045817369093231,0.7018120590121874,0.3351534496338876,0.3368965268729449,0.4997885754368579,0.5023878925291824,1.4912231277428687,0.9949504016330736
1.5,2,0.001,0.7065069316451639,0.7054947687884354,0.3326860829658083,0.3347404840340201,0.49489571138430105,0.49795178835950127,1.4875756357838503,0.9876138089125184
1.5,3,0.001,0.697462824161289,0.7042034250129735,0.33695427849570714,0.3302678374410066,0.5145974447314362,0.5043858946764631,1.5272025837712944,1.0134726242109142
1.5,4,0.001,0.7049474187380497,0.7042095115681234,0.3345464726485721,0.33314413663770376,0.5008602430491965,0.49876076087657173,1.4971320399343455,0.9942899656920028
1.5,5,0.001,0.7003634620761273,0.6991146897408164,0.34167353376726917,0.3422376726581341,0.5050541845491682,0.5058880820546516,1.478177659769181,0.9894903395248779
1.5,6,0.001,0.7083116571291368,0.7034904641957539,0.3337875407574151,0.3394598882555141,0.4921405423729907,0.5005039227673217,1.4744125597266104,0.9707076743255765
1.5,7,0.001,0.7077671464179465,0.701305420679774,0.33009210608864387,0.3408049224661632,0.4916841153676813,0.5076412423226121,1.4895361212777474,0.9852229346148236
1.5,8,0.001,0.7125220458553791,0.7014210442280058,0.3251268530642731,0.33901856588974527,0.487297379852984,0.5081181616423752,1.4987915493914987,0.9799204460430723
1.5,9,0.001,0.7016581223966677,0.6970278044103547,0.33286961234080753,0.33892442926250493,0.5058239729803439,0.5150247874658245,1.5195859106011083,1.0160376491045109
1.5,10,0.001,0.705581713549841,0.7079638980557433,0.32850558115538586,0.32872880187860243,0.49487206013581997,0.49520832747951216,1.5064342541618536,1.01555111697634
1.5,11,0.001,0.7086611013003692,0.7010046244618083,0.334075259698033,0.34520118393639593,0.48573154963871956,0.5019081812945562,1.4539584585753733,0.9769887102139911
1.5,12,0.001,0.7041156394298334,0.7058776648734808,0.3369093787428073,0.33691936586041754,0.4960797563201119,0.4960944617785617,1.4724427030534328,0.982668399218134
1.5,13,0.001,0.7075048107761386,0.7009498722860792,0.3293162005526851,0.33842828295607164,0.4947010337447527,0.5083892658358475,1.502206793697077,0.9927555315585809
1.5,14,0.001,0.7107784431137725,0.7025250501002004,0.32581909805992537,0.3345423879341737,0.4917737984915404,0.5049402624046315,1.5093461415238842,0.9943144817397558
1.5,15,0.001,0.70132760950791,0.7067868931648016,0.3355748126421364,0.325566651047781,0.5097469241901257,0.4945442647612105,1.5190261753456742,1.0150698326168288
1.5,16,0.001,0.7083082842371047,0.704099964070422,0.31969364093002123,0.3260645674262696,0.49746269761607925,0.5073762456989178,1.5560606591013504,1.0360998224989797
1.5,17,0.001,0.6980905967883678,0.7053192341584555,0.34353109365690637,0.333901018344251,0.5133814054215995,0.49898998150215523,1.494424856733135,0.9798200819548093
1.5,18,0.001,0.7055190117118563,0.7052417424605074,0.3262727769842171,0.3282988720412296,0.49880634359337883,0.5019038409589341,1.5288016003171105,1.0247336899908248
1.5,19,0.001,0.7043137568464398,0.7040461039740665,0.3339609093530271,0.3337374471455238,0.4974899861237557,0.4971571022220878,1.4896653236677575,1.0096792226880695
2.0,0,0.001,0.7582496413199427,0.7588325036132969,0.25296417929416387,0.25094046036262657,0.49757143494731865,0.49359085265497704,1.9669640038983893,0.9814980862382192
2.0,1,0.001,0.7621001473927419,0.7600112463348998,0.24832580234769125,0.24861528553365173,0.49491314843082673,0.495490088215686,1.9929992926706759,0.9871928106003267
2.0,2,0.001,0.757010847730012,0.7554759060135404,0.2510969511155824,0.25523814262436306,0.5008361348889057,0.5090961250635285,1.9945926569947312,0.9901844814447563
2.0,3,0.001,0.7587397150311057,0.7569862467610126,0.24790337389795522,0.25141067718121207,0.4946187449314665,0.5016165437947148,1.9952077987251076,1.0082666507008426
2.0,4,0.001,0.7604723529881113,0.7594449346274164,0.24844064579180614,0.24824993317486765,0.49763077583469056,0.49724877526781036,2.003016753754965,0.9988414926863287
2.0,5,0.001,0.7588357588357588,0.7572834960781175,0.2494786244979992,0.25091243369761335,0.5007078922737177,0.5035855720096312,2.0070172075112325,0.9996934224361995
2.0,6,0.001,0.7560751398880895,0.7564051240992794,0.25093287522881746,0.2503529747876775,0.5010845020088357,0.4999265065748043,1.996886623771051,1.0150784698645756
2.0,7,0.001,0.7585487237116713,0.7607239674693032,0.25161627183067026,0.25081778424086787,0.49712048566643074,0.49554290669845236,1.975708812667636,0.9764585813020478
2.0,8,0.001,0.7561882672851602,0.7588124674908975,0.25210904341584156,0.24908237568350747,0.5040378314923075,0.4979866600635338,1.9992850104187725,1.0022002756575934
2.0,9,0.001,0.7528880361354279,0.7575551374934956,0.2580037180061044,0.2532739131080956,0.5079087867176083,0.49859764389484557,1.968610338807564,0.9791856821684727
2.0,10,0.001,0.7603017293263251,0.7593013518363441,0.24496891943217888,0.2476305192968384,0.49902101781525704,0.5044429067494043,2.0370789036092964,1.0182595662167424
2.0,11,0.001,0.7563907972519572,0.7557282486780964,0.25169615481023433,0.25179248311251295,0.5048358518065794,0.5050290608787267,2.0057352572080376,1.0050139700279448
2.0,12,0.001,0.7579533616475679,0.7570880920054309,0.2523974598513069,0.2545377406644555,0.494056008179891,0.49824550594881123,1.9574523787638378,0.9782285828234809
2.0,13,0.001,0.7588609634283873,0.7598919434292071,0.24966071886678676,0.25177876003835975,0.4983423892378643,0.5025701656487342,1.9960784840316363,0.9820535366282201
2.0,14,0.001,0.7584841628959276,0.7571292775665399,0.2455934542436507,0.25183275564593816,0.49543037722993943,0.5080167853526896,2.017278427699576,1.0162891881962763
2.0,15,0.001,0.7575369339792609,0.7592614794389162,0.2489236815117646,0.24755779976357653,0.506734388534457,0.5039538605900085,2.0357018081082323,1.0133933621440123
2.0,16,0.001,0.7620374054914445,0.7593888218737435,0.24772036177948656,0.24777137684087988,0.49226490682192015,0.4923662829230323,1.9871798316689042,0.9984658048102922
2.0,17,0.001,0.7589846092344593,0.7596958174904943,0.2503590079544437,0.24926178894143164,0.49819820694965944,0.4960148121943441,1.9899352175109815,0.9919222112981477
2.0,18,0.001,0.7562278289290127,0.757095259122476,0.25073354650953467,0.24802135518842824,0.5041067243241079,0.4986537887211281,2.0105276351799946,1.022071696573748
2.0,19,0.001,0.7546944145437149,0.7567122847854878,0.25674472194365605,0.2530880774346556,0.504256224622352,0.4970744382123503,1.9640373551009693,0.9819079127329442
