dprime,replicate,mean_conf_R1,mean_conf_R2,m_dist_R1,m_dist_R2,m_dist2_R1,m_dist2_R2,meta_d,M_ratio
0.5,0,0.6296088938654723,0.6315515723773706,0.977354945541136,0.9713973969903585,0.4974943393068239,0.49446182108641795,0.5090211509917456,1.0500585011596273
0.5,1,0.6264583666293752,0.6255806503283677,1.0236758193188198,1.0246365413409475,0.5023762335476234,0.5028477147547149,0.4907571557975429,0.9721607678693747
0.5,2,0.6294684238100996,0.6280223925040695,1.0316554433936744,1.0467776200128882,0.49510803481075744,0.5023654105130277,0.4799160785524269,0.9231687169169162
0.5,3,0.6288750751955083,0.6276481149012567,1.01297766668255,1.0203037762272789,0.4977035897982848,0.5013031074772957,0.49132730776606215,0.9647771477803251
0.5,4,0.6307521421770866,0.625242013552759,1.0262181865735416,1.0297941716279007,0.49856112101577893,0.5002984193220871,0.48582370448962087,0.9718955429092204
0.5,5,0.6305410821643287,0.6287025948103793,0.9226016425672582,0.9308819682642581,0.4964303070381029,0.5008857561056971,0.5380765480285961,1.0841130238474952
0.5,6,0.6308743606138107,0.6271220371556694,0.9599075263099995,0.9691623991257575,0.4969734080959466,0.5017649380701125,0.517730504735568,1.0123040543330235
0.5,7,0.6266084098288371,0.6273500179619207,0.9946576553562617,0.9956971680494624,0.5013193367416618,0.5018432635531468,0.5040119422416768,1.0031450488643707
0.5,8,0.6284881632001278,0.6359264157749188,0.9719356031784697,0.9476757324696035,0.501018818548082,0.4885132042656782,0.5154856112993768,1.0000104888342731
0.5,9,0.6275660995287163,0.6281147343962824,1.0171872783666573,1.0130870189883163,0.501780717206942,0.49975805025528464,0.4933021950615362,0.9316647018499931
0.5,10,0.6329619424144404,0.6245843182819825,0.9155217141042021,0.9358959762666756,0.49448302137406097,0.5054873772043591,0.5401106426600607,1.08662783527398
0.5,11,0.6266784594355552,0.6297460797580196,0.9111934145830474,0.9103832751842091,0.5020324088829521,0.5015860533371146,0.5509614104406987,1.0655977988842773
0.5,12,0.6299678197908286,0.6286396181384248,0.9523677907703904,0.9643781959999488,0.4955976217091341,0.5018476527635413,0.5203846943503148,1.0372040081334277
0.5,13,0.6272561024091595,0.627706673106335,1.0427808337892954,1.0318911785425802,0.5026802214207807,0.4974307824847743,0.4820574037538864,0.9651851899780449
0.5,14,0.6288795686039544,0.6253554976967755,1.075356520882808,1.0839230804921527,0.49817864353218816,0.5021472594870321,0.4632683522700092,0.9145184658451091
0.5,15,0.6291927459476809,0.6306827245174669,0.9265098394937048,0.9270630673994392,0.49772932501063216,0.49802652396131863,0.5372088927653682,1.1025614657257419
0.5,16,0.6286874477487161,0.6268236807202283,1.0318579430379167,1.0304646030192168,0.5003513051105358,0.4996756699598612,0.48490328391274484,0.9529252984054446
0.5,17,0.6257174744897959,0.6266056518946692,0.9652001104899451,0.9571746777080102,0.5053568310437285,0.5011548969221354,0.5235772619081077,1.0531373311714072
0.5,18,0.6299904183966784,0.6315325424815647,0.9239155506857929,0.9166875401386834,0.49963630219910116,0.49572752887091837,0.5407813536943253,1.050138536385202
0.5,19,0.6282277465918203,0.6286113328012769,1.0115790847142587,1.0145343109167015,0.4977952962698246,0.49924955498792073,0.49209726040395263,1.0194837612635934
1.0,0,0.6561256881102584,0.6599370843786087,0.5239422042459553,0.5212786850664295,0.49881667381258005,0.49628088309558843,0.952045225160788,0.9577345421086206
1.0,1,0.657851701168681,0.651891371495046,0.514656105154807,0.5216631983615513,0.5008821588191392,0.5077017183993862,0.9732366016885692,0.9708571667756242
1.0,2,0.6642073778664008,0.6649147442326981,0.49002345198971275,0.487272319975002,0.4921027737176318,0.48933996779516953,1.0042433106404929,1.0107175255685856
1.0,3,0.6562236074803941,0.6601949472846628,0.501668053849025,0.4999153625040394,0.5003510451629684,0.498602955087104,0.9973747407753952,1.0160617478114518
1.0,4,0.6596440826749661,0.6611195765498437,0.5128877239944768,0.5084962986314264,0.496791663929783,0.49253805556469615,0.9686167960127134,0.97989494171521
1.0,5,0.6619305639173189,0.6617500498305761,0.4797426143728733,0.4825546627423413,0.49528198864335565,0.4981851222547236,1.0323910651356158,1.0395187392352374
1.0,6,0.6610217216411907,0.6591089896579156,0.49093910977248495,0.4981887403368777,0.4957202529281308,0.5030404859783797,1.0097387701661447,0.9938118222363467
1.0,7,0.6630627009646303,0.6567277070063694,0.5108098775127006,0.5247922259273127,0.48819927602360286,0.5015627066729127,0.9557357786439133,0.962213230322769
1.0,8,0.6577846815629107,0.6617924717792151,0.48810369507701723,0.47898794143662304,0.5043771832730948,0.49495750833326874,1.0333402274152212,1.0466785484630106
1.0,9,0.6592595563755966,0.6602975786828353,0.4956171140260359,0.49623612078098583,0.49722969393231947,0.4978507147376858,1.0032536808367736,1.0197224130950195
1.0,10,0.655688622754491,0.656432865731463,0.49595644614034884,0.493349109302316,0.5071728489291502,0.5045065453402886,1.0226157011892678,1.0176953890690945
1.0,11,0.6553512306035343,0.6590188921423128,0.5122154097160428,0.5043355343594874,0.5055546266318535,0.4977772201575005,0.9869961290546062,0.9834680516502842
1.0,12,0.6569746629012371,0.660002413612776,0.5071641123888004,0.49785544915943314,0.5045981589916281,0.49533659214675063,0.9949405856319635,0.9947398218141641
1.0,13,0.659215639145936,0.6574270080281184,0.4998524993610467,0.5042494464735778,0.4977414735889372,0.5021198510860618,0.9957767025776445,1.0015171270791965
1.0,14,0.657849727536693,0.6641860090912748,0.5028880386746496,0.4882736835560654,0.5042142851000366,0.4895613881296986,1.0026372598339828,0.9963185256347327
1.0,15,0.6541098620744639,0.6579433250381311,0.5098289027237253,0.5009810772119893,0.5082430390689914,0.4994227354274897,0.996889419869565,0.9984092238878425
1.0,16,0.6606633165829146,0.6604179104477612,0.4869663895389259,0.49117458030695915,0.49578707839091213,0.5000714944225201,1.0181135475496326,1.0237256239135823
1.0,17,0.6556501485824432,0.6598135309586421,0.4948149774752081,0.49194837559879034,0.5036965662455161,0.5007785108355686,1.0179493127221537,1.0246223037328928
1.0,18,0.6578163971357309,0.65937475141198,0.49967202730164534,0.5020477041751228,0.49872089254614804,0.5010920472756616,0.9980964818850604,0.999370198680119
1.0,19,0.6576428657242401,0.6588357505293859,0.49035759861442213,0.4896388192539024,0.5009817015320546,0.5002473490756497,1.0216660309693424,1.0475910103413344
1.5,0,0.7052862557350887,0.7075195508321637,0.3305631485659785,0.32684683372297957,0.49971976881758373,0.49410173183356665,1.5117225588678784,1.0131968048088353
1.5,1,0.7022279006627805,0.7063396649835698,0.33855073736841546,0.33226474911378956,0.5063277620840063,0.49692659997108035,1.4955742410125477,0.9816068877887323
1.5,2,0.7016093430188225,0.7045010564924451,0.3368307472129433,0.3353420044722096,0.5013167701830266,0.4991010232282325,1.4883343469415982,0.999999121502876
1.5,3,0.7009905735740534,0.7006889921486941,0.33399733841176077,0.3333932159076789,0.5059838304516235,0.5050686248989957,1.514933720303583,1.0276282287901464
1.5,4,0.7017550873545756,0.7081682474886941,0.3324496390218577,0.3247892767076169,0.5066536304510674,0.49497922951473355,1.524001144780176,1.019986239172707
1.5,5,0.7017108057213831,0.7059222874485843,0.3355066782614461,0.33138649311550034,0.506854822339992,0.5006303986683748,1.5107145555684636,0.9932041398380153
1.5,6,0.7090224660606304,0.7016261137080986,0.3271459513017553,0.336191370583381,0.4895516478527232,0.5030875021013187,1.4964319316951198,1.0113747489204339
1.5,7,0.7100724318700228,0.7018511854783895,0.3302569654259156,0.34055771386649725,0.48791336698639515,0.5031314346739076,1.4773749475871254,0.9807583663784901
1.5,8,0.7049023515344759,0.7063428342031313,0.32948695010997575,0.32561984394425164,0.5033214974321728,0.49741413853552524,1.5275916004083767,1.0193850446968833
1.5,9,0.7051328284649597,0.7055863914067804,0.3354775369536845,0.3359037375080151,0.49688999695757774,0.4975212606602617,1.4811423783231652,0.9809997437491925
1.5,10,0.7104674390731123,0.7042851421706047,0.3282478013759897,0.33538141662232346,0.48944525128727956,0.500082075333602,1.4910846294645768,0.9866282705835587
1.5,11,0.7014943311566043,0.6981908223171852,0.3290564501478186,0.3338902742870341,0.50622764507575,0.5136641059310414,1.5384218873337467,1.040679369054432
1.5,12,0.7019331033929574,0.7018271762546876,0.3343588172923136,0.3360108623538066,0.5043910281576927,0.5068831912592292,1.5085321578845285,1.0022298295817924
1.5,13,0.705137960033639,0.7054616644692157,0.33104163619312543,0.3316953497758724,0.5019873896772221,0.5029786727640669,1.5163874715275063,0.990645802326069
1.5,14,0.7001119731264497,0.6970873009522285,0.3387327754701668,0.3423346936065911,0.5065654857345994,0.5119520545655059,1.4954723086110517,1.0004489354645671
1.5,15,0.7063269876819709,0.7042726836293807,0.3309850184750101,0.3332916389073601,0.4950061792541634,0.4984558561382347,1.4955546372910444,1.006922147472566
1.5,16,0.7028266156360882,0.710398523096681,0.33718289389053957,0.3263724852241341,0.5039225791190647,0.487766335385435,1.494508138608758,0.9938734464124643
1.5,17,0.7104144953098693,0.7026822064341023,0.3293017507149134,0.33950048489437096,0.48795525598031075,0.5030676139814703,1.481787615525763,0.9789162355483325
1.5,18,0.7033176863712308,0.7029201190571958,0.3349283184006037,0.3319450738299472,0.5040078392537741,0.4995185841880865,1.5048230070857622,1.0106017760753954
1.5,19,0.7040467082746125,0.7037949533081661,0.34059102566030197,0.3442458246825979,0.49340901259521186,0.49870366407150635,1.4486847139869363,0.9636977205133532
2.0,0,0.7534235637002435,0.7593876487797059,0.2564455299844201,0.2496308714680115,0.5069177866091875,0.4934472004311201,1.9767074381837906,0.9916946612950482
2.0,1,0.7598892722458477,0.75576294169259,0.2484950232759681,0.25383559119213506,0.4999472612424235,0.5106919524960654,2.011900498655875,0.9922162354187094
2.0,2,0.7604740244194398,0.7614483920121903,0.24711012741190402,0.2449096610845696,0.502538716085277,0.49806370919458715,2.033662971844141,1.0094423242584452
2.0,3,0.7587155963302752,0.7545126353790613,0.2505689636978555,0.2535607043964349,0.49823072519522543,0.5041794952098817,1.9883975965834655,0.9977977793971018
2.0,4,0.7574040586698815,0.7575552458690026,0.24822414071025858,0.25002815968009884,0.49778169358662144,0.5013994223679558,2.0053718069575703,1.0165711719475239
2.0,5,0.7636203866432337,0.7603348822304118,0.24493926825189438,0.2477273061009262,0.4877424811098622,0.49329424301239433,1.9912792448137393,0.9990908621713382
2.0,6,0.7569925173062303,0.75908672877764,0.25013145868521797,0.2480529358829596,0.5065071731926292,0.5022982395602019,2.024963896404776,1.0093834423714325
2.0,7,0.7587451861360719,0.7598117421825143,0.2471083883687623,0.24701849567272963,0.5039030280469707,0.5037197190058281,2.039198391335025,1.0158731414759363
2.0,8,0.759072338380197,0.7563713349844212,0.24909417518765478,0.25250052885750485,0.49599739345775223,0.5027801395423127,1.9912043028870234,0.9987234917585367
2.0,9,0.7551264661294184,0.759003769952675,0.2533490141039451,0.248073333748371,0.5111590389748301,0.5005147832234056,2.0176081631212095,1.0039579142312078
2.0,10,0.75875175035007,0.7506498700259948,0.25308029383070346,0.26164761357206834,0.4926479881357414,0.5093251966627808,1.9466074607345576,0.9704857207157574
2.0,11,0.7605150899015269,0.7554681542721836,0.24926428896376723,0.2527584546088991,0.4937803039495949,0.5007020743382695,1.9809508453951468,0.9947939804547989
2.0,12,0.7590004405109928,0.7563626193615406,0.24565124526215334,0.24943441293861204,0.5034707721018743,0.5112245058516253,2.0495347848311614,1.0268773158903766
2.0,13,0.7575090108129756,0.7615661206552138,0.25102018395577347,0.2474375107159588,0.5033679389401956,0.4961836447682997,2.0052887023175896,0.9942172704105455
2.0,14,0.763257271412502,0.754381073761351,0.24232917393366804,0.25381776637922726,0.48701392729685367,0.5101027879371177,2.009720577144221,1.0129862995179029
2.0,15,0.7546681530437552,0.7579471928625969,0.2563104203603351,0.2506094791990298,0.510907408199336,0.49954363660969636,1.99331501029523,0.9868490081735598
2.0,16,0.7547011952191235,0.7582730923694779,0.25526657112996387,0.2494985510332307,0.5093668456641718,0.49785715918468104,1.9954310641201738,0.9953685059765155
2.0,17,0.7546958228202971,0.7581399065159202,0.2515933260826784,0.24895434522934745,0.5081039842932829,0.5027744443292119,2.0195447637840362,1.0146985201358252
2.0,18,0.7583432895260852,0.756247488951386,0.24901183338749022,0.24904747240666283,0.5026686240559287,0.5027405668888716,2.0186535604262636,1.0181605163166527
2.0,19,0.7570460650282644,0.76210240651315,0.2500268313656855,0.245743296207082,0.5032065900157588,0.4945855027964401,2.012610355725288,1.0065369053754971
