c,replicate,sigma_meta,d_prime,meta_d,M_ratio,m_dist_R1,m_dist_R2,m_dist2_R1,m_dist2_R2,mean_conf_R1,mean_conf_R2
-1.0,0,0.5,2.0209718891266957,1.7328800318170225,0.8574488547516791,0.282039081428512,0.2890127822272244,0.4887398923994836,0.5008244792614388,0.6110386121133031,0.8238444270143077
-1.0,1,0.5,2.0138107763173365,1.7241494639920987,0.856162596937264,0.28469338626699464,0.2861738038636727,0.4908539493343343,0.49340641054013124,0.6095201535508638,0.8259905341446924
-1.0,2,0.5,2.0056767836807707,1.7199506445317794,0.8575412840823567,0.2839234449882556,0.28766431888001354,0.4883343122052335,0.4947684306664746,0.6104275607505383,0.8253594983241431
-1.0,3,0.5,1.9636962980786985,1.7268462113765017,0.8793855817042924,0.2792307174178543,0.2880550307971252,0.4821885064729643,0.4974267385999572,0.6126320660137271,0.8253449626009235
-1.0,4,0.5,2.0033352739121995,1.6924505258821434,0.8448164158648558,0.29053736126961965,0.28430675602318295,0.491720109869178,0.4811751187432822,0.6089184641272755,0.8280073660835184
-1.0,5,0.5,2.028970961287922,1.718679584078817,0.8470695820051843,0.2782285409684287,0.2861041874544215,0.4781857130704751,0.491721425897373,0.6195360943121795,0.8259198094052035
-1.0,6,0.5,1.9736091908475752,1.7062337773718366,0.8645246410912217,0.2840589337913024,0.29019968154311027,0.48467094759895035,0.4951484988314051,0.6128342245989304,0.8238417772961257
-1.0,7,0.5,1.9880571817384098,1.7286607172425337,0.8695226340174718,0.275828781099733,0.2850958477524654,0.47681437857199827,0.49283399265864497,0.6178348849734554,0.8268248520390239
-1.0,8,0.5,2.0172622081946248,1.7033069837199712,0.8443656837473638,0.28265218636665934,0.286807403280142,0.4814434430020497,0.488521052989656,0.6157813702848345,0.8265063496352337
-1.0,9,0.5,1.9940403849279547,1.716068616190028,0.8605987266662255,0.2808923043648069,0.284500614915617,0.4820304680497423,0.48822257654345497,0.6147239263803681,0.8273268398268399
-1.0,10,0.5,1.9807410922894826,1.703537705823522,0.8600506711629085,0.2850892649811793,0.28156834375227835,0.48566031242095237,0.47966229034828506,0.6132298089365913,0.8290697989854325
-1.0,11,0.5,1.9930770556218411,1.7318117232078596,0.868913581802051,0.2823459987863583,0.28533002005238733,0.48897011069904744,0.49413787370985807,0.6100061199510404,0.8260669410745234
-1.0,12,0.5,2.004800988014463,1.7313935878969267,0.8636236705029178,0.2850408692284568,0.28568078783851997,0.49351793327071647,0.49462588424895576,0.6090853843816469,0.8252253230535346
-1.0,13,0.5,1.9940453557786673,1.7008018553336135,0.8529404059966613,0.2791376871056894,0.290257100292629,0.47475789612289027,0.49366981470145815,0.6213518250400061,0.8236841391653335
-1.0,14,0.5,2.0056889260971067,1.6885763785570196,0.8418934544564893,0.2819252409174921,0.28964367160609455,0.4760523023322741,0.48908546207257775,0.6193886193886194,0.8253046227001324
-1.0,15,0.5,2.005157216144138,1.6961128691839082,0.8458752538344531,0.28347552428029127,0.2908576300116317,0.4808064848304575,0.4933273693630602,0.6175146845678542,0.8235070884497574
-1.0,16,0.5,1.9847738242884607,1.6980772274111726,0.8555520062946878,0.2906094666878365,0.2853513563936295,0.49347731745272094,0.48454864010291177,0.6079981753212195,0.8267430184275518
-1.0,17,0.5,2.0241803871847037,1.7091484565463104,0.8443656836945496,0.2865318394839905,0.29088488480823355,0.4897254512054376,0.49716545190264366,0.6110257985257985,0.8234800951968845
-1.0,18,0.5,1.9931991664296778,1.725904880181898,0.8658968502748416,0.27879527074136035,0.28415769038072985,0.48117411834414736,0.4904291445693184,0.6169905860917096,0.826382100575649
-1.0,19,0.5,2.0020304742362907,1.7126142265784166,0.8554386402293517,0.2889960681617204,0.2879803557630055,0.49493877775898815,0.49319925425483696,0.6077700904736562,0.8244904605530979
-0.9,0,0.5,1.9844712963813,1.699849563067193,0.8565755353412684,0.28636350971142427,0.2872422196141355,0.48677488686135245,0.48826856150553893,0.6273091241132261,0.8186952996113301
-0.9,1,0.5,1.986240153508643,1.6958514460249465,0.853799800104367,0.292741072132226,0.2862822525331769,0.49644537048632864,0.4854921719296669,0.6215516034168884,0.819194803740411
-0.9,2,0.5,1.9900562654244496,1.6650283051738237,0.8366739846014846,0.29217090193591805,0.28771471317595126,0.48647282167146905,0.4790531412529269,0.6288688604764899,0.8192619161039034
-0.9,3,0.5,2.0030087584907226,1.698256318915485,0.8478526675016288,0.29238281892039575,0.2827962981352088,0.49654096977388407,0.4802606002740257,0.6217903746316823,0.8215744418955967
-0.9,4,0.5,2.014333356895585,1.661714126378037,0.8249449480095036,0.2875386601665503,0.28558589368204773,0.47780705347857033,0.4745621138257549,0.635133239831697,0.8211247901510912
-0.9,5,0.5,1.9761115620449972,1.7044108997772753,0.8625074274720856,0.28607239422317526,0.28447704009392044,0.48758490683936156,0.48486576787245494,0.62697967764541,0.820123145815841
-0.9,6,0.5,1.9908088637135013,1.6775691002805522,0.8426570379797005,0.2972181522180477,0.2890575095471682,0.4986039882034785,0.48491394622038003,0.6202336808227804,0.8180188758506736
-0.9,7,0.5,1.9964963760299168,1.6939203030755532,0.848446470232997,0.2858193592640416,0.28684547437217706,0.4841552156694058,0.485893372884369,0.6288258994839896,0.8197361448135442
-0.9,8,0.5,2.0138887545882085,1.7050264778214106,0.8466338937227181,0.2923918377324673,0.28329754318889583,0.4985358252327181,0.483029812238822,0.6199704037770418,0.8213856851629479
-0.9,9,0.5,1.9984656199493807,1.70297013068264,0.8521388177424711,0.2908144498398291,0.2883544656039868,0.4952483216481338,0.4910590419725442,0.6225026288117771,0.8176857422694837
-0.9,10,0.5,1.96699069136296,1.6763526072725998,0.852242267659654,0.29096278032901407,0.2864522450085548,0.48775621542382747,0.48019496777918047,0.6236864527122976,0.8210546831495712
-0.9,11,0.5,2.0288291542772847,1.6691462182137529,0.8227140341978874,0.29543403147943487,0.2918280998640735,0.49312259637554157,0.4871037692566237,0.6238350748376165,0.8173624288425048
-0.9,12,0.5,1.999773649534885,1.6975600890653788,0.8488761162845624,0.2909673568627722,0.2914895599785318,0.49393457223108544,0.4948210433987846,0.6234576556365676,0.8158439668681442
-0.9,13,0.5,1.996919445899744,1.6817562711360508,0.8421753188838865,0.2847078889883186,0.2810411593049363,0.4788092777480114,0.47264273210842245,0.6357648037720149,0.8223340266456799
-0.9,14,0.5,2.0073431232578858,1.7012046513101369,0.8474907112786523,0.284263975019719,0.29042526287833464,0.4835911965034545,0.49407280806659215,0.6297839288236124,0.8170377811261789
-0.9,15,0.5,1.9929334309153934,1.6956607202866858,0.8508366079783385,0.2880888261468659,0.286649680386772,0.48850090645074035,0.48606060351458213,0.6254768969902501,0.8197567371533784
-0.9,16,0.5,2.0240683469586322,1.686525465578838,0.8332354330391132,0.2881927243416455,0.2901177732777329,0.4860443685967274,0.4892910126499243,0.628992455756892,0.8176843398386241
-0.9,17,0.5,1.9764258147975968,1.7163147035369142,0.8683931826263257,0.27908359105750435,0.2826972529353327,0.47899527084787796,0.48519745186240565,0.6324582338902148,0.8209990490574481
-0.9,18,0.5,2.003635184726302,1.668319291683915,0.8326462344050963,0.2902039120679788,0.28509938876926993,0.4841527850251515,0.47563681033106553,0.6282759597676725,0.8220277576500753
-0.9,19,0.5,2.011238749126834,1.6779717756211403,0.8342976567797437,0.291218368599791,0.2870047498161141,0.48865620305288304,0.4815858696606462,0.6267323250087935,0.8198407153835406
-0.8,0,0.5,1.9964859746818944,1.695193615139643,0.849088667106586,0.2951043755939069,0.2849260739402683,0.5002590533065621,0.48300486133034864,0.6342079689018465,0.8131346738029799
-0.8,1,0.5,1.9951698702796925,1.7048952154164005,0.8545113079406117,0.2857487463381542,0.2860217259440988,0.48717167044315385,0.487637072067235,0.6422018348623854,0.8123935202564176
-0.8,2,0.5,1.9692504136764633,1.6790932513292045,0.8526560358539907,0.2931980141232207,0.2877339523810928,0.4923068068174247,0.4831321376213716,0.6388440946913501,0.8113169261095168
-0.8,3,0.5,2.0182977903603683,1.6860363717816529,0.8353754237032633,0.2879172082843316,0.28822335712452135,0.4854388852292169,0.48595506330895555,0.6443375998960431,0.8116963795544512
-0.8,4,0.5,1.9867048674086099,1.6652915125099168,0.8382178650833358,0.30737981980789475,0.28712030244671444,0.5118770050429148,0.47813900273379384,0.6252186872286658,0.812856192322157
-0.8,5,0.5,1.985254755583016,1.6764633122623973,0.8444575224150842,0.2925743896207867,0.2879770300156248,0.4904902303068132,0.4827829255954822,0.6380191274728154,0.8128058962399954
-0.8,6,0.5,1.988905707420533,1.674329605294126,0.8418345822264297,0.29379920362889733,0.286663073873212,0.49191670464770026,0.479968471330536,0.639137774315024,0.81296606740274
-0.8,7,0.5,2.0034183668629386,1.6691175411011898,0.8331347903707126,0.2951975570396768,0.2952032966014212,0.4927194205451436,0.49272900054832935,0.6388348254833268,0.8074654484473487
-0.8,8,0.5,1.998478323959189,1.7056769969058123,0.8534878644701498,0.2899251238047734,0.28343261944211534,0.49451861449887174,0.4834444991551753,0.6381199351701783,0.8137960954446855
-0.8,9,0.5,1.9980593472883836,1.6856051158532688,0.8436211457586811,0.28585973723680297,0.28082623644625504,0.48184663550282625,0.47336214081962713,0.6464482646772624,0.8164233049009686
-0.8,10,0.5,1.9948141573248457,1.660832859357221,0.832575231762185,0.29852678344653166,0.28839011245731816,0.49580309134621714,0.4789677750828382,0.6351757480726512,0.8129936011990546
-0.8,11,0.5,2.0090457837799267,1.6718242809982484,0.8321484231448366,0.292104406244523,0.28623101058867856,0.4883472389461699,0.47852795347681953,0.6430834896203842,0.8131279497350667
-0.8,12,0.5,2.0108662209967028,1.6538468587169026,0.82245494078525,0.29748054262444645,0.29281617382851693,0.4919872609488404,0.4842731092677952,0.6395295952179846,0.8099049380219018
-0.8,13,0.5,2.013267651405677,1.6841805984106581,0.8365408331250701,0.2899241260003589,0.2985839772792385,0.48828458802097147,0.5028693415299823,0.6412737853920094,0.8053418618722448
-0.8,14,0.5,1.9772764462005863,1.704847042317155,0.8622198709710445,0.2873994233352712,0.2848894075582778,0.48997205683679296,0.4856928638632164,0.639966218410966,0.8128991244545901
-0.8,15,0.5,2.0230630132269947,1.6569145569794046,0.8190128266625045,0.29156261090857316,0.29216624618350534,0.48309433428533705,0.4840945063594784,0.6448573671813661,0.8109229173867957
-0.8,16,0.5,1.9846361002222015,1.6564133433841757,0.8346181666244619,0.2977440843354152,0.2900345384985988,0.4931872742068851,0.48041707961135044,0.6365415986949429,0.8119105984138428
-0.8,17,0.5,2.006901728872823,1.704927244192916,0.8495320023220514,0.28721178152356974,0.2826667505465506,0.4896751911727176,0.48192624403429696,0.6429537985694954,0.8138395058147966
-0.8,18,0.5,2.010472410628509,1.6663816833030745,0.8288508086425987,0.2889061040831763,0.29357948623505303,0.4814278400386565,0.4892154784556194,0.6451190787751897,0.8095114644544302
-0.8,19,0.5,1.9908703038795976,1.665288398303809,0.8364625234796415,0.3006181298346071,0.2927872160043333,0.5006158839333593,0.4875751539836875,0.6319430846550487,0.8097407653046512
-0.7,0,0.5,2.0369821872377365,1.6391547758278493,0.8046976483631584,0.3007606333233558,0.28744820448019465,0.4929932284929872,0.47117209717685127,0.6538647051730375,0.8074459807266415
-0.7,1,0.5,1.9991212457151282,1.6261719084129187,0.8134433626266637,0.3042841952720302,0.28931679055166876,0.49481841052540654,0.4704788374273079,0.6498575671252803,0.806841586818304
-0.7,2,0.5,1.9969656143705172,1.6848844779765364,0.8437223284426182,0.28545222406889015,0.287223130601791,0.48095402153755323,0.48393779446678514,0.6591338246939148,0.8060625911919721
-0.7,3,0.5,2.023276217143984,1.6320232955876497,0.8066240692985462,0.2977783384184357,0.29167201497699463,0.4859811852202699,0.47601552311344514,0.6581103880453121,0.8046341755478386
-0.7,4,0.5,1.9975742060646113,1.6388764339575954,0.8204333180624711,0.30444415692625854,0.2889824647779517,0.4989463542425332,0.47360655135156593,0.6476564862413063,0.8062453309427761
-0.7,5,0.5,2.015538723409634,1.6482985762083002,0.8177955387629154,0.29676021842510486,0.28586894146745745,0.4891494455053645,0.47119736920298405,0.6561034275405893,0.807611627210069
-0.7,6,0.5,2.006017249998745,1.673251441242757,0.8341161778363589,0.2906520860182408,0.2922171311509541,0.48633402183023516,0.48895273585415766,0.6569232631324134,0.8025749790894969
-0.7,7,0.5,1.9832632940440726,1.6647163374272125,0.8393824170630865,0.28891221830004427,0.2928367463476975,0.48095688988642094,0.4874901158440407,0.6593685738478288,0.8022171756409491
-0.7,8,0.5,1.9784531095848952,1.6451745297310567,0.8315458788286549,0.29551849458081797,0.29618260438788163,0.48617950034882707,0.4872720768883528,0.6544095301768674,0.8012638984111843
-0.7,9,0.5,1.9946001116693188,1.6506671783997562,0.8275679765295317,0.29831236973298697,0.28976245310097176,0.4924144376288945,0.47830137086637275,0.6538392267515158,0.8043667336472423
-0.7,10,0.5,1.977794647042964,1.6492487818309889,0.8338827209876466,0.30001364223562443,0.2903819565651428,0.49479713398978176,0.4789120881307609,0.6505188223938224,0.8043022977501196
-0.7,11,0.5,2.005767898809905,1.6386986613040024,0.8169931637036878,0.29570577534234666,0.2895105305732012,0.4845726581933656,0.4744205188837163,0.6569258809234508,0.8064102564102564
-0.7,12,0.5,1.9965845810037222,1.6056409599845427,0.8041938093989264,0.303292425016384,0.28935107755750816,0.48697874045934675,0.46459394194199927,0.6554657335907336,0.8073240785064624
-0.7,13,0.5,2.032204481498084,1.6338364321870829,0.8039724580189216,0.3063490962339845,0.2883345945042904,0.5005243143946705,0.47109156516099904,0.6495428296438883,0.8067773250239694
-0.7,14,0.5,1.9960705948336304,1.6706745673894874,0.8369817038102982,0.29269058872477555,0.29240277792373015,0.48899072269673877,0.48850988451121224,0.6548079246194733,0.8022664753019974
-0.7,15,0.5,1.997514024491189,1.6106824573257823,0.8063435037639141,0.29469689771990976,0.2918005054919992,0.474663123385789,0.4699979552347587,0.6630513814832768,0.8058275614998806
-0.7,16,0.5,2.0094171295125225,1.6473116558552585,0.8197957664742763,0.29982759988479574,0.2847583479304269,0.49390950003733075,0.46908574564787936,0.6535116655670845,0.8080835358718157
-0.7,17,0.5,2.001780815156811,1.6191738265194977,0.8088666922270701,0.29678076733685743,0.29134478426150473,0.4805396506862122,0.47173784916919814,0.6601871415635375,0.8054134888589801
-0.7,18,0.5,2.01762354406847,1.6286042034625947,0.8071893333374615,0.29602732357343203,0.29051269734032636,0.48211134351147306,0.47313020004771206,0.6604852790655669,0.8054565601509389
-0.7,19,0.5,1.9968230771505988,1.645592701902928,0.8241054106060988,0.3023738231571643,0.2884369974422666,0.49758415663391614,0.4746498179497874,0.6491567430333072,0.8062288908150761
-0.6,0,0.5,2.0031231272337555,1.6486407202319318,0.8230351383884466,0.29477645880543357,0.2909238207811422,0.48598047335240835,0.4796288574252477,0.6719389758259017,0.796649156072239
-0.6,1,0.5,2.016961285280728,1.5895079666518035,0.788070637870756,0.3091458143565241,0.2941415759544405,0.4913897347767545,0.4675403783030998,0.6664602218343562,0.7981326964235863
-0.6,2,0.5,2.002285840421694,1.5832584178541658,0.7907254728029848,0.31491137651033624,0.29496333704361644,0.4985860877380325,0.46700318633266125,0.6610885733603786,0.7977179709785439
-0.6,3,0.5,2.020403491505472,1.629418655578035,0.8064818054555525,0.29643236415271135,0.28853282539654196,0.4830124242675294,0.4701407684477653,0.6716824711827835,0.8009200654543209
-0.6,4,0.5,1.9992538096801167,1.6129234956707168,0.806762747111527,0.30584467510183805,0.29310460630208557,0.4933040624975312,0.47275530619394907,0.6653527788726843,0.7973077758134053
-0.6,5,0.5,1.9955603850547872,1.635008692254038,0.8193230856349906,0.29843745846769254,0.2878034436861344,0.4879478386888808,0.4705611320874753,0.6688121047877146,0.800142467789891
-0.6,6,0.5,2.0068505840303885,1.605634495339927,0.8000767511626635,0.30235645290665547,0.29035763973485995,0.48547395067554816,0.4662082423437742,0.6705293356584351,0.7996772491698476
-0.6,7,0.5,2.005148973128514,1.6215392515685847,0.8086876702425726,0.2991721402802311,0.29456157738884026,0.48511936844017756,0.4776431597399618,0.6711466006860485,0.7957910419964614
-0.6,8,0.5,1.9957053912110883,1.636995943330608,0.8202593181036614,0.29872474723341763,0.2868132387782392,0.4890111993935659,0.46951210837349067,0.6700944503437098,0.7996698539259351
-0.6,9,0.5,1.9926237624330594,1.662015706557104,0.8340840543463799,0.2921706280729933,0.28314784835474166,0.4855921728519689,0.47059617124342973,0.6710444732540443,0.8019157444434112
-0.6,10,0.5,2.001349317321473,1.641338195992531,0.8201157997691445,0.2969503079188896,0.29021740266436846,0.48739588269901685,0.4763449081347725,0.6703709939944996,0.7975950035733151
-0.6,11,0.5,2.0136220283740527,1.6648992537370046,0.8268181566733095,0.2971714868947557,0.28585105013948275,0.49476058676299484,0.4759132000571639,0.6674683969124063,0.7993898262872797
-0.6,12,0.5,2.0112130221556903,1.6543227116283814,0.8225497216874714,0.2925949601721199,0.291811506762762,0.4840464879207396,0.4827504031521362,0.6734854004371462,0.7958142861585347
-0.6,13,0.5,1.9913612593277539,1.604812942106249,0.8058873971707191,0.3108339096787932,0.28764825707549774,0.49883028109801214,0.46162164572906417,0.6627764127764127,0.8006045120279197
-0.6,14,0.5,1.986067701042255,1.6350429739950838,0.8232564142385683,0.2922823599676341,0.29810905930346593,0.477894219087782,0.4874211228984157,0.6726350002851115,0.7937652096232634
-0.6,15,0.5,1.9967237731855376,1.5983150017468075,0.8004687594803783,0.3034620133452013,0.29535892115456963,0.4850278883899251,0.4720765945811012,0.6691937765205092,0.796968290796597
-0.6,16,0.5,1.9696248147534208,1.6038824627710748,0.8143086189599344,0.3057115643611179,0.2949244841329674,0.4903254167451077,0.4730242079426725,0.6652377460657679,0.7962257134888909
-0.6,17,0.5,2.0269422204344356,1.6154440604661242,0.7969857473884407,0.30158339077789653,0.2888656933407131,0.487191097367387,0.46664636857968383,0.6712926692781197,0.8000311235605353
-0.6,18,0.5,1.9850118795538483,1.643161948663763,0.8277844407828332,0.29434008380516424,0.29174980241999193,0.483648425675149,0.47939217386670174,0.671125409188396,0.79672882721021
-0.6,19,0.5,2.003354562385044,1.6316062681591383,0.8144370940592113,0.3000707998568614,0.29538814156496723,0.48959739793798135,0.48195714331727946,0.6668367346938775,0.7955191594561186
-0.5,0,0.5,2.0025000943878304,1.6061833031258053,0.8020890024561121,0.30909044910141453,0.2945715487135935,0.4964559185023486,0.4731359031196836,0.6764705882352942,0.7892870955266211
-0.5,1,0.5,1.9953124682711558,1.5768132743679804,0.7902588188276168,0.3064459860686316,0.30018496231917086,0.48320809870980347,0.4733356333505206,0.6832304689560584,0.7869084817833328
-0.5,2,0.5,2.008649478379721,1.5633756519114694,0.7783217872202212,0.3118640919354979,0.29908362470689664,0.4875607280374375,0.4675800567521898,0.6815821224361328,0.7881824352716812
-0.5,3,0.5,1.9882042329624134,1.6285053163529148,0.8190835173539747,0.3067323763056361,0.2916914331698999,0.49951530551129125,0.475021049651783,0.6749579301640724,0.7895688097082365
-0.5,4,0.5,1.9893404484007715,1.5786826526110227,0.7935708811833208,0.30863174519044057,0.28975010592621214,0.48723158217721396,0.45742346581791743,0.6809619027573143,0.7939734159246354
-0.5,5,0.5,2.0135662981549625,1.5770016969314025,0.7831883650299543,0.30637104524750475,0.2951931837930553,0.4831476582459625,0.46552015176423156,0.6827509411951853,0.7915288526380013
-0.5,6,0.5,1.9873701809783155,1.5975611379111858,0.803856852237141,0.30463328025806,0.29242141993384935,0.4866702898546835,0.4671610963791251,0.6816101026045778,0.7909017583481207
-0.5,7,0.5,1.9823052330442872,1.5985571363169047,0.8064132151141786,0.3079883721614565,0.29582426082530544,0.492337010221323,0.4728919832379654,0.677541970224897,0.7885890913774228
-0.5,8,0.5,1.9980640798745504,1.613415812831268,0.8074895240259597,0.2956697782921181,0.29081587325803565,0.4770382956728185,0.46920692853684853,0.6867085239970203,0.7926360315323976
-0.5,9,0.5,1.9873950241714997,1.594190230937379,0.8021506603107055,0.3142853329488202,0.2926649900549217,0.5010306075139107,0.4665636680829413,0.6721051797877395,0.7912816715495316
-0.5,10,0.5,1.9768008862344357,1.6303403169925854,0.8247367392161506,0.30243050355540346,0.28748483267228886,0.4930646430347437,0.4686981132294998,0.6783776665788781,0.7924875060454619
-0.5,11,0.5,1.977602751914611,1.5882759227725112,0.8031319339714843,0.3061233695987916,0.2941967007762796,0.48620837733175126,0.4672655364020738,0.6812608535494395,0.7899474142658967
-0.5,12,0.5,1.9799879535095406,1.6438801781383077,0.8302475655089315,0.301037630085448,0.28821266314340527,0.4948697929712002,0.4737870840298971,0.679910318577611,0.7900457480289413
-0.5,13,0.5,1.9872034386729118,1.5921785331261362,0.8012156692871969,0.30565144409476286,0.2983440120136707,0.48665166790668474,0.47501693141489265,0.6807553956834532,0.787464625675328
-0.5,14,0.5,2.0256141567933748,1.5898727089942464,0.7848842799909516,0.308764410378475,0.291919890515641,0.49089610956943724,0.46411546714340596,0.6815852765868451,0.7917989246615275
-0.5,15,0.5,2.001601604507924,1.611277770906211,0.8049942442478852,0.3085820880563799,0.2961285636872312,0.4972114589850679,0.47714537199961987,0.6765355490113588,0.7875677769171185
-0.5,16,0.5,1.9915575002870298,1.6234196978990505,0.8151508041646188,0.30545546077565444,0.2886873505064728,0.4958824118540282,0.46866073134649544,0.6771558085599831,0.7923488462034292
-0.5,17,0.5,1.9931371158809652,1.6283165388915761,0.8169616259300161,0.30465521561198133,0.29342068846837727,0.4960751262405683,0.4777817598860115,0.6774515993265994,0.7884292720702116
-0.5,18,0.5,2.0064773335075965,1.6395168038354901,0.8171120482928111,0.30248185071294137,0.29104595332113714,0.4959240770991255,0.47717473115832404,0.6778445639565538,0.7901334020751434
-0.5,19,0.5,2.029906718963872,1.5939690718450281,0.7852425222074441,0.30538847816084413,0.2948650554058948,0.4867797890862064,0.4700057786848669,0.6838374291115312,0.7899599431451092
-0.3999999999999999,0,0.5,1.996998112087688,1.5663864434681476,0.7843705179223363,0.306349923474718,0.30068190993137944,0.4798623670883027,0.47098406751262334,0.6971439904799682,0.7796661303298471
-0.3999999999999999,1,0.5,1.9721716960772209,1.5631549127657092,0.7926058952549249,0.3040749648519038,0.2988877572440218,0.47531627515731373,0.4672078661015173,0.6987042645087623,0.7807214388585592
-0.3999999999999999,2,0.5,1.9994663600449067,1.551034028956979,0.7757239931369208,0.3120805818222692,0.29836348926865963,0.4840476021830324,0.4627719248540315,0.6948516708623328,0.7819508422716116
-0.3999999999999999,3,0.5,2.0045145842158334,1.6271095616887854,0.8117224860827396,0.3108997826988073,0.29263830532944307,0.505868009156195,0.47615458471793903,0.6866535819430815,0.7805536799459825
-0.3999999999999999,4,0.5,2.0065278831695497,1.5869216171685034,0.7908794243425972,0.30557968763791254,0.29957336034108517,0.48493101208020234,0.4753994414530777,0.6952442414614773,0.7794748124330118
-0.3999999999999999,5,0.5,2.008891084537405,1.548562972385075,0.7708546193989748,0.3117795795939132,0.3027987606122256,0.4828103125049193,0.4689029487681848,0.6937031484257871,0.7805601867289096
-0.3999999999999999,6,0.5,2.021071156160533,1.583969991568419,0.7837279685775718,0.30393746736326416,0.29954555569703095,0.48142782761671615,0.47447117133178346,0.6980298744479182,0.7799926295688298
-0.3999999999999999,7,0.5,2.006287483680934,1.5911701743283895,0.7930918112538243,0.3097585845822584,0.29644974677657754,0.49287862102946733,0.4717019952580938,0.6919206865936668,0.7806970329004912
-0.3999999999999999,8,0.5,1.991442707675429,1.5772556760737702,0.7920165968092895,0.3054488271634586,0.2961356869749432,0.48177089639364107,0.46708169316923437,0.6949220311875249,0.7831421712456655
-0.3999999999999999,9,0.5,1.995647314026638,1.5500388667819178,0.7767098203611883,0.31727392420119266,0.29301681320967055,0.4917869139282688,0.45418744909556663,0.6901165086887836,0.7858727810650887
-0.3999999999999999,10,0.5,2.0251454406744567,1.579134233026106,0.7797633697361457,0.30643876380267077,0.30513754955025496,0.48390794224699857,0.4818531502765073,0.6952618453865337,0.7769282136894825
-0.3999999999999999,11,0.5,2.0031344054080926,1.587289971403765,0.7924031293748315,0.31057803193319766,0.2937390081637762,0.49297739542588287,0.4662489818684506,0.6921300844959717,0.7824517608959655
-0.3999999999999999,12,0.5,1.9968358487518347,1.5966824502181007,0.7996062626861099,0.30428126174747966,0.2973767921212167,0.4858405505624211,0.4748163050821031,0.6942580164056674,0.7804584239585076
-0.3999999999999999,13,0.5,1.9917105358948266,1.5488387250954463,0.7776424822694383,0.3134048473491479,0.295196511335802,0.4854135642069872,0.457211788269967,0.6940456810221499,0.7841165192236537
-0.3999999999999999,14,0.5,1.9983182424879486,1.5955690464245538,0.7984559278396199,0.2999689902447221,0.2970095055782662,0.47862123572170756,0.4738991735945424,0.699106699751861,0.7806030150753769
-0.3999999999999999,15,0.5,2.0053945459785765,1.5512042292119124,0.7735157315165471,0.31211315621758723,0.3012034812738983,0.4841512479173996,0.4672281140054221,0.6952597050263898,0.7798634238234602
-0.3999999999999999,16,0.5,2.0135145641497973,1.5405620632866481,0.7651109610608392,0.30605529279581273,0.30171059308767983,0.4714971733493165,0.4648038938025944,0.7003407496492283,0.7822859805618426
-0.3999999999999999,17,0.5,1.9937559124550415,1.56127523214549,0.7830824337082417,0.30627048965859105,0.3066305073774606,0.47817252984102965,0.47873461658863414,0.696762607871502,0.7762494574833907
-0.3999999999999999,18,0.5,1.984981324029924,1.553465796863791,0.7826097797786495,0.3143082505431958,0.3013328233528284,0.4882671168909497,0.4681102345510176,0.6910335250942273,0.7797627027751709
-0.3999999999999999,19,0.5,2.0280012998288584,1.607874755325059,0.7928371423927324,0.2998275986859994,0.3009396357777268,0.4820852268769512,0.4838732432437249,0.69751049790042,0.7785038005067342
-0.29999999999999993,0,0.5,2.020076052340152,1.5471865273781154,0.765905088368223,0.30646124042403095,0.3077605221892472,0.4741527023476461,0.4761629335900568,0.7108609645817634,0.7694313125695217
-0.29999999999999993,1,0.5,1.9946821162833568,1.5502839266879884,0.7772085155987638,0.3071016649968495,0.30584661240756783,0.476094775103735,0.4741490872474235,0.7086064607403915,0.7700989755165828
-0.29999999999999993,2,0.5,2.003714766266346,1.5680433869939998,0.7825681645875369,0.30800963550746835,0.2991821969456912,0.48297247208791805,0.4691306654270276,0.7077834258266101,0.7726301782400112
-0.29999999999999993,3,0.5,2.004625381136745,1.5881055670873074,0.7922206223822001,0.3025799255161749,0.2996020869644855,0.4805288642011002,0.475799742219275,0.7094245752370224,0.7716247299086917
-0.29999999999999993,4,0.5,1.996709713059929,1.57030547741673,0.7864465561247055,0.3128489112603434,0.2995056721414559,0.4912683589559778,0.4703153974811075,0.7010959032971168,0.773165385016876
-0.29999999999999993,5,0.5,1.9846745987789083,1.5213865330891678,0.7665672418164755,0.3156099650206477,0.3049679125212007,0.4801647504911567,0.46397407513407013,0.706030973658354,0.7715792783036993
-0.29999999999999993,6,0.5,1.9924186925923997,1.5689974319250322,0.7874837943241535,0.30784339724949883,0.2983761971062349,0.4830054997195412,0.4681514870072398,0.7076908743653049,0.7726492131917428
-0.29999999999999993,7,0.5,2.0058076848923774,1.5480114864392247,0.7717646602407369,0.3094035824441279,0.30190631451956657,0.47896029956895564,0.4673544427048223,0.7087801451650667,0.7725606563100017
-0.29999999999999993,8,0.5,2.0148437408140354,1.5857973198569335,0.7870572232148588,0.3079610297283207,0.30006757502556725,0.4883637755635523,0.47584635625151384,0.7079846502381062,0.7696239117408622
-0.29999999999999993,9,0.5,1.9929015386361477,1.524363820928811,0.7648967053194294,0.3142139694463351,0.3090272792083098,0.47897640705442407,0.47107000410521366,0.7063600093874677,0.7690189928558983
-0.29999999999999993,10,0.5,2.01018797685729,1.5712342228366292,0.7816354693818649,0.3037262173255093,0.30551020980549093,0.4772250270345557,0.4800280970723861,0.7102205916937115,0.7688158947771321
-0.29999999999999993,11,0.5,2.0066199014025967,1.520134209170732,0.7575596195912246,0.31948423591396513,0.30127133652218124,0.4856589163035909,0.4579728648899555,0.703231850117096,0.7752879581151833
-0.29999999999999993,12,0.5,1.9878593920982763,1.5501873422504169,0.7798274608417466,0.30897500259833766,0.3036868541173444,0.47896913809973274,0.4707715172605562,0.7091510885273414,0.7698343199411538
-0.29999999999999993,13,0.5,1.9963628397262008,1.5575999308863815,0.7802188559570689,0.31005812305454733,0.29794788115387355,0.4829465110405241,0.4640835990930173,0.7065943823900547,0.7744292556724819
-0.29999999999999993,14,0.5,2.010996872657662,1.5138941521873097,0.7528078102809782,0.3184102052762629,0.30565933605611423,0.48203934776449525,0.46273588141680705,0.7058081987113642,0.7721642992092925
-0.29999999999999993,15,0.5,2.0139621502505194,1.577293245522548,0.7831791899993484,0.30572978467627177,0.30262747820287744,0.4822255243249464,0.4773322772789207,0.7078884237264218,0.7706412442155806
-0.29999999999999993,16,0.5,2.0083183228390924,1.5177402208416537,0.7557269201707403,0.3191062393116671,0.30448239165231816,0.48432037412483925,0.4621251723487843,0.704773459007979,0.7725506668066786
-0.29999999999999993,17,0.5,2.010028485356532,1.563459538092095,0.7778295429553447,0.31053489775053816,0.30282542904109555,0.48550874779853237,0.47345530541113173,0.7055404518608793,0.7709830461173516
-0.29999999999999993,18,0.5,1.989170781462612,1.583616448577242,0.7961188970475571,0.30809860134339634,0.2968839907010119,0.48791001287104474,0.4701503709933754,0.7056000745434216,0.7725679843005326
-0.29999999999999993,19,0.5,2.0048684639743377,1.5617665630819464,0.7789870463551453,0.3143306419305439,0.2999791529189401,0.4909110863192075,0.4684974106504467,0.7023737066342057,0.772947871931846
-0.19999999999999996,0,0.5,1.9882009956894324,1.5150924302896092,0.7620418828752435,0.3159318652678172,0.3009411386789028,0.47866597755454654,0.4559536411751412,0.7179861203200283,0.7669576651934106
-0.19999999999999996,1,0.5,1.990897659104161,1.5062406973660494,0.7565635985748301,0.3136241282682915,0.3037672518807584,0.4723934256736507,0.457546597309842,0.7212188120998013,0.7655638822884299
-0.19999999999999996,2,0.5,1.9958818281929358,1.4714386564213153,0.7372373632729301,0.31483847791862446,0.3153440523206797,0.4632655069383127,0.46400942865719386,0.7241700692348659,0.7605213339158293
-0.19999999999999996,3,0.5,1.9958905019295288,1.5137137405081906,0.7584152232022782,0.3134092691846625,0.30463271412433024,0.47441191716745384,0.4611267251783023,0.7206323971029853,0.7644026904518204
-0.19999999999999996,4,0.5,2.0002868282580737,1.5292447148945623,0.7645127155220469,0.3112522778380824,0.3040703444860013,0.4759809008827814,0.46499796726138637,0.7199964505967434,0.7642838935217218
-0.19999999999999996,5,0.5,1.986558393847873,1.5409446947327787,0.775685577380909,0.30893477011950565,0.3067541643627888,0.4760513950341428,0.4726912021620262,0.7200141944641589,0.7607444638694638
-0.19999999999999996,6,0.5,2.0004599097132703,1.5557538300059903,0.7776980795526063,0.30224931945187467,0.30309949117837687,0.4702255363539581,0.47154819427362665,0.7256086803105152,0.7620755269320844
-0.19999999999999996,7,0.5,1.9644763833587127,1.5577448241189775,0.7929567580016735,0.306801617745252,0.2986825780262726,0.4779186320739953,0.46527123997493885,0.7201745877788555,0.764038362984113
-0.19999999999999996,8,0.5,1.9917070685482163,1.5383543614673079,0.7723798272145694,0.3098504603720287,0.30441496046723265,0.47665980711596356,0.4682980821306654,0.7200318951005582,0.7627433821920805
-0.19999999999999996,9,0.5,2.016959170053937,1.4531274601985575,0.7204545742786148,0.3247363337987428,0.31182209764510777,0.47188328396715806,0.45311725278482207,0.7191577829875703,0.7652319935750009
-0.19999999999999996,10,0.5,2.002632114387275,1.507515067259519,0.7527668494024715,0.31134909644292025,0.3093329490702067,0.4693634540653394,0.466324081523158,0.7230517035133579,0.7618943454008531
-0.19999999999999996,11,0.5,1.9981384703024196,1.5568397274553791,0.7791450645658958,0.30815478235945265,0.2988119147441438,0.47974760738256195,0.4652022599106928,0.7200106039853311,0.7654474366938283
-0.19999999999999996,12,0.5,1.9883784401603402,1.5653352361850572,0.7872421087299813,0.3048759421842927,0.30177943315603933,0.47723305496619167,0.47238598027510154,0.7218420239304163,0.7618734232752001
-0.19999999999999996,13,0.5,2.016553082629005,1.5079151379428792,0.7477686310032522,0.3104862621303663,0.31605597258377865,0.46818693478968026,0.47658558549633945,0.7241394606103619,0.7572115384615384
-0.19999999999999996,14,0.5,1.9924605507223818,1.5099672366132155,0.7578404681918371,0.32212510740424655,0.3037927137235006,0.48639835827092537,0.45871704444430383,0.71332656036044,0.7652863564928183
-0.19999999999999996,15,0.5,1.9967588332353778,1.5296665838597592,0.7660747799879356,0.3106360821408109,0.30679927581665567,0.47516963459191375,0.4693006001691117,0.7220902612826603,0.7606176190126898
-0.19999999999999996,16,0.5,1.98171430221845,1.5261366259040594,0.7701093059658551,0.3051834319489056,0.3067006202349562,0.46575161311632396,0.46806704972805835,0.7251563123586537,0.7618128164960473
-0.19999999999999996,17,0.5,2.0008591896326657,1.5105114836516862,0.7549314271980321,0.31623433467482526,0.3127923577081049,0.47767559405127413,0.4724764483165784,0.7174231983283689,0.7595157596248228
-0.19999999999999996,18,0.5,1.994753057476954,1.541619341130313,0.7728371867143378,0.3093419703788317,0.3056705796996046,0.4768875645593673,0.47122767767942525,0.7203573481933572,0.7614005622695242
-0.19999999999999996,19,0.5,1.9823194564857993,1.5544008203567525,0.7841323532748606,0.30582620674066535,0.3027656645073322,0.475376506644284,0.4706191972860545,0.7203755617852534,0.7631053147818505
-0.09999999999999998,0,0.5,1.9938621795096743,1.511258364354276,0.7579552788979231,0.3191596671199757,0.3036508895430914,0.4823327164995897,0.45889494666561326,0.7253607033188911,0.7575399397567393
-0.09999999999999998,1,0.5,1.9735108035589077,1.4754417911151325,0.7476228599582083,0.32218201216606857,0.31046130709970254,0.4753608050953816,0.45806758701913036,0.7272384147620046,0.7541961384056586
-0.09999999999999998,2,0.5,2.0008393490855614,1.5005773244376803,0.7499739172580174,0.3178101212463759,0.30949402596692066,0.47689866141910153,0.4644197174148878,0.7281835403073037,0.7540483901695562
-0.09999999999999998,3,0.5,2.0099594190641468,1.5372702060190062,0.7648264892505997,0.3154087630825915,0.30428658545179427,0.4848684942041754,0.4677707019062997,0.7272231772252735,0.7542927071780947
-0.09999999999999998,4,0.5,2.0078686301432116,1.4811277047486042,0.7376616589915858,0.32380559388809343,0.30922605982792856,0.47959743606023053,0.45800328424139436,0.727101709794741,0.7552053376279765
-0.09999999999999998,5,0.5,2.000164784473141,1.5010969822302478,0.7504866568409505,0.31397701865847033,0.3063617247668372,0.47130995519788005,0.4598786605183531,0.7315822651817608,0.7562678878076703
-0.09999999999999998,6,0.5,2.0029381572872285,1.5070913160599841,0.7524402641073964,0.3166925853821227,0.3114647759784177,0.4772846452899822,0.46940585913564165,0.7286561015595443,0.7517072984624776
-0.09999999999999998,7,0.5,1.9854081856658656,1.4912618849588881,0.7511109784503831,0.319321347457242,0.30655082354492313,0.47619175451669876,0.45714755895530157,0.7291805740987984,0.7552627535341119
-0.09999999999999998,8,0.5,2.000398264860086,1.5253790592493353,0.7625376836427245,0.3103666432178378,0.3058667683064399,0.4734267782539995,0.4665627632949117,0.7317606492578108,0.7544528776841222
-0.09999999999999998,9,0.5,2.0438762161209265,1.471119946487619,0.719769590195466,0.3243769157860661,0.3127575452131941,0.4771973509930164,0.4601038631776332,0.7297567477507497,0.7540397045244691
-0.09999999999999998,10,0.5,2.011830317197945,1.4858882082452698,0.7385753140030211,0.3153780291432483,0.3120606791514864,0.46861649464358573,0.4636872834082041,0.7322203954302096,0.7539860725293961
-0.09999999999999998,11,0.5,2.006621832513377,1.5278691397406108,0.7614135932264284,0.315665376055923,0.3017324644214832,0.48229538656045945,0.461007720847466,0.7273720021840481,0.7575884845939445
-0.09999999999999998,12,0.5,1.9958532036296297,1.5156723295530847,0.7594107255968049,0.30735991093360104,0.3116065205476676,0.4658569122159597,0.4722933809024145,0.7351752021563343,0.7507236441194394
-0.09999999999999998,13,0.5,2.006832932507282,1.5452544127001808,0.7699965391586346,0.30791710090786756,0.3044858191285452,0.4758102589237292,0.4705080556130136,0.7329818836031965,0.7529790413425802
-0.09999999999999998,14,0.5,2.0106641759492088,1.5168689486520097,0.754411883792536,0.3162491974290742,0.30423437595090247,0.4797085876162816,0.46148367799244566,0.7284406751196574,0.7566266900924299
-0.09999999999999998,15,0.5,2.0029070750892672,1.4711807842543496,0.7345227357533702,0.3200341818515092,0.3190825219944412,0.4708281386445025,0.46942807494963773,0.7299230154389803,0.7493995196156925
-0.09999999999999998,16,0.5,1.9964516000150512,1.5271892553657098,0.7649518051698305,0.3076733369342203,0.30849132088806686,0.46987541432845503,0.4711246306338311,0.7333670203806636,0.752323632485144
-0.09999999999999998,17,0.5,2.0045842060502967,1.5631945668055744,0.7798098788205021,0.3061472598931801,0.30642735194832826,0.4785677333074333,0.4790055716862463,0.7324963381460556,0.7496265083317372
-0.09999999999999998,18,0.5,2.0099249735241687,1.5108213835898805,0.7516804873272617,0.31278721274557514,0.30586385847776215,0.47256560952949217,0.462105657855512,0.7319401227819359,0.7560073232130597
-0.09999999999999998,19,0.5,2.0053527294855886,1.5193402764588013,0.7576424107935072,0.316038485739132,0.3067251621235388,0.4801700002945138,0.4660198926176481,0.7276667367978119,0.7546026300743282
0.0,0,0.5,1.9986913415489662,1.5124297927171044,0.7567100338489414,0.3135556204387622,0.3080025400781653,0.47423086202548015,0.46583221784676115,0.7403984637542007,0.744640857462806
0.0,1,0.5,2.0181183519377432,1.5145888480744445,0.7504955527609056,0.3116564213128166,0.31345860336248277,0.4720313401511827,0.474760904985807,0.7419613182236816,0.7410796339952851
0.0,2,0.5,1.9920947555017468,1.5280514535321603,0.767057615764513,0.3119045104207492,0.30407237432294804,0.47660614051166267,0.46463823356315587,0.7396833013435701,0.7462387964148528
0.0,3,0.5,1.9774948836307495,1.5284134379134053,0.772903864664967,0.3099090840902105,0.3082737842710618,0.4736692086549133,0.47116979443630896,0.7406844106463878,0.7422346592044773
0.0,4,0.5,2.022918380418658,1.558679794476044,0.7705104711903717,0.3005880592632822,0.3095788301237072,0.46852053443444563,0.48253426731135407,0.7460285541926402,0.7408394668788542
0.0,5,0.5,1.9963837571465426,1.50857218540246,0.7556524040040689,0.3102657200279626,0.3115877158268087,0.46805823531805135,0.4700525614094095,0.7429932735426009,0.7424472506393862
0.0,6,0.5,2.019012256117013,1.5163116050442909,0.75101654308948,0.31337279653953576,0.30975009722356783,0.47517080809808143,0.4696776670836933,0.7399212977834886,0.7444612687280842
0.0,7,0.5,2.002689713174963,1.4893347032304884,0.743667225847669,0.31570068821976827,0.3166784248461425,0.47018399079944956,0.4716401678877282,0.7406352771316275,0.740724487353387
0.0,8,0.5,1.9952718756197072,1.501638809099064,0.7525985944309836,0.31314456117516654,0.3126799498156646,0.47023002591892604,0.46953234747034966,0.7410201870209094,0.7425347845154089
0.0,9,0.5,1.9945686094432369,1.502552961864982,0.7533222746769308,0.31503061047137376,0.3106859042771465,0.47335017684189606,0.4668220256813267,0.7397413827615197,0.7436553295232005
0.0,10,0.5,2.007135515895696,1.539398552475472,0.7669629381195552,0.3049834695858483,0.3087154139560127,0.4694911116094021,0.47523606137075214,0.7445667400440265,0.7420347791325205
0.0,11,0.5,2.0008203348756335,1.5124192792800368,0.7558995942402021,0.31240810386306134,0.3102011102480467,0.4724920392858141,0.469154139593218,0.7424640101805456,0.7418524181218314
0.0,12,0.5,2.001203268358738,1.49778679554792,0.7484431088183816,0.3112329517617728,0.3110170440980898,0.46616060548818605,0.46583722184046406,0.7443456061270892,0.7434118166138542
0.0,13,0.5,2.00763878345604,1.4856129231572164,0.7399801873720606,0.32025378837515056,0.3082272574598164,0.47577316670018,0.4579063969516098,0.7381751358261426,0.7475568727971804
0.0,14,0.5,1.9942895867722807,1.4958045736619423,0.7500438168976619,0.31314852096210605,0.3131894732288774,0.4684089898905909,0.46847024647852925,0.7429152218103552,0.7413993817992052
0.0,15,0.5,1.9829025930808055,1.5218767366006472,0.7674994938788852,0.30907437364708595,0.30662784335666443,0.47037309913291625,0.46664978159853493,0.7425900774946074,0.7441720740206681
0.0,16,0.5,2.016779183602945,1.520108250421433,0.7537306328726494,0.31130434337208635,0.3095016949516852,0.4732163007519352,0.47047608001547425,0.7419303227870885,0.7434297371894876
0.0,17,0.5,2.0231469493161933,1.508309716135116,0.7455265257152537,0.31220458777205484,0.3136531656259265,0.47090121315854894,0.4730861172101217,0.7429859919383804,0.741129775889027
0.0,18,0.5,1.9934769372355674,1.52596442527064,0.7654788459136902,0.3078637221923871,0.3091415089337176,0.4697890878969859,0.4717389450073388,0.7442027253167584,0.7413862340374268
0.0,19,0.5,1.9893028447337022,1.4841581231387264,0.7460694720604006,0.3132396930313154,0.3154499685954052,0.4648972349019079,0.4681776333347268,0.7435374965040553,0.7410195827159505
0.10000000000000009,0,0.5,2.000977026444037,1.5325902458715146,0.7659209604195713,0.30424170234018133,0.30733764504256045,0.46627786539390664,0.47102267698135003,0.7552279739458347,0.7334821240577757
0.10000000000000009,1,0.5,1.992351166276383,1.5002266645886093,0.7529930917713001,0.30837376204082495,0.3118724740062343,0.46263054047314833,0.46787940145537066,0.7547435799740912,0.7328870927001768
0.10000000000000009,2,0.5,1.978307824012083,1.5420504610202683,0.7794795341267627,0.30775132002616545,0.3126007382590595,0.47456806492594455,0.4820461125476589,0.7507720462083953,0.7268099785452863
0.10000000000000009,3,0.5,1.996061053231997,1.494126794823512,0.7485376223358703,0.30806305694370034,0.3179367452878634,0.46028526787482404,0.47503781019357466,0.7542519292048988,0.730263432555421
0.10000000000000009,4,0.5,1.977803515297484,1.543796213389092,0.7805609614142522,0.3052017103858039,0.30259709687920777,0.4711692448134783,0.4671482523446531,0.7532940953104234,0.7346291992393831
0.10000000000000009,5,0.5,1.986952666679156,1.488249198156517,0.7490108964919961,0.3025697115283024,0.3183002444960346,0.45029913056844467,0.47371008364424677,0.7594578036452749,0.729693518673589
0.10000000000000009,6,0.5,2.014662543101788,1.4593207331587956,0.7243499603223951,0.3189243219550307,0.3192119647832945,0.4654128753375872,0.465832638480617,0.7507257448433919,0.7329554995801847
0.10000000000000009,7,0.5,2.00251789371902,1.5304620163089337,0.7642688343056965,0.30819388459727776,0.3115698938012889,0.4716790340348326,0.476845887888281,0.7518440665010511,0.7305642962030627
0.10000000000000009,8,0.5,2.0183409128629926,1.4768911604650674,0.7317352341483853,0.3127573965028209,0.3180922824381037,0.46190863426508444,0.469787680144993,0.754650941601674,0.7310984608897322
0.10000000000000009,9,0.5,1.9719915868666082,1.463673377378129,0.7422310455714619,0.31579997879724736,0.31761047968436484,0.46222802154210857,0.4648780034903019,0.7508142698394451,0.73275321089403
0.10000000000000009,10,0.5,1.993214533386647,1.551394874851933,0.7783381311272985,0.30628211663782207,0.30763363038847374,0.47516450601071913,0.477261237516772,0.7515435627715528,0.7307886541536908
0.10000000000000009,11,0.5,2.0066541822150477,1.5230736592598013,0.7590115291208546,0.3089649500608454,0.3047091476789245,0.4705763770721936,0.4640944765652747,0.7532822341959475,0.7361498773576927
0.10000000000000009,12,0.5,1.999640754057497,1.5272878864107309,0.7637811358423713,0.30066716005759714,0.30808999691248523,0.4592053113974845,0.47054212020875813,0.7577335375191424,0.7342964824120602
0.10000000000000009,13,0.5,2.021488695668301,1.4999414411180645,0.7419984313205304,0.3180793837368384,0.3097432647212918,0.47710044923217926,0.4645967588626686,0.7487189219965837,0.7350243077573452
0.10000000000000009,14,0.5,1.9820438987575537,1.5005186937776895,0.7570562360996602,0.31333621769584286,0.311714170794809,0.47016685209020787,0.46773294039302243,0.7504097579569278,0.7325478645066273
0.10000000000000009,15,0.5,2.0053268626336886,1.5137409235175463,0.7548599441437094,0.30434202200852106,0.3057955600531824,0.4606949734603761,0.4628952534824697,0.7563308086603933,0.7379076200855059
0.10000000000000009,16,0.5,2.020681022537652,1.5275262288179656,0.7559462437567891,0.3134111541521851,0.3111589862808505,0.4787437583715734,0.4753035128764086,0.749095754806777,0.7313671792711186
0.10000000000000009,17,0.5,1.9843092640719857,1.518720457578181,0.7653647972502161,0.3076663102324826,0.31297834072304714,0.4672591194576665,0.475326608834966,0.75216524871618,0.73069522295658
0.10000000000000009,18,0.5,1.9999217167416607,1.5298755139213605,0.7649676990426829,0.30758187225649386,0.31373912886179706,0.47056197489129775,0.4799818110046817,0.7522918258212375,0.7287153652392947
0.10000000000000009,19,0.5,1.9960974881771953,1.5215839601436043,0.7622793822225039,0.30160627985321353,0.3109894521442392,0.4589192777032328,0.4731965621565214,0.757322816556266,0.7324038018674371
0.20000000000000018,0,0.5,2.016337337322115,1.5335390925583814,0.7605568097028174,0.3040439998029004,0.308535876417966,0.4662633595555606,0.47315182794371247,0.7639583713711886,0.7231041344240549
0.20000000000000018,1,0.5,1.9882016587114422,1.5239849918463755,0.7665142945480055,0.30778737454014243,0.31361352014168403,0.46906333947897627,0.47794229793603743,0.7623880813426615,0.7168161334939545
0.20000000000000018,2,0.5,2.028664015919208,1.505992715127852,0.7423568926693224,0.3084684816595067,0.318289508027014,0.4645512862257665,0.47934168039031105,0.7634785146275626,0.7181439829983175
0.20000000000000018,3,0.5,1.979145925661071,1.5232277766811313,0.7696389421979308,0.3036138343202606,0.3173731210754477,0.4624730258212839,0.48343155359410567,0.7639172998246639,0.7152139321074965
0.20000000000000018,4,0.5,1.9857336599651578,1.5200918843306384,0.7655064296776388,0.30797929325745227,0.308697154329276,0.4681568242225389,0.46924803901189505,0.7611100967683038,0.7233252266195004
0.20000000000000018,5,0.5,1.9968469533864885,1.5257932537476662,0.7641012503036579,0.30515991269624937,0.31084004369586105,0.46561093610616405,0.4742776416657745,0.7635290259101345,0.7207323019637395
0.20000000000000018,6,0.5,2.0115114484477163,1.5007164897222371,0.7460641056158742,0.3050983377157826,0.32097383160370047,0.4578661063969189,0.4816907218570018,0.7665393707946899,0.715174405687625
0.20000000000000018,7,0.5,2.0056661561240396,1.5483682975898287,0.7719970209708572,0.29978320289427346,0.31386162334684464,0.4641748075114324,0.48597338742033386,0.7651476298629937,0.71685314069245
0.20000000000000018,8,0.5,1.993342781628221,1.5384149909034412,0.7717764375913403,0.3027737664771394,0.3109357976201152,0.46579170120072905,0.4783482922673038,0.7633668801463861,0.7200441014332966
0.20000000000000018,9,0.5,1.984853283056441,1.5477462770178416,0.7797786819963308,0.31209672010654665,0.30562049921473894,0.48304653661438696,0.47302298983994634,0.7563473902146671,0.7215719435666919
0.20000000000000018,10,0.5,2.011782650846976,1.5574513734957545,0.7741648298040822,0.3047134458966783,0.3031384454428433,0.4745763748344059,0.47212338821432415,0.7618961001164144,0.7241471215351812
0.20000000000000018,11,0.5,1.9960197640135953,1.5266773981043436,0.7648608624167637,0.3052161051433186,0.31106671018689236,0.4659665292597434,0.4748985157450027,0.7635046592894583,0.7203036221590909
0.20000000000000018,12,0.5,2.0049079561433505,1.5457735601568967,0.7709947758052461,0.2981414484790082,0.30741693820842797,0.46085916824573053,0.47519697502697444,0.7677231329690346,0.7214634146341463
0.20000000000000018,13,0.5,2.0277601008770088,1.516235239433612,0.7477389651654742,0.3074421068314763,0.3218965461247712,0.4661545564635976,0.4880708866863452,0.7628711423138803,0.7142857142857143
0.20000000000000018,14,0.5,1.9925221397442,1.5429581983791856,0.7743744310802342,0.3037159947783682,0.3037779488298715,0.4686210841221731,0.46871667663386296,0.7629737609329446,0.7249113475177305
0.20000000000000018,15,0.5,1.9906342871210896,1.5168915146705817,0.7620141602525857,0.3062463041877815,0.3145851731585419,0.4645424202216716,0.4771915798053678,0.7629110551479981,0.7187735055970975
0.20000000000000018,16,0.5,2.0016650057256817,1.5824604550629222,0.7905720740165603,0.30015673612036364,0.3078740692442769,0.4749861652312321,0.487198539718372,0.7630754662004662,0.7164212207239177
0.20000000000000018,17,0.5,1.9919188036178679,1.5481549842375624,0.777217917430013,0.2998339455167359,0.3127496943304104,0.46418941719534845,0.4841849980963989,0.765510449720976,0.7162467342691405
0.20000000000000018,18,0.5,1.9953720953239062,1.4752366906656107,0.7393291176732315,0.3079409128776328,0.3174955816568374,0.45428573323414617,0.46838113118438596,0.7654726695147333,0.7217087516030601
0.20000000000000018,19,0.5,2.0096621460118493,1.5778491949089757,0.7851315695228667,0.29946837338660376,0.3007110254991162,0.47251593184875323,0.47447664948403295,0.7634687831461907,0.7247892669579417
0.30000000000000004,0,0.5,1.961631788723511,1.560690725224866,0.795608398169593,0.30473576683470227,0.3032578190430095,0.4755982849432072,0.4732916655323457,0.7682049849891782,0.7107801816989792
0.30000000000000004,1,0.5,2.009571276347761,1.5714200322402663,0.7819678011601557,0.30639499787937924,0.30205197633243597,0.48147523744587045,0.47465052638655264,0.7675254852674207,0.7124461509646001
0.30000000000000004,2,0.5,2.0167940290232944,1.5379130616734402,0.762553359213499,0.30386191875949176,0.3110088782688365,0.4673132138053761,0.4783046161860486,0.772039554142353,0.7091810485945466
0.30000000000000004,3,0.5,1.9819377613610447,1.5691122399324768,0.7917061123326746,0.29789221636540064,0.3108413127247825,0.4674263228795638,0.487744908473135,0.7726571809069882,0.7046026274107892
0.30000000000000004,4,0.5,2.0201424365954286,1.5714094098648042,0.7778706003093129,0.3019717467912211,0.3085618927550741,0.47452124442103677,0.484877061801018,0.7711802282961566,0.7070200908537442
0.30000000000000004,5,0.5,2.0161274973665684,1.5593631566456259,0.773444714524473,0.3000702117944955,0.3117071614432105,0.467918432679186,0.4860646632171324,0.7731911918909472,0.7058438522674146
0.30000000000000004,6,0.5,2.0042087965802415,1.5232053491615167,0.7600033248833876,0.3025857580162297,0.3203268894484208,0.4609002451904134,0.4879236314881044,0.7739242805252864,0.7019374766005242
0.30000000000000004,7,0.5,1.9902139673049182,1.5408946865154804,0.7742356911513937,0.3038140957852076,0.31261491085045096,0.46814552588393166,0.48170665505497046,0.7714176084833264,0.7057472342021376
0.30000000000000004,8,0.5,2.0019679613188943,1.5265036584487932,0.7625015424538234,0.3021284949177932,0.3141921467820733,0.4612002528136389,0.47961546151871515,0.7742284219703575,0.7065885111371629
0.30000000000000004,9,0.5,1.9913050989959262,1.5453941705528285,0.776071015602813,0.3080221014861735,0.3135790710071729,0.47601556003816425,0.48460326834185646,0.7685677544920585,0.7033495077024544
0.30000000000000004,10,0.5,1.9870352776542997,1.5594419320001418,0.7848083773535551,0.3043263855359665,0.3049770600980359,0.4745793266188277,0.47559401581500443,0.7687405903154652,0.7113204906945286
0.30000000000000004,11,0.5,1.9939223285295062,1.5419803037900561,0.7733402057477575,0.30402197973908063,0.3126004876270375,0.46879590467692184,0.482023794876059,0.7707983780760627,0.7065725504861631
0.30000000000000004,12,0.5,2.007614818135692,1.5468500577087476,0.7704914527106256,0.30160971751045096,0.31041810105586387,0.46654500893656015,0.4801702575321029,0.7726684617267545,0.7083586413119656
0.30000000000000004,13,0.5,2.024828959786236,1.529817392903604,0.755529194458533,0.3020788192771422,0.3139520140476393,0.4621254317579567,0.4802892516271952,0.7742994899028719,0.7077837028721116
0.30000000000000004,14,0.5,1.9709519286888249,1.5523824040727892,0.7876307795621941,0.3002275397074671,0.30370588351555566,0.4660679498599365,0.4714676695829288,0.7719390436153442,0.7127010020974132
0.30000000000000004,15,0.5,1.9930019875476117,1.561155494867378,0.7833185840363257,0.2997579762961179,0.30961771168725155,0.46796881182500966,0.4833613919088164,0.7728352784960514,0.7060611729492097
0.30000000000000004,16,0.5,2.0027199167834944,1.5271324216238087,0.7625292028235722,0.3089136251937428,0.3115953825530676,0.4717520125147101,0.47584741112506324,0.7690055421938722,0.7091642813570457
0.30000000000000004,17,0.5,2.0053164691272327,1.5432529958014078,0.7695807716938927,0.3026164580091603,0.31688642579824533,0.46701375540144763,0.4890359259419427,0.7723940515255184,0.7024445068839562
0.30000000000000004,18,0.5,1.970192001838094,1.5684095912558988,0.7960694134341467,0.29832745210496764,0.31268333935929266,0.467899637216366,0.49041554847703767,0.7718214987370193,0.7027819129140305
0.30000000000000004,19,0.5,1.9985932725445246,1.531667430762783,0.7663727541786073,0.30016349510122087,0.3102516346995221,0.4597506493504642,0.47520232421017056,0.7748471615720524,0.7099883040935673
0.40000000000000013,0,0.5,2.005770135030706,1.546751104112988,0.7711507301355393,0.3015678250756066,0.31521350279873434,0.4664503664006469,0.48755683348526474,0.7802806499261448,0.6924599247971502
0.40000000000000013,1,0.5,1.9911283851172459,1.5422018784020703,0.7745366345682723,0.30423598159110343,0.3119555579943352,0.46919330228729744,0.4810984475168298,0.7788561293129413,0.6946667329390128
0.40000000000000013,2,0.5,2.0129682883028406,1.56383864170896,0.7768819065835619,0.2993908515598477,0.3086552909269358,0.46819898264344106,0.48268707091946317,0.7798446995273464,0.698135426889107
0.40000000000000013,3,0.5,1.9906616222756948,1.541106050728778,0.7741677608507911,0.2981325535406519,0.3172513832484671,0.4594538821807199,0.48891802632628706,0.7830666532488008,0.6902273515280598
0.40000000000000013,4,0.5,1.997054036430335,1.5809773165706018,0.7916547513138623,0.30141075154347097,0.31331747736682497,0.4765235611607251,0.4953478246020732,0.7778672842614037,0.6887712178947889
0.40000000000000013,5,0.5,1.996262204355463,1.5447430380670994,0.7738177052577387,0.3031788845823933,0.31125470255337057,0.4683334712476007,0.48080853483496505,0.7791719787962156,0.6956521739130435
0.40000000000000013,6,0.5,1.9869827958053887,1.5915141713246905,0.8009702825230544,0.29871464830242134,0.3022596217878109,0.47540859595557444,0.4810504714945422,0.780434999833461,0.6951494218351104
0.40000000000000013,7,0.5,1.9971579985434367,1.5978923886953904,0.8000831130340024,0.2979874618177995,0.3035805103713034,0.4761518971653201,0.4850889868785677,0.7801944472286259,0.6944541332403209
0.40000000000000013,8,0.5,2.006011108601594,1.6051953969300266,0.8001926759264164,0.2964568332572148,0.30239874876770323,0.4758711441329336,0.4854090795593167,0.7803790038571189,0.6960118900173397
0.40000000000000013,9,0.5,1.9837886787930479,1.598928573778141,0.8059974284916986,0.2914895463420166,0.30909041701806345,0.466070964603878,0.494213499651183,0.7834264181414441,0.6901075056711707
0.40000000000000013,10,0.5,2.022479677691302,1.608125749844654,0.7951257891898125,0.2953712314310099,0.3012597894815796,0.4749940830275316,0.48446362485810784,0.7819556417890476,0.6965235987467051
0.40000000000000013,11,0.5,2.0167311812128523,1.6138871488736328,0.8002490187626538,0.29455036967180803,0.2987230632427987,0.4753710563093088,0.4821053128397183,0.7824723000934455,0.6974445997205031
0.40000000000000013,12,0.5,1.9659296763737792,1.585152989540561,0.8063121527645011,0.29943041643961177,0.3094323461620434,0.4746430197786257,0.49049760857931285,0.7787598767912147,0.6898470097357441
0.40000000000000013,13,0.5,1.9879153482755982,1.566110189149348,0.787815331526998,0.30037838112255455,0.3058002681554488,0.4704256432762189,0.4789169158028513,0.7799169624321971,0.6969305652130724
0.40000000000000013,14,0.5,1.9574103031190688,1.5703610516873785,0.8022646295388657,0.2947179011766776,0.31261355001698754,0.4628135132429044,0.4909161431764015,0.7821039170817068,0.6901005718793137
0.40000000000000013,15,0.5,1.9552648885780655,1.5709762045833424,0.8034595280467647,0.2961099273858016,0.3105564506689549,0.46518164986399574,0.4878767941807887,0.7815424871683049,0.6910504680303106
0.40000000000000013,16,0.5,2.0086662154134967,1.5942781143626774,0.7936998701571157,0.29831267390982397,0.3042451225195338,0.4755933672514424,0.4850513402344841,0.7803344481605351,0.6948756218905473
0.40000000000000013,17,0.5,2.0087245619848435,1.5696104938016109,0.7813965754720802,0.29930574174523933,0.31027690385158985,0.4697934330984025,0.4870138842697289,0.7807094005632291,0.6935851675589927
0.40000000000000013,18,0.5,1.9951611170113697,1.5914492505948963,0.7976545037018318,0.2973666995275529,0.29904300801980493,0.4732440111150018,0.47591177100876214,0.7808622361951905,0.6998656783244614
0.40000000000000013,19,0.5,2.015571729677898,1.5755482480548573,0.7816880068597908,0.30057588422523035,0.30757912476529226,0.47357180779860125,0.48460575116220256,0.7803232701041944,0.694206222576785
0.5,0,0.5,1.9945486170640203,1.5771881139652681,0.7907493958642594,0.29158159207607637,0.3049290041406497,0.4598790212734571,0.48093040093389877,0.793254376930999,0.6845942519019442
0.5,1,0.5,2.0045126226691847,1.588247207914507,0.7923358476035018,0.29234181440751755,0.30725062100911177,0.4643110704894007,0.4879899409477201,0.792543789169211,0.6802753508075192
0.5,2,0.5,2.0243641526046017,1.599738052452559,0.7902422350219415,0.29580888034197844,0.30297288384990173,0.47321672213644866,0.48467725115597715,0.7893448431359917,0.6842882768808695
0.5,3,0.5,2.0000334042873558,1.590638965410314,0.7953061993867468,0.3006313018619591,0.30488093688903845,0.4781958629636624,0.4849554980265073,0.7861485508411876,0.6821234071802464
0.5,4,0.5,2.000267321535428,1.6043175461565489,0.8020515702496486,0.3008093690174666,0.3033718122429815,0.48259374876300176,0.4867047213907253,0.7850659800450596,0.6818806127839409
0.5,5,0.5,1.9873017940202344,1.5994883064243375,0.8048542557739229,0.290214764465576,0.30774419281578325,0.46419512211438213,0.4922332377788419,0.7918755457809115,0.6793669094911168
0.5,6,0.5,1.989166252726671,1.6023786874032624,0.805552922088229,0.2942272019172248,0.3094018489519679,0.47146339760645734,0.49577892860379674,0.7895482956376055,0.6760362830925007
0.5,7,0.5,2.0005473137411567,1.6035169155240008,0.8015391110772169,0.2958760445072617,0.303462136055875,0.47444224226572623,0.48660666838664135,0.7877366121986733,0.6834249803613511
0.5,8,0.5,2.0236284547913854,1.5516912674242556,0.7667866419600323,0.3033380060056799,0.31889052152300407,0.47068693499689984,0.494819637511612,0.7870266096077737,0.6756513926325247
0.5,9,0.5,2.0053163107842127,1.6323508484959761,0.8140116547786009,0.2930058550170608,0.2995963688368413,0.4782883560513881,0.4890463868771313,0.7886769310222395,0.6827908933172091
0.5,10,0.5,1.9743073826418844,1.6038183699972677,0.8123448172751836,0.29530214450659603,0.2993678744078278,0.4736110040592664,0.4801316963623092,0.7888410361894966,0.6844752726887642
0.5,11,0.5,1.9990718260208158,1.6270333418018899,0.8138943886976415,0.28805376393952525,0.29555466454921714,0.4686730781611385,0.48087729354664926,0.7935340952870168,0.6855506047103755
0.5,12,0.5,1.9857999501672021,1.5715631565244192,0.7914005418280403,0.2955506539032277,0.3027442366179212,0.4644765185610127,0.4757816881188359,0.7905292299768221,0.6871039290240811
0.5,13,0.5,2.014092881292887,1.626225698822748,0.807423388428264,0.2900489916373413,0.30243695754594674,0.4716851241182688,0.49183075263498294,0.791495951221086,0.6809977371993896
0.5,14,0.5,2.020132315942818,1.5840683392612587,0.7841408836242276,0.2982273962389969,0.30612667726251747,0.4724125762825172,0.4849255772548034,0.7891680302884461,0.6821005681516487
0.5,15,0.5,2.0005457363726498,1.6105141187595031,0.8050373902871402,0.2936925165056828,0.3090739842257811,0.4729959444064106,0.4977680153368724,0.7890619949576573,0.6767915224005876
0.5,16,0.5,1.9942005757280943,1.606479604471901,0.8055757399856159,0.28558125857313305,0.30364865252876,0.45878046731715444,0.4878053672128281,0.7951187974785842,0.6824547600314713
0.5,17,0.5,2.0286900958959553,1.622672827979769,0.7998623502241372,0.29385921127543274,0.29580470308537726,0.4768373573882109,0.479994254085265,0.7894092242240629,0.6885047172297475
0.5,18,0.5,2.0153207750769546,1.617972661091868,0.8028362934084705,0.2919112744436788,0.3060660976286665,0.4723044615143576,0.495206578450257,0.7910510220505392,0.6778452601003433
0.5,19,0.5,2.0252515312902633,1.585566600391609,0.7828986058741373,0.29226501666095983,0.3111839508943872,0.463405648880515,0.4934028791160429,0.7927968558726887,0.6780778563139571
0.6000000000000001,0,0.5,1.9988193765653266,1.5801481377401048,0.7905407343285585,0.29554607474402095,0.308611821456249,0.4670065796231625,0.4876523949586735,0.7973949449527058,0.6678682061391158
0.6000000000000001,1,0.5,1.9915024039987832,1.6222109811120318,0.8145664187272671,0.2884846910370187,0.2933609422023929,0.4679830336829634,0.4758933418700938,0.7999689778191407,0.6762735716296088
0.6000000000000001,2,0.5,2.027357469372444,1.646539031349559,0.8121601918872428,0.2852456233996501,0.29588057470249735,0.469668052449161,0.4871789148658008,0.8020552821369982,0.6703781156389532
0.6000000000000001,3,0.5,2.004206928271524,1.6398875627388014,0.8182226793084084,0.28758917096720366,0.3011315160351493,0.4716139046474801,0.4938218278947213,0.8000372023809523,0.6654643823264202
0.6000000000000001,4,0.5,1.9847402569926433,1.6259221214582367,0.8192115395099094,0.2948776685701108,0.2965721202634973,0.4794481244521733,0.4822031709441928,0.7950603493747866,0.6722187834111755
0.6000000000000001,5,0.5,2.0061326599800946,1.6352071798516687,0.8151042114372904,0.288279173756627,0.30283229235107373,0.4713961747285432,0.4951935387434153,0.7994409069731325,0.6653187306936253
0.6000000000000001,6,0.5,1.9962385935350566,1.6347847008771754,0.8189325194751408,0.2868148291268397,0.303271007187026,0.46888049464125886,0.49578280276896197,0.8005584858827179,0.6640405177265053
0.6000000000000001,7,0.5,2.014430387879663,1.5959166935625944,0.7922421659069663,0.2947293583080388,0.3067434446121014,0.4703635030067905,0.4895369838973456,0.7965177848377251,0.6693863864982675
0.6000000000000001,8,0.5,1.9915586338560551,1.618796590026693,0.8128289885657946,0.29140544360070975,0.30479229543484815,0.4717261384160447,0.4933967285163406,0.7976941483576245,0.6658997811570619
0.6000000000000001,9,0.5,1.9903575190318685,1.6467332871538458,0.8273555235216409,0.29054755448161834,0.297985511448551,0.47845432946602645,0.4907026607918924,0.7974401090897821,0.6666666666666666
0.6000000000000001,10,0.5,1.9947370023516502,1.654909562618059,0.8296379726585714,0.28638019981109847,0.29069241961166076,0.47393333121185727,0.4810696649959188,0.8004885741674139,0.6727818356831436
0.6000000000000001,11,0.5,2.0124752690769743,1.6382730098069591,0.81405870421372,0.28885272367698167,0.2967868379606176,0.47321962100922665,0.4862178662968313,0.7988812927284027,0.6717171717171717
0.6000000000000001,12,0.5,1.9723929404630192,1.6139028095511252,0.8182460890233473,0.2932304627515047,0.3034851226671405,0.47324546768063,0.48979549212946594,0.7967242609423953,0.666328885886393
0.6000000000000001,13,0.5,1.9931412446593526,1.6682059023887148,0.8369732485636399,0.28516183258684896,0.292527800456248,0.47570865225736403,0.48799660333390105,0.7997514756135445,0.6705221785513756
0.6000000000000001,14,0.5,2.0324200546195215,1.587386000216403,0.7810324428793186,0.2909978657161814,0.3133082622662333,0.4619259381307192,0.4973411492735479,0.800812251984127,0.6629846708746618
0.6000000000000001,15,0.5,1.9900835843047904,1.6024360667029565,0.8052104340445311,0.2960969809948204,0.30196738300212966,0.47447648158796,0.4838834254905179,0.7949516013570295,0.6716468020815847
0.6000000000000001,16,0.5,1.9902889566157889,1.611046353450241,0.8094534957323999,0.2972763801264282,0.30479393740543875,0.47892602816956986,0.49103716141077314,0.7955421278169991,0.6637818140408814
0.6000000000000001,17,0.5,2.0104488643814618,1.5641751468019343,0.7780228458002443,0.29335302959994297,0.3069309807107537,0.45885551813928294,0.48009381181130484,0.7999007105401967,0.6731191266670418
0.6000000000000001,18,0.5,2.0175469744806396,1.6383509113769663,0.8120509371528826,0.2919284150542362,0.29604300816264706,0.4782811848609412,0.4850223322300515,0.7971338172343198,0.6718837968697219
0.6000000000000001,19,0.5,2.0425243617778914,1.6256203214280907,0.7958878492950207,0.28612624348590293,0.301914111808628,0.46513263590456566,0.49079771548201834,0.8013224377768075,0.6706990745902554
0.7000000000000002,0,0.5,2.001232861303059,1.65829347940793,0.8286359431096731,0.29173876822070716,0.3048947143697076,0.48378849703090016,0.5056049167452294,0.8031717534410533,0.6448733413751507
0.7000000000000002,1,0.5,2.013666750515043,1.6699639147745813,0.8293149372146351,0.2860210359327261,0.29528160566077555,0.47764480887409644,0.4931096261501929,0.8066351278519672,0.6539573545355981
0.7000000000000002,2,0.5,2.018725807075491,1.6579352168127375,0.8212780611422273,0.29373627856601875,0.297766727033498,0.4869957206901189,0.4936779431439017,0.8023186327237959,0.6525526252117106
0.7000000000000002,3,0.5,2.016298615527261,1.6364805055837686,0.8116260622218548,0.2901503279860846,0.29914821576992884,0.47482535543796395,0.4895502233876554,0.8048158044855436,0.6567423470915953
0.7000000000000002,4,0.5,1.9993695719043039,1.61517103374992,0.8078401594416319,0.29496180856215676,0.30233114867123584,0.4764137692520848,0.4883165139341208,0.8038438617401669,0.6533454987834549
0.7000000000000002,5,0.5,1.9997541632083804,1.6777064991561792,0.8389563727495823,0.28571650651923636,0.29120960386466244,0.47934843990352166,0.48856424502044055,0.8065162757300144,0.6557070463320464
0.7000000000000002,6,0.5,2.003306749058509,1.6513540248620586,0.824314112473361,0.28652512195764707,0.29394565768670045,0.4731544133688527,0.4854083449116577,0.8068335081672411,0.6583107905019537
0.7000000000000002,7,0.5,2.0280814360325174,1.672913069074142,0.824874701455193,0.2787243539483427,0.2915042839275992,0.4662816143894295,0.48766132627358005,0.8123507640878701,0.6570683802133851
0.7000000000000002,8,0.5,1.9891291189010414,1.6435523505787382,0.8262673020878463,0.2946913416429775,0.29511813876186693,0.48434064725251763,0.4850421106604886,0.8025978668891139,0.6554703663137398
0.7000000000000002,9,0.5,2.0091914468061005,1.671348719180574,0.8318514006405033,0.29227426416241203,0.2914988288560935,0.4884922170572921,0.48719619425126925,0.8033050468959357,0.6554371002132197
0.7000000000000002,10,0.5,1.9856251560620728,1.6507656744946042,0.8313581591444138,0.2910738453900925,0.2975753461148715,0.4804947127131142,0.4912271669422812,0.8035596572181938,0.6534343798869241
0.7000000000000002,11,0.5,1.9765099606770244,1.6367287033461013,0.8280902883916983,0.2833000173955305,0.29910943822160113,0.4636852701297146,0.48956100297902205,0.8095951126018208,0.6539017341040463
0.7000000000000002,12,0.5,2.0156847293103715,1.6578240810389124,0.8224619936502201,0.29123600913074804,0.2986083225226888,0.48281806920262266,0.49504006787674776,0.8041914201271756,0.6512149306186754
0.7000000000000002,13,0.5,2.013924897411997,1.630756047788044,0.8097402489455562,0.2896918376315797,0.29546081281575315,0.4724167162125306,0.4818245073836607,0.8062587799264728,0.6599165810312518
0.7000000000000002,14,0.5,1.9844242168335273,1.6756411594950609,0.8443966493055702,0.28573375273274826,0.29086656356087115,0.47878723673597734,0.4873879858234819,0.8064602960969044,0.6560821008149713
0.7000000000000002,15,0.5,1.981379214903157,1.6495427017853117,0.8325224618175555,0.29046149769679114,0.30368976227051886,0.47912864367537294,0.5009492309602507,0.8046529685820093,0.6456769193509324
0.7000000000000002,16,0.5,2.0169059323653493,1.651443448347146,0.8188004318130975,0.29384331568053257,0.2891616696385523,0.4852656185212177,0.47753414483770906,0.803028045182249,0.6621876330029792
0.7000000000000002,17,0.5,2.007126436030909,1.6449323347533382,0.8195459464956232,0.2886477848053864,0.29852869054588177,0.47480607458130336,0.4910594959304941,0.8061892659590372,0.653518574448807
0.7000000000000002,18,0.5,2.0080378305963307,1.6471562845687093,0.8202815004135406,0.2879234407913449,0.2942749655675063,0.4742549049741105,0.4847168589257586,0.8058232027615189,0.6593946658675457
0.7000000000000002,19,0.5,2.023964666514421,1.6637039514185972,0.8220024681971113,0.2874964167251138,0.2952877089348043,0.47830892452425944,0.4912713281601786,0.8059433227487868,0.6553135154651583
0.8,0,0.5,1.9982112720285643,1.6519355607529107,0.826707157484845,0.2902533627986598,0.294387990208839,0.4794798516352221,0.4863099896845608,0.8117256317689531,0.6426016260162601
0.8,1,0.5,1.9836917451721054,1.6328908722291577,0.8231575678042093,0.2924676788056094,0.2984314242372414,0.4775678031437287,0.48730594862333887,0.8111345204767815,0.6407400169370073
0.8,2,0.5,2.003394194028432,1.6623494277875535,0.8297665196108487,0.28889183759730636,0.29268653371672443,0.48023918092237705,0.4865472918451193,0.8122617534942821,0.6422066094197242
0.8,3,0.5,1.989989567299496,1.6708270570010662,0.8396159881724669,0.292284421700315,0.2933637066585124,0.4883567201167958,0.4901600186271664,0.8097120433954642,0.6392256550645288
0.8,4,0.5,2.0208471908430985,1.64985842747626,0.8164191904029805,0.2878803922822271,0.3009348467615144,0.47496189131200406,0.49649989305076137,0.8136204855798378,0.6366772996549703
0.8,5,0.5,2.0556996753013888,1.6670154202320224,0.8109236189802964,0.2849628811504266,0.2984085761354088,0.4750375170715063,0.4974516979472079,0.814943226141978,0.6374683215283644
0.8,6,0.5,1.9846971622735916,1.6585803348488553,0.8356843383344441,0.28700658235545057,0.2948767114488628,0.47602347346692875,0.4890767148139841,0.8132465654374548,0.6405834683954619
0.8,7,0.5,1.9891992639086489,1.6692654387731958,0.8391645166272566,0.2906235824124094,0.28783253886893406,0.4851279018134885,0.48046890928825414,0.8114478114478114,0.6446134679693135
0.8,8,0.5,2.000032866389505,1.6489846322359216,0.8244787672978084,0.2944554884511609,0.29501095204052,0.48555257533348617,0.48646852625610604,0.8091016719124484,0.641876504652222
0.8,9,0.5,1.9814640444400715,1.6761881836345376,0.8459341911037301,0.2863183152094962,0.2980793635086067,0.47992337671230645,0.49963710689843055,0.8130654718890012,0.6333657903278156
0.8,10,0.5,1.9989608607920313,1.6914148810179426,0.8461470728085029,0.28160015118582266,0.28754875833539506,0.4763026862126029,0.48636424886671936,0.8149104733161148,0.6453896145679171
0.8,11,0.5,1.990966161679134,1.6761472492738614,0.8418763118807796,0.2868831048887205,0.29123314066904793,0.4808583271223735,0.4881496276298122,0.8132856648598777,0.6403760773047793
0.8,12,0.5,1.9789030595351578,1.6809334243381202,0.8494268661815955,0.27960226543000766,0.29129877056046083,0.4699927934819588,0.48965383990367983,0.8170791720943696,0.6408282109349726
0.8,13,0.5,1.9918933007862818,1.6667651188569994,0.8367742982011431,0.29207623562209994,0.2899073537315696,0.4868224815819744,0.4832074648999178,0.8097040804531268,0.6447129124447909
0.8,14,0.5,1.9866674798375963,1.6780136078754984,0.8446373763628882,0.28464273825798325,0.2871355037576108,0.47763438817983966,0.4818172826094573,0.8150152570671887,0.6438867776176124
0.8,15,0.5,1.980197679796996,1.6716927920538003,0.8442050049392934,0.28757044411038984,0.2954733635844492,0.4807294386270489,0.49394069214801556,0.8123735183579069,0.6371187540558079
0.8,16,0.5,2.017021735702054,1.6494061919679692,0.8177433900551742,0.2881300662756641,0.29505173916969274,0.4752435154072217,0.4866601655374094,0.8130622161802563,0.6439359564400078
0.8,17,0.5,2.004239929398946,1.671098375579351,0.8337816002301175,0.28660211702155314,0.28852504070428814,0.4789403321923205,0.482153726834902,0.8138831258644537,0.6446783472803347
0.8,18,0.5,1.994529596136,1.687792624474209,0.846210869843179,0.28867755763547,0.29074238345804004,0.4872278526283746,0.4907128504225322,0.8110436542353281,0.6401038286826736
0.8,19,0.5,2.004325932099621,1.6542808993953755,0.8253552343467623,0.29036702244834,0.2899893733592779,0.4803486190505971,0.4797238813758875,0.8114178349472467,0.6473872119441739
0.9000000000000001,0,0.5,1.987192241093011,1.6381117414612583,0.8243348114927478,0.28982242275517256,0.29682378989563635,0.47476151365399677,0.4862305353730715,0.8192578912021491,0.6280846887268648
0.9000000000000001,1,0.5,1.9966642897489315,1.6829222992431412,0.8428669295501642,0.28856157032629076,0.2920010376543298,0.4856267014067326,0.49141505767060767,0.8182505248425472,0.6253590192644484
0.9000000000000001,2,0.5,1.9896983382316678,1.7049092580501393,0.8568682122765238,0.28684012752656873,0.2803724896454719,0.48903638900032964,0.47800965329913186,0.8192673604329995,0.6325492689129053
0.9000000000000001,3,0.5,1.9980641404686892,1.6776411519930337,0.8396332820424407,0.2885419857265266,0.29246223858409226,0.4840699093326076,0.490646686852678,0.8188144545988094,0.6249384626204374
0.9000000000000001,4,0.5,1.9882003932816878,1.6996680624500329,0.8548776412042608,0.2820597284804424,0.2859374036794475,0.4794079122015359,0.4859986728938394,0.8213724610032545,0.6295625522429646
0.9000000000000001,5,0.5,1.9925366079326916,1.6775295094125435,0.8419064938300049,0.28520701924688824,0.2936754302353984,0.4784431910782463,0.49264920040930554,0.8208562879275147,0.623551716873815
0.9000000000000001,6,0.5,1.9751211907641288,1.677114475137475,0.8491197821074655,0.29040036778956135,0.28448402210587526,0.4870346604051199,0.4771122714190928,0.8185107863604733,0.6316873889875666
0.9000000000000001,7,0.5,1.9770175162083472,1.6996071618483395,0.8596823993284373,0.2855929239289154,0.28614071351124376,0.48539577888279256,0.48632680598010386,0.819353392727069,0.6280581574164686
0.9000000000000001,8,0.5,2.0119442440659525,1.6994209108946956,0.8446660069765769,0.283016258816267,0.28752192670825133,0.48096374835554945,0.4886207745887344,0.8215942758119514,0.626775418365912
0.9000000000000001,9,0.5,1.9724570899287555,1.683692078996769,0.8536013724169703,0.29424917364704256,0.29232414501103243,0.49542500292087044,0.49218384745457816,0.8150082386125618,0.6222785880363559
0.9000000000000001,10,0.5,2.0226943465615927,1.6869558537855414,0.8340142229859009,0.2934284785896124,0.28771407596700455,0.4950008896241321,0.4853609446690363,0.8155014518650883,0.6292301184433164
0.9000000000000001,11,0.5,2.005814499283483,1.6620978234977728,0.8286398488451985,0.287610023694817,0.2981848110140283,0.4780359943992981,0.49561232538651107,0.8201195664320036,0.6216558715854689
0.9000000000000001,12,0.5,2.017840812875996,1.694544293286532,0.8397809591685904,0.2836350313931169,0.28494460387342835,0.4806321238233526,0.48285125239650944,0.8213656818626491,0.6316529564789426
0.9000000000000001,13,0.5,2.0181820068511516,1.6826682050774235,0.833754438085983,0.2907964363706312,0.2898846083956988,0.4893139176306812,0.48777961368876227,0.8169892593421347,0.6283688938798427
0.9000000000000001,14,0.5,2.003829402619038,1.675597933131441,0.8361978973566346,0.2821180467354082,0.2916736031503473,0.4727164160089292,0.4887276865877221,0.8229536620151571,0.6267116073309459
0.9000000000000001,15,0.5,2.0260036109574426,1.6866940682317983,0.8325227354529272,0.28933936453286213,0.29389567869688654,0.48802698986353654,0.49571209793699705,0.8178105946187839,0.6230520847957322
0.9000000000000001,16,0.5,1.9964879935397395,1.7040897778777941,0.8535437144585436,0.2864070770254065,0.2796034130689159,0.4880633722708533,0.476469318070482,0.8199944305207463,0.6332150461320085
0.9000000000000001,17,0.5,1.987192241093011,1.681232347316311,0.8460340738808373,0.2888834466425054,0.2874646265689611,0.4856801950996057,0.4832948288969413,0.8181665547347213,0.6303280987100393
0.9000000000000001,18,0.5,2.0067214160908464,1.707523362667819,0.8509020479754115,0.28933730645538164,0.28072189962057453,0.4940502104639425,0.4793392020146214,0.8171961885600917,0.6334341799760782
0.9000000000000001,19,0.5,1.9894965058646998,1.6768577040363792,0.8428553149469153,0.29286862051947904,0.28680371086189044,0.49109900258859523,0.4809290121049831,0.8163681008984877,0.6309137127524361
1.0,0,0.5,2.0210406311538387,1.7193341695388502,0.8507172706158113,0.27564853947443024,0.2840928688830377,0.4739319527018665,0.4884505767929271,0.8313872785171879,0.6146014028207255
1.0,1,0.5,1.990790525073398,1.7206306928829176,0.8642951989232921,0.28666980798562625,0.28366944855194276,0.49325287034292103,0.4880903598116444,0.825386929769875,0.6110475318532083
1.0,2,0.5,1.9833495183825276,1.6893656128515278,0.8517740303429971,0.2887874554432048,0.28508199140453716,0.4878675966486429,0.4816077131220599,0.825590519224005,0.6147534698259336
1.0,3,0.5,2.0664729276103806,1.7352420138984375,0.8397119510803509,0.28152159929314147,0.28546796914762324,0.48850810691333973,0.4953560136872187,0.8274026185690226,0.6110268466555437
1.0,4,0.5,1.9874725498630401,1.7069928111156658,0.858876169753035,0.28287372582163084,0.28941301980400364,0.48286341643102776,0.49402594424871005,0.8277735521025752,0.608128601759175
1.0,5,0.5,2.01159585220456,1.7233408411848088,0.8567033180626987,0.28788591465147373,0.2799944842742129,0.4961255543207288,0.48252593005622885,0.823906547133931,0.6175132676269901
1.0,6,0.5,1.9715162998542903,1.6936116252239461,0.8590401333983982,0.28444271563312173,0.2853600700174315,0.48173548990652404,0.48328913195624124,0.827613337312461,0.614793394718819
1.0,7,0.5,1.9882416994604872,1.7030749700269843,0.8565734088009102,0.28835515513857124,0.28022260199496996,0.4910904471947486,0.47724009949346696,0.8249959351796651,0.619331195602382
1.0,8,0.5,2.0304246311332363,1.6896868832021996,0.8321839960437923,0.2856099157819491,0.296700157949577,0.48259132840924435,0.501330365131421,0.8268239761323569,0.6044935262757045
1.0,9,0.5,2.034380267899603,1.7443110708447673,0.8574164321037592,0.2793154727111462,0.2722944945208212,0.48721307130829183,0.47496630132274825,0.8288102475032566,0.6234793187347932
1.0,10,0.5,2.0259828850639394,1.695982159462352,0.8371157387190008,0.29020306831398746,0.2901187972106213,0.49217922648175694,0.49203630419388966,0.8251906545581934,0.6075556589868901
1.0,11,0.5,1.9934713568918687,1.7088366091961436,0.8572165350098058,0.2857664174978735,0.28195738188171177,0.4883281158991957,0.4818190963925665,0.8267070827356626,0.6148954103133859
1.0,12,0.5,1.9900670298114373,1.703485742200845,0.8559941533035967,0.2880800064386421,0.28567475421980587,0.49074018358135446,0.48664287072016993,0.8250840290577903,0.612221544095209
1.0,13,0.5,1.9835479585858364,1.6974568350409938,0.855767982666368,0.2885536061883799,0.2830390532012094,0.48980729110019267,0.4804465754399244,0.8261807784641113,0.6145277326525876
1.0,14,0.5,1.9916390781338433,1.7157128422528234,0.861457711434563,0.2835770681313854,0.2812632460005709,0.4865368175614218,0.4825669632168946,0.8275656486274084,0.6154668295289717
1.0,15,0.5,1.9953023262717418,1.7307133653910518,0.8673940498154588,0.28367957568047997,0.2833809341357047,0.4909680331186691,0.4904511702056655,0.8266391663048198,0.6104014598540146
1.0,16,0.5,2.002016834759564,1.7344318589192758,0.8663422948326884,0.2764507091448681,0.28359361635862385,0.4794849173616856,0.49187380319852786,0.8308795566903895,0.6104201425754588
1.0,17,0.5,2.0067796670396567,1.6884234743597688,0.8413596679751506,0.2873036622054932,0.28849689322906086,0.4850902475372842,0.4871049268078102,0.8266053805596864,0.6120630042258932
1.0,18,0.5,1.9776231032282345,1.6745919847509878,0.8467700352091435,0.28382601975343874,0.2919437613545478,0.47529277774288403,0.48888668276238095,0.8287596941265796,0.6106538637402835
1.0,19,0.5,2.0025926272192915,1.7343372402029065,0.8660459529460706,0.2818308536685965,0.27881096801628097,0.4887897449556229,0.4835522448076575,0.8273641304347826,0.6162878787878788
