tauN,replicate,m_dist_R1,m_dist_R2,m_dist2_R1,m_dist2_R2,mean_conf_R1,mean_conf_R2
-1.5,0,0.7472332952411505,0.25057468456117166,1.5125814903880377,0.5072239583552446,0.3129368534568838,0.7549973961462966
-1.5,1,0.7424011895892567,0.2506262005965871,1.4924305512737175,0.5038275853611516,0.318334533237341,0.7567005360428835
-1.5,2,0.7521795316749367,0.25112736423475396,1.4977757761764656,0.5000567910273963,0.31155131457100294,0.759209951118706
-1.5,3,0.7599136067507046,0.2465896217224889,1.4966685039605825,0.4856643136233213,0.3122099535925748,0.763197888337866
-1.5,4,0.7537043993967386,0.24605387092712364,1.5045576898282387,0.49117697058915516,0.3122200895713372,0.7619238156209988
-1.5,5,0.7413820181672519,0.2512984222899966,1.5047435819598884,0.510047018718239,0.31490046249748643,0.7579073005768848
-1.5,6,0.7568682777593766,0.2542721940579133,1.492034692020257,0.501253581235607,0.3126806938644395,0.7578498565508448
-1.5,7,0.756899119244148,0.25469579601393305,1.4831780025261163,0.4990879132756569,0.3140024882610266,0.7568073994338795
-1.5,8,0.7481293548354438,0.2500203181888436,1.5034243657498032,0.5024353554209954,0.31402841705023016,0.7585048970617629
-1.5,9,0.7531963076308261,0.25150537754847,1.4933668761064525,0.49866123371601195,0.31616737803661893,0.7572901207332237
-1.5,10,0.7486874476321347,0.24618587715151635,1.4948948583211694,0.4915562603714379,0.3175893818007892,0.7610292641804826
-1.5,11,0.7507843792758294,0.2417792454667065,1.5333106164320671,0.49378049695788445,0.30874765009399624,0.764630585223409
-1.5,12,0.7607173832631814,0.2489097204265137,1.5068057645533932,0.49303277385773536,0.31161845565383695,0.7590554975503976
-1.5,13,0.7543198746489864,0.24826882932307595,1.5034052773645976,0.4948148401672827,0.31378498143638467,0.7601298545148492
-1.5,14,0.7496058523776677,0.24725345801558218,1.533635251620982,0.5058613377885393,0.3080583883223355,0.7587117423484697
-1.5,15,0.7464419377893475,0.249631964647884,1.508972413217899,0.5046444057345387,0.31618058330003995,0.7583099719663596
-1.5,16,0.7468530965407987,0.2548021715943089,1.4704118153286208,0.5016570533335073,0.3192465588022217,0.7572950624155204
-1.5,17,0.752735724054565,0.25121131098281696,1.4807855451039855,0.4941841687362407,0.3162516540358475,0.7589481664738039
-1.5,18,0.762531183198356,0.24827557875095502,1.5179760965432871,0.4942439105488542,0.31058412975373756,0.7582617116571844
-1.5,19,0.764563542800948,0.25125671661035126,1.4929623905084202,0.4906287146358839,0.3113542873117936,0.7593445775409638
-1.4275,0,0.7241233897935678,0.25160458277006886,1.4165896747349684,0.49220955860808085,0.33767016022166,0.7593337849145316
-1.4275,1,0.7123712791762867,0.2516173323930209,1.4138160661945476,0.4993753081702126,0.3454385121051788,0.7587418170205972
-1.4275,2,0.7215227078511952,0.2546202125628139,1.424949200337542,0.5028543999144429,0.3401447594673491,0.7554515264273997
-1.4275,3,0.7145186715422621,0.24961931874630855,1.435666791875357,0.5015546560331253,0.3416443930266885,0.7577106645810773
-1.4275,4,0.7205575538757881,0.24980076004197915,1.4317507734531878,0.4963551203863321,0.3390595661379889,0.7585005406704314
-1.4275,5,0.7181219341817636,0.24520836763183787,1.436116699483727,0.49037331245210974,0.3404204586098637,0.7604380561259412
-1.4275,6,0.7097038789140551,0.24576594182510828,1.4373544989693814,0.49774672602366526,0.3422136885475419,0.7615295388184473
-1.4275,7,0.7189538187433758,0.24974095912493915,1.4582398208526257,0.5065446514081398,0.336929691854447,0.7564504461056185
-1.4275,8,0.7095739989153416,0.2497337552859447,1.438228827841075,0.5061829868150324,0.3420873805812048,0.757034783652884
-1.4275,9,0.7104164808037731,0.25390204091462726,1.3840847925791988,0.4946703280829781,0.35068482146443347,0.7587539337927738
-1.4275,10,0.713679375440393,0.2499053045860425,1.4280484976033687,0.5000521341071272,0.34102543593025114,0.7568811009761562
-1.4275,11,0.7061393781507157,0.2446847142360157,1.442078398830604,0.4996953177259087,0.34293465251735417,0.76096895804925
-1.4275,12,0.7114966377977573,0.25589602296830416,1.414292885534028,0.5086628741363051,0.34449300348823225,0.753980605770382
-1.4275,13,0.7184992716948485,0.25311401814639534,1.4350687214993114,0.5055481956969469,0.3405409718343573,0.7550733937595251
-1.4275,14,0.7166005604772018,0.2546414610955961,1.427410578018997,0.5072252733489602,0.339772818174546,0.7531802544203536
-1.4275,15,0.7067961557956948,0.2450244800781681,1.413532685222946,0.49002828952901734,0.34732411304870714,0.7641189383356616
-1.4275,16,0.7079455913770873,0.24516271247006866,1.4275404309324256,0.49435957857624035,0.3425892535160476,0.7618895499740447
-1.4275,17,0.7042693527356174,0.2521869206159495,1.4100787990351413,0.5049253226385986,0.3466548729495014,0.7572031200254696
-1.4275,18,0.7148398532017135,0.25127936005955603,1.4434023420635342,0.5073824790233727,0.34013115802943056,0.7573623559539052
-1.4275,19,0.7048435018335182,0.24766244750241395,1.4373863070337922,0.5050576615665929,0.3425184235821852,0.7587887503994887
-1.355,0,0.6748802662050876,0.2438217399495389,1.3726240905444578,0.495903659970848,0.3679000518899932,0.7610935182587084
-1.355,1,0.6835625249678886,0.2486030324916022,1.3621128177009512,0.49538317960313116,0.36928651059085843,0.759564378717248
-1.355,2,0.6730988048024673,0.2511750045141127,1.3525675936347341,0.504727046033824,0.3720799775614056,0.7572974483887713
-1.355,3,0.6834412094671132,0.25022929803605365,1.3582720764271479,0.49730607917445613,0.3683557973043235,0.7596111533384006
-1.355,4,0.6711836644721352,0.24901359622821181,1.3605181577610337,0.5047612704702853,0.37298032314829627,0.7587614018242919
-1.355,5,0.6756942964316563,0.24564269493596005,1.3642709845082537,0.4959686696000388,0.3679385034231493,0.7608200455580866
-1.355,6,0.6826704104030357,0.25321111954079684,1.3540898105584873,0.5022490965850941,0.36945143633385275,0.7562772816467102
-1.355,7,0.6681697654098362,0.24602092347494484,1.3513895527960011,0.49758328341800573,0.3743694451116983,0.7610103109263848
-1.355,8,0.6721451188562276,0.24611252825423033,1.3644365513711698,0.49960182686719856,0.37236674114267476,0.76018607635547
-1.355,9,0.6914201722369869,0.25150447717107827,1.3475063890292454,0.4901562081433275,0.3684819469379613,0.759695207539603
-1.355,10,0.6739568564303161,0.25061207558083304,1.363145745851675,0.5068882101689738,0.36890830394357166,0.7563078888534015
-1.355,11,0.6677537768612017,0.2496478446430014,1.3574065392292618,0.5074828904986316,0.3738598175708113,0.756838905775076
-1.355,12,0.6871709473933267,0.24787721993890552,1.3570805756939193,0.48952791385045813,0.36650262073380546,0.7616267445115368
-1.355,13,0.6828283961732932,0.25119860560325474,1.35446020161814,0.49827821440693554,0.36623334938212165,0.757178178337853
-1.355,14,0.67220470495136,0.25255571869610904,1.3510748928733893,0.5076157427469922,0.3713666291954392,0.755699027578511
-1.355,15,0.6752716026038685,0.25647689661484363,1.340111971324331,0.5089918755598737,0.3733733733733734,0.7522477522477522
-1.355,16,0.6765815167026583,0.24981075077111442,1.3594830987772253,0.5019550271211916,0.3711459455147381,0.756307914477115
-1.355,17,0.6926064115020077,0.25288601341315914,1.3492275235031232,0.4926329931975012,0.3662112496005113,0.7579301505927587
-1.355,18,0.6734437981202455,0.24904010987145472,1.3587080897634545,0.5024514486619529,0.37122060470324747,0.7576412225956153
-1.355,19,0.6783908815724302,0.24991117317369704,1.3510547557815773,0.49771258460411266,0.369875115447938,0.7598517751125633
-1.2825,0,0.64830748500102,0.24816913854468028,1.2958930642720197,0.49606193487941475,0.3947778177027189,0.7593876487797059
-1.2825,1,0.6349655873362366,0.252937627942303,1.2663598462768584,0.5044526223576784,0.4039095808864934,0.7569019015036996
-1.2825,2,0.6376136539051447,0.24394656181282917,1.2973635567348085,0.4963622989381631,0.40084505919400487,0.7625737566732228
-1.2825,3,0.6432174231894805,0.2530505977019651,1.2852037989238019,0.5056168843714604,0.3961832979192559,0.754320150057868
-1.2825,4,0.6413448805910478,0.24662859985986293,1.2902641521280336,0.4961699249792873,0.3984175191815857,0.7607303010890455
-1.2825,5,0.6362540012344637,0.24479956328433425,1.2950663650114582,0.49827848620822573,0.40128481366211793,0.7614483920121903
-1.2825,6,0.6432678805107888,0.2515191903268723,1.2782625154960847,0.49980352301668207,0.40079872204472844,0.7574519230769231
-1.2825,7,0.6355226586473355,0.24994494858559846,1.2783035215544298,0.5027444790902594,0.40465636356375545,0.7578027965864017
-1.2825,8,0.639302098550406,0.24760633500828844,1.2859468259998201,0.498056523392206,0.3976474366694769,0.7601131879956957
-1.2825,9,0.6408569276182583,0.2515348668495687,1.2755175488139079,0.500637697711382,0.4013081337024999,0.7586426891024363
-1.2825,10,0.6327560187261018,0.2500344227019395,1.2688502559185513,0.501387947083491,0.40325497287522605,0.7575552458690026
-1.2825,11,0.6387198118316559,0.24959253315633453,1.2853272603740147,0.50226731801486,0.40118900371064914,0.7569074066647953
-1.2825,12,0.6424751200518825,0.2493394071874414,1.279746240961661,0.49665918432136197,0.3986778846153846,0.7584664536741214
-1.2825,13,0.6399156287640754,0.249150332714492,1.2995366367888326,0.5059729296750479,0.39460154241645246,0.7576880178457617
-1.2825,14,0.6324266738274805,0.2515982456023198,1.2793875047013357,0.5089786135684,0.40396500521711215,0.7575552188820668
-1.2825,15,0.6298163580808891,0.2476767087464839,1.2791429161910584,0.5030258478264096,0.4057060541795046,0.75908672877764
-1.2825,16,0.6488098774284646,0.2505930220386863,1.2768775398761338,0.4931746766234504,0.3985223642172524,0.7590945512820513
-1.2825,17,0.6294653918099116,0.25071792128717485,1.2702550244096498,0.5059463210659745,0.405057175068449,0.7589413447782547
-1.2825,18,0.6466514061214015,0.24932446285934592,1.2883109958632903,0.49672426905556105,0.3987394790378555,0.7592555453050419
-1.2825,19,0.6459220348581224,0.24908568763569944,1.2856682986125236,0.4957898243890405,0.39816183816183814,0.7601601601601602
-1.21,0,0.604887516555071,0.2523947465704156,1.211460110549722,0.5054926068300284,0.4303812644872512,0.7550644567219152
-1.21,1,0.6068208056001709,0.24807693883456608,1.2148401178387713,0.49664384415559837,0.42952672849580065,0.7572054508180247
-1.21,2,0.6087530688268615,0.2565746117600877,1.2073085884588222,0.5088512045703436,0.42776397017557927,0.7524946116388601
-1.21,3,0.6055751938339221,0.2453064404897201,1.217072144473674,0.49301166662699475,0.42929091054440804,0.7621887759186614
-1.21,4,0.5888614960790566,0.24841817333351637,1.2037798647073021,0.507828745940129,0.43504214899366755,0.7595509183956838
-1.21,5,0.601913764212291,0.2536429153196182,1.2024988301023671,0.5067259249915097,0.4332879237118359,0.7554508425844582
-1.21,6,0.6220827197788499,0.2557215080137558,1.2045535367180642,0.495159626041937,0.4270820898491902,0.7555189191362741
-1.21,7,0.6026416790322301,0.2460364772730197,1.2100489010410296,0.49401855082164253,0.4323751649142446,0.7620362588546044
-1.21,8,0.62133858418345,0.2524813966939538,1.2111677929516909,0.49215893520768345,0.42697211155378484,0.7601606425702812
-1.21,9,0.5965877407466033,0.2523739755439749,1.1948563326845163,0.505459000056066,0.4349693005337293,0.7550735616602209
-1.21,10,0.5966924543021609,0.24634268664440817,1.1971779990327716,0.4942513392736256,0.43407805543299505,0.7602217878654912
-1.21,11,0.6092042925770684,0.25078175559705396,1.2060965239898307,0.4964951944546745,0.43112672682264636,0.7593572172797948
-1.21,12,0.6014641921813281,0.2527616450064829,1.215361236528134,0.5107481200299807,0.42942497393535967,0.7544090655175165
-1.21,13,0.6142015908229823,0.24576829243438106,1.223094811211754,0.4894124791081811,0.4260963078026049,0.7615795605190214
-1.21,14,0.6111233867219299,0.2430680488149745,1.2350267721118071,0.49121921080736924,0.42665026975563314,0.7626653759277187
-1.21,15,0.6039247701783377,0.25393252260833693,1.2238108095010114,0.5145762873083917,0.42895859072974374,0.7524589505801116
-1.21,16,0.607020673928195,0.2525563624816268,1.2009229385708922,0.4996546938401118,0.43081609748276417,0.7577438927031774
-1.21,17,0.6015153965816946,0.24707793464551167,1.213200156154869,0.49833302787894,0.4355543202033037,0.7583010960670535
-1.21,18,0.6059616034764289,0.2525883155618261,1.2007045313021723,0.5005002516811528,0.432178672739622,0.7562372351928237
-1.21,19,0.6117993883209389,0.2551685673627095,1.2204404906619983,0.509019880533617,0.42568704430734716,0.7546529275501238
-1.1375,0,0.5736854343702648,0.24528794652677058,1.1420200304252242,0.48828806062147195,0.46105397432831063,0.7631050814802922
-1.1375,1,0.5741641824540112,0.2522952197419301,1.136209176850349,0.49926511040980326,0.46077961498522246,0.757351173784152
-1.1375,2,0.565166812274817,0.24585654797871517,1.1373066302049966,0.4947464642696338,0.46320156368423154,0.7603786450603666
-1.1375,3,0.5696821721634181,0.24376876160338198,1.1567909756449992,0.4949944325904909,0.457800613374756,0.7604547463142248
-1.1375,4,0.5721098821941407,0.2434697031470263,1.157995279455386,0.49280177761199323,0.45786919159770845,0.7623069498069498
-1.1375,5,0.5740915154237431,0.25128112546368814,1.1507356834338276,0.5036795526076496,0.4563242767396263,0.7568475348874405
-1.1375,6,0.5683711832573316,0.24969647443687693,1.1431721761233453,0.5022176888287022,0.45976689229783313,0.7576399153117884
-1.1375,7,0.574524018373616,0.24902120416692813,1.1530009257171485,0.4997557451827026,0.45620685527313354,0.7586110108665143
-1.1375,8,0.5748459136077362,0.2532195619980908,1.1243762431606998,0.4952876119921323,0.46221406044153457,0.7567632559817242
-1.1375,9,0.5726153156738186,0.2493733428710744,1.1460538790480508,0.4991052092140916,0.4572388149214346,0.7576933850894394
-1.1375,10,0.5692833458640545,0.2518507318097899,1.1410883703594275,0.5048170532697964,0.4623017454371563,0.7559624186942905
-1.1375,11,0.5655271966413451,0.24851048850800145,1.1270012868421955,0.4952399141997772,0.4645950280673617,0.7607342378292099
-1.1375,12,0.5751817790015125,0.2508724984038067,1.1377943918065399,0.49626280275751894,0.4609216038300419,0.7593342690996591
-1.1375,13,0.5648476681328319,0.246746640686197,1.1560874698961097,0.505022354928421,0.46062128643777167,0.758616538939935
-1.1375,14,0.5751122740992021,0.248746126801822,1.1461854974460852,0.4957452934432667,0.45986535473847745,0.759890749889545
-1.1375,15,0.5778998379476125,0.25656145107692946,1.1300400302236202,0.501686781845873,0.4580186228669624,0.7529727349161228
-1.1375,16,0.5743817789177035,0.24097905374891648,1.1455764044692884,0.48062095295966656,0.4580295605752759,0.7651712920197599
-1.1375,17,0.571199050694269,0.24986676589585505,1.145889618218074,0.5012608697962231,0.4576311892086619,0.7575648558979894
-1.1375,18,0.5558823535093617,0.25013200227615057,1.1244622246586284,0.5059775435613295,0.46746678440974593,0.7569258978753937
-1.1375,19,0.5655322653759274,0.25096193878969325,1.129655843083585,0.5012987550001414,0.46443883479584885,0.7580960747514276
-1.065,0,0.5321086426127295,0.24752802621236977,1.070114796358912,0.4977994758039601,0.494501553908678,0.7596177013894466
-1.065,1,0.5347085999344497,0.2549105786986677,1.0594340643503097,0.5050619168454107,0.4931791815017802,0.7544694636643603
-1.065,2,0.5238147012249582,0.2519222895034832,1.0577094603932717,0.5086924598882769,0.494967867103189,0.7579080723702443
-1.065,3,0.522946271298252,0.24860854216469885,1.0502111403602905,0.49927014475486997,0.5005389867049946,0.7579048611389412
-1.065,4,0.5320453427884175,0.24994108490740563,1.0889089516760513,0.5115411467017222,0.491394422310757,0.7556224899598394
-1.065,5,0.5299700921715091,0.25551623085315617,1.054637286652505,0.5084757581290822,0.4935765776650155,0.7545393142357663
-1.065,6,0.5335833674131849,0.2456660803446594,1.0588200805188706,0.48748929381425854,0.4962178517397882,0.7619564343702274
-1.065,7,0.5305573501732048,0.24967667123852433,1.0558450373684667,0.4968734750122927,0.49573641859161693,0.7593221693777227
-1.065,8,0.536995572768015,0.25331238497948133,1.0657879424098697,0.5027551422492822,0.4942697970553124,0.7553277040611178
-1.065,9,0.5302904092230027,0.24637573006296734,1.063240604142529,0.4939872106343253,0.495652867512164,0.7598491534943432
-1.065,10,0.5352625610474036,0.24355729810407725,1.0838651593967328,0.4931846330056224,0.4915247509031003,0.7619815389576363
-1.065,11,0.5398396093957719,0.2542070417989515,1.0808403633848516,0.5089608592087107,0.4868436813735276,0.7530354638349028
-1.065,12,0.5314444257642327,0.25524766283320127,1.0660692698909364,0.5120228501158032,0.4936312130831358,0.7553060168040457
-1.065,13,0.5338376216768405,0.24660227662886944,1.0682146424131513,0.49345372459875275,0.49194740838428647,0.7610201385274452
-1.065,14,0.5278791078090891,0.25292784225600184,1.0379762064340445,0.49733561780092267,0.4996986378430506,0.7587703579819217
-1.065,15,0.5351758856730807,0.2496668745567509,1.0614448196482538,0.49517853425465636,0.491477729538511,0.7609855118611686
-1.065,16,0.5243311160595798,0.2486463239869659,1.0630611902504363,0.5041208675834988,0.4976523937557687,0.7594593517004904
-1.065,17,0.5316936606274485,0.25083898841053753,1.0532308088549174,0.49688640324244054,0.49639336378937243,0.7598818174558811
-1.065,18,0.5370970473524231,0.24903865073345946,1.0820214179893648,0.5017066381747635,0.487713953581593,0.7599888236937692
-1.065,19,0.5357579554796401,0.2562070373202715,1.0350053028708115,0.4949541850888636,0.4971149222631832,0.7567081935793004
-0.9925,0,0.4931646747931193,0.2517085553886666,1.0048204976512827,0.512854891715075,0.5251170796141376,0.7550465683335332
-0.9925,1,0.5004498412479974,0.249836181094709,0.995564092309076,0.49700871167678734,0.524113446886593,0.7580121134330753
-0.9925,2,0.48783701560525844,0.24734313554161513,0.983899495755373,0.49885674631723215,0.5307904964141191,0.7603530210454854
-0.9925,3,0.4889693092029936,0.2508783456156363,0.9916485183016802,0.5087909098205615,0.5285920230658337,0.7554738692664216
-0.9925,4,0.48981279639927994,0.2543463140490734,0.9750294630489964,0.5063059843246758,0.5315268368942158,0.7549594858899134
-0.9925,5,0.5018324789404144,0.2543904637685685,0.9916559700369998,0.5026932944819128,0.5235390584376625,0.7557102284091364
-0.9925,6,0.49346472034560945,0.25251900446327186,0.9768414645621727,0.4998757235915923,0.5297025723472669,0.7586783439490445
-0.9925,7,0.5022567159424197,0.2487640582409089,0.9946120198781477,0.4926240199214001,0.5231431646932185,0.7593209455391902
-0.9925,8,0.4960417299711472,0.2507681821876619,0.9762795135673074,0.49354686134686426,0.5295507327620725,0.7596499640374011
-0.9925,9,0.4971569524560071,0.25117527874975076,0.9974073188545263,0.5039134223160557,0.5251548451548451,0.7571171171171172
-0.9925,10,0.4965048101573916,0.248175153212255,0.9918660088107494,0.4957786786085802,0.5263094617881617,0.7610093025112789
-0.9925,11,0.4999513000845825,0.2555017648985714,1.0003037025072867,0.5112085144732057,0.5234628155378646,0.7537895452545694
-0.9925,12,0.4974902442144863,0.24956612944088816,0.990121362227566,0.49669467677307666,0.5256019261637239,0.760645933014354
-0.9925,13,0.5030995022194749,0.24773894258462287,1.0070475088326551,0.4958957102323747,0.5224920382165605,0.760048231511254
-0.9925,14,0.4974118299562412,0.2497235426834444,0.981105506661456,0.4925599435206201,0.5286336570355273,0.7601793650158145
-0.9925,15,0.4943993040525581,0.2453822963626999,0.9895482561583792,0.49113666113096927,0.5276643446232685,0.7634481656142594
-0.9925,16,0.49059131471222844,0.2524688082340731,0.9838486931137872,0.5063096299998496,0.5288465404253608,0.7568352767938871
-0.9925,17,0.4912658761966099,0.24975734264665622,0.9836070308386218,0.5000613519765513,0.5285427539140908,0.7591869270625747
-0.9925,18,0.4956519283492479,0.25179748102081984,0.9906406909894244,0.5032580654303429,0.5268010377170226,0.7554620164361595
-0.9925,19,0.49247244150818553,0.25140138824841546,0.9969872852666157,0.5089502811862016,0.5271401674478228,0.756879817869553
-0.92,0,0.4667641363090672,0.24805070830633402,0.9352263126293092,0.4970037996252856,0.5533922599139991,0.7585999035524835
-0.92,1,0.4558533337117836,0.24451258108830795,0.9284969695911083,0.49803121701186204,0.5597074574374551,0.7611498118344143
-0.92,2,0.46067463721744034,0.24814551391236028,0.9209752546922743,0.49608955955678413,0.5601340300769875,0.7589747703662107
-0.92,3,0.45347906000887006,0.2475627719248024,0.9008236686026984,0.4917766311202804,0.5666320664324497,0.7607005450464892
-0.92,4,0.46105628757898703,0.25014024085215913,0.9186832484915549,0.49841994401855494,0.5590094415106417,0.7585186370180771
-0.92,5,0.4572358165358066,0.24669324565822226,0.9307668225851261,0.5021782636236989,0.5575869104292515,0.7591489021317442
-0.92,6,0.4647279121586665,0.2414671989640147,0.9337101447120071,0.4851448931496865,0.5550601162512939,0.7640462985290571
-0.92,7,0.46128662355698885,0.25218493879317355,0.90363440096135,0.4940160292111541,0.563382535301412,0.7595296188152474
-0.92,8,0.4594646403168986,0.25046022422580183,0.9122698973836101,0.49729033097205827,0.5612539034350228,0.7592518583646392
-0.92,9,0.45441473352996786,0.24985111490336542,0.9041053574091992,0.49710476987405366,0.5648408051968883,0.7597558056021068
-0.92,10,0.4591994159418927,0.24709038012156337,0.9201249657861875,0.4951095747565564,0.5616361970765126,0.7596914795323987
-0.92,11,0.452660516157864,0.24720468528511308,0.9357848798211004,0.5110461338096179,0.5584108402822322,0.7576628352490421
-0.92,12,0.45472200456204337,0.24969028138007954,0.9210834960185919,0.5057718671805551,0.5588554434754652,0.7579726878209977
-0.92,13,0.4605539424798839,0.25234795997749526,0.9186196759002248,0.5033325737272017,0.5625274243089075,0.7574906742609603
-0.92,14,0.4647610867386582,0.24734181086783866,0.9201341585385326,0.489687401781663,0.55795802970573,0.760356812793828
-0.92,15,0.4550058166616568,0.247247215216883,0.9249688796792317,0.5026221012753095,0.559621248595731,0.7592917530706652
-0.92,16,0.4580946400892242,0.24867185159282196,0.9140880241903038,0.49620305849890267,0.5604625020073872,0.7612386417981827
-0.92,17,0.4639982128178263,0.2491664517463868,0.9254956433582299,0.49698998658179766,0.5578599578042276,0.7573857470155553
-0.92,18,0.45766769605362434,0.24801324044180703,0.9216557018761843,0.49945149977812237,0.5597891205367841,0.7591138530566461
-0.92,19,0.4596954661406105,0.2476267600889447,0.9300297539042272,0.5009843944712272,0.5582165808486009,0.7589690143103379
-0.8475,0,0.42087596364316365,0.2487555101137082,0.841549566831564,0.4973914166327712,0.5957633542107152,0.7579914169975535
-0.8475,1,0.4285879325298104,0.251614457379607,0.8386546338217601,0.49235551120720805,0.5913987106074561,0.7590602149678347
-0.8475,2,0.424527185468307,0.24935118819134158,0.8581614540839471,0.5040515320586378,0.5902296317076103,0.7581746316924183
-0.8475,3,0.4276011114475571,0.24754713128509198,0.8562162413015334,0.49568129880760065,0.5883526922923402,0.7586082494889165
-0.8475,4,0.4231848070473098,0.25383157884887153,0.849956169735421,0.5098144189570637,0.5936726052568507,0.7542257470159417
-0.8475,5,0.42191906020531145,0.246325951935211,0.8560057071808537,0.4997556180104585,0.5920847491505097,0.760176105663398
-0.8475,6,0.4327079503996508,0.2506514023261291,0.8524390825173122,0.49378582305506813,0.5891417451050479,0.7568993997018654
-0.8475,7,0.42994778512086873,0.24993480741934354,0.8449263943399595,0.4911678184212794,0.5952815950432918,0.7608975908468294
-0.8475,8,0.41972502580395465,0.24926460819054228,0.8444129554567696,0.5014765657343998,0.5954745694833801,0.759049141030763
-0.8475,9,0.4172160596894959,0.2489464091419269,0.8353993641213558,0.49846995835260416,0.6004064878651417,0.7587826715381218
-0.8475,10,0.42286169521949923,0.2514960569748923,0.8490281431190271,0.5049576082891879,0.5931476657984371,0.7578758235176682
-0.8475,11,0.4234086399461774,0.25363092629162015,0.8433864945803974,0.5052067380331686,0.5957692614134332,0.7541569603984256
-0.8475,12,0.42706974824721966,0.25144560374349556,0.8497026643347529,0.500278936433657,0.5913217356528694,0.7581516303260653
-0.8475,13,0.4206122247889691,0.2504629083663994,0.8516550226026597,0.5071369335328647,0.5908597175845838,0.7571093346060533
-0.8475,14,0.4298462821228582,0.24855345580968333,0.847000329732854,0.48976777927991977,0.5921785486950987,0.7596122908622909
-0.8475,15,0.42113087366735324,0.2476923760017788,0.8455028899593028,0.49729106276784757,0.594417601725033,0.7586649036342509
-0.8475,16,0.42401356918311406,0.2505011292083004,0.8492478463270101,0.501723435154408,0.5901889214231278,0.7575092744026487
-0.8475,17,0.41897203782811465,0.2520462817093706,0.8434011057845067,0.5073754177116871,0.5956782713085234,0.7551779288284686
-0.8475,18,0.4211135088235177,0.24862672613500508,0.8425207979424751,0.49742690107069626,0.5967438697547902,0.7607695692172313
-0.8475,19,0.4185641122276959,0.2544132804083101,0.8291109040400052,0.5039534416757862,0.5956512985705658,0.7560103318100536
-0.775,0,0.3795334699124306,0.2478674930523753,0.7752574089548736,0.5063087333832818,0.6317680881648299,0.7575332585350216
-0.775,1,0.3926050884180789,0.24719385317522158,0.792165854810416,0.4987671728694098,0.6246979121270948,0.7583504988085141
-0.775,2,0.3860362404619357,0.2474421426103039,0.7860452920775601,0.5038406006329138,0.6258992805755396,0.7582465972778223
-0.775,3,0.38599988104372396,0.25044889300445883,0.7747875702640756,0.5027066038506675,0.6281984543306771,0.7587006033483837
-0.775,4,0.38423714629346156,0.25005442089846175,0.7781260146740169,0.5063900038356345,0.6264558735241145,0.7558265040975415
-0.775,5,0.3921870918823096,0.25393163190520696,0.7690444236476361,0.49793761586382357,0.6256406149903908,0.7567535166240409
-0.775,6,0.3899187662587453,0.2525056328748728,0.7711387835908058,0.49937808444886256,0.6259324616988851,0.7578791989148648
-0.775,7,0.3848245364374598,0.24722711712767687,0.773526150101957,0.4969450282015906,0.6279674926938629,0.7603612965109309
-0.775,8,0.3858925248146756,0.24891992424695633,0.7850269656028107,0.5063815447151108,0.627893104271057,0.7558944234328479
-0.775,9,0.3959953446579368,0.2508908067455251,0.781588968126812,0.49519139404561724,0.6222834771492489,0.7589314322332585
-0.775,10,0.38423741963457614,0.24925933826740493,0.7627658114496756,0.49481516296815536,0.6307022449468722,0.7587919570616037
-0.775,11,0.387933436119077,0.25397862420901207,0.7668608639632337,0.5020610472187619,0.6304026818853015,0.7565248767189191
-0.775,12,0.39097471350179863,0.2477050545873238,0.7758703375562432,0.49155865502327545,0.6251548204083264,0.7604020663970206
-0.775,13,0.3966240045692758,0.253719909732132,0.7667865938134943,0.49051248317016094,0.6255525907045283,0.7573821863324093
-0.775,14,0.38470790341177447,0.24453181102164667,0.7788767097001235,0.49507725392813773,0.6295027095951546,0.7620061034371989
-0.775,15,0.3967897299598036,0.2475892478566521,0.7799558053897233,0.48667759429517893,0.6220920968769917,0.7614877892030848
-0.775,16,0.391802248695409,0.2516664432519114,0.7821025192262787,0.5023681204674607,0.6234691427199232,0.7571759814503878
-0.775,17,0.38718552336139345,0.2509279392485721,0.7802563742891745,0.5056700529146573,0.6258377814343621,0.7577642227803691
-0.775,18,0.38949407987184076,0.24925746408573035,0.7802956093635598,0.4993516329983426,0.6242334362098682,0.7596503133607441
-0.775,19,0.38302442299409545,0.2513313696398598,0.7748594271357883,0.5084440296993723,0.6297140571885623,0.7560312062412482
-0.7025,0,0.3442654375951797,0.24899598753091312,0.6949529287581887,0.5026368374135864,0.665395576606591,0.7589588232949336
-0.7025,1,0.3474045784318534,0.2496141776059476,0.6978436384453411,0.5014086650623845,0.663943616850873,0.7588700655266102
-0.7025,2,0.35311248652994903,0.2518427706381452,0.7070463762056296,0.5042713728509955,0.6597971083952392,0.7562695296851214
-0.7025,3,0.3503291806822052,0.2477184542602848,0.6946917926568913,0.49121793602565433,0.6634569282403708,0.7605718404613167
-0.7025,4,0.3467333644905356,0.25002554709089925,0.6936811169172685,0.5002056869222928,0.6636893985113659,0.7592761980513024
-0.7025,5,0.3429153579143929,0.2483203027977185,0.6923915848907098,0.5013916234617172,0.6659581294617791,0.7589164605441634
-0.7025,6,0.3512018610840085,0.2508045135813958,0.7038920341866851,0.502671878512005,0.6609375,0.7577076677316293
-0.7025,7,0.35467050203891903,0.25247096806584574,0.6910361243315757,0.49191167090438864,0.6605552435208216,0.7589136156975353
-0.7025,8,0.3483047726300903,0.24117305496633976,0.716786823199487,0.4963172528624249,0.6611895762880445,0.7624773778403379
-0.7025,9,0.36145077759119343,0.2497453463231894,0.7147631934530223,0.493867470634937,0.6562922868741543,0.7599903513709094
-0.7025,10,0.347097630450474,0.24543369137198293,0.7052413284700753,0.4986780875739491,0.6623756817452678,0.7618895627194382
-0.7025,11,0.3498313664233562,0.2466336254667448,0.7032976157367844,0.49582986947307645,0.6593914546404598,0.7608773536085347
-0.7025,12,0.3493776851278865,0.25018723996515885,0.6962871959922724,0.49860703531944567,0.662789764979546,0.7587568818319637
-0.7025,13,0.3470305126899166,0.24657628498834827,0.7114144108453483,0.5054827056955717,0.6614558281224948,0.7603384959284688
-0.7025,14,0.3519962582942831,0.25243487377078033,0.7072434902692407,0.5072011903094183,0.6605859811591889,0.7548100048100048
-0.7025,15,0.35422713449361193,0.25043910071942166,0.711495134825772,0.5030280980217323,0.6586302027108073,0.7580935611669134
-0.7025,16,0.3506197731950669,0.2453188615280663,0.7069541959440336,0.4946361037230856,0.6607278089999601,0.7602665489141344
-0.7025,17,0.35183536541948013,0.2444268902415447,0.7022583767557896,0.4878725905562105,0.6595182843882532,0.7626169719267376
-0.7025,18,0.3533224650020592,0.25034677061864974,0.6953447646372509,0.4926868046516836,0.6623106741797546,0.7601393281819274
-0.7025,19,0.3512465821278473,0.24708675834228108,0.7102819754773985,0.49965260805237593,0.659234648947242,0.7597729634663043
-0.6300000000000001,0,0.3188344773720937,0.2518930748542007,0.6278570062174818,0.4960342845240769,0.6951788491446346,0.7571720900373149
-0.6300000000000001,1,0.31477865859942467,0.24670586310884182,0.6299597262415302,0.49372711186243834,0.6958168839972884,0.760060987842555
-0.6300000000000001,2,0.30902249935696313,0.25587521505536226,0.6095099906125949,0.504683316751756,0.7032185478362197,0.755863496993589
-0.6300000000000001,3,0.3172649740080623,0.2551159536895775,0.6201404546875845,0.49866117119846637,0.6983160157649588,0.7549133877255737
-0.6300000000000001,4,0.3066198657492933,0.2516289291169301,0.6197534927826159,0.5086034048194288,0.7004573170731707,0.7549457562220804
-0.6300000000000001,5,0.31438222049947534,0.2477548990443709,0.6306684680108099,0.49701030285441034,0.6958624825104937,0.759615769461677
-0.6300000000000001,6,0.3109868368536016,0.24885243402401563,0.6201808632369383,0.49627025668703917,0.6994224290068988,0.7603717887346417
-0.6300000000000001,7,0.3199540803548878,0.25032705577070025,0.6446239497304002,0.5043436709302332,0.689908256880734,0.7556758924989971
-0.6300000000000001,8,0.3142647750898516,0.2462091112586708,0.6382469093670711,0.5000312372709648,0.6944222789658474,0.7591033044594161
-0.6300000000000001,9,0.315889276085428,0.2579689884006595,0.6122950950288435,0.500026934198805,0.700124313269439,0.7562542393169214
-0.6300000000000001,10,0.31445026161579387,0.24576504002773983,0.6324897280946492,0.49433529660166864,0.6951946545032609,0.7615067781021314
-0.6300000000000001,11,0.3122207528046016,0.2518773942737031,0.6373165291952265,0.5141414376183908,0.6941992939666238,0.753988513082323
-0.6300000000000001,12,0.31427901139056963,0.25276577873120787,0.6263044370267802,0.5037190617579851,0.6977052074139453,0.7580362128100822
-0.6300000000000001,13,0.3199032822327535,0.2535357028331714,0.6268185183022564,0.49677787760546605,0.6926817505927741,0.7580523151650277
-0.6300000000000001,14,0.3172876836106309,0.25132297546438553,0.6417764055152326,0.5083498797730267,0.6940289577599618,0.7557864334710578
-0.6300000000000001,15,0.30928120778209467,0.250841503023408,0.6189046039748085,0.5019605368281151,0.701962354825791,0.7582101478226129
-0.6300000000000001,16,0.30664968369825,0.2521565578072173,0.6161574997818058,0.5066633441075616,0.7028411364545818,0.7554578168732508
-0.6300000000000001,17,0.3075674170051472,0.25581988574868764,0.60858090072114,0.5061885228522435,0.7032552918537524,0.7547094508301405
-0.6300000000000001,18,0.3034836737769609,0.24786293039648896,0.6253830509861672,0.5107664399490865,0.703290529695024,0.7585326953748006
-0.6300000000000001,19,0.31098059401832784,0.24574659851738512,0.6337583505345986,0.500815684070265,0.6970655350494416,0.7607209943647336
-0.5575000000000001,0,0.28390893310664345,0.2497864003859931,0.5556659205362686,0.4888813768173607,0.7288406259980836,0.76062039115101
-0.5575000000000001,1,0.2789644925362876,0.2520786431728252,0.5567910487484267,0.5031290212714811,0.7312555013203169,0.7568983443973446
-0.5575000000000001,2,0.2774399860323071,0.25353380919026236,0.5594904701102812,0.5112808435486016,0.7317259086897215,0.75576294169259
-0.5575000000000001,3,0.28071267954764084,0.24702185151153866,0.5675508800290974,0.49943404565021554,0.7272836490328781,0.760597706660274
-0.5575000000000001,4,0.2760674506008009,0.2556375142945518,0.5388880852008142,0.49900852231540516,0.735379177377892,0.7563734862970045
-0.5575000000000001,5,0.2775698082245647,0.2508198642015493,0.5590809122813417,0.5052011938655593,0.7312530043262297,0.7581882089790701
-0.5575000000000001,6,0.2799138782458317,0.2507795399009238,0.5580943588394707,0.5000060997623924,0.72870637207813,0.7574352414454749
-0.5575000000000001,7,0.2784848625788118,0.2538551281705723,0.55252174956002,0.5036556682210823,0.7322297566812924,0.7545126353790613
-0.5575000000000001,8,0.2779590427688998,0.2509735448084652,0.553597453897582,0.4998517551995344,0.7318118118118118,0.7581218781218781
-0.5575000000000001,9,0.2766755288895427,0.251688128096731,0.5592070889605868,0.5087034115514503,0.7315355685364487,0.7561785171558826
-0.5575000000000001,10,0.27814470312619344,0.2508259954482473,0.5544880039271772,0.5000275180003902,0.731496315283563,0.7579098753595398
-0.5575000000000001,11,0.2782954280487244,0.2528559371038075,0.5610440107799011,0.5097579579258947,0.7307338899764292,0.7544154751892347
-0.5575000000000001,12,0.2745656541765574,0.2470104210640982,0.5497662936438446,0.4945921007020448,0.7345422591468286,0.7603348822304118
-0.5575000000000001,13,0.27452859872128194,0.2484365227156636,0.5541222561731947,0.5014567047813903,0.7332108919587959,0.7578344153241965
-0.5575000000000001,14,0.2740196602612905,0.2517148176517705,0.546423231397522,0.5019450937234393,0.734070351758794,0.7580895522388059
-0.5575000000000001,15,0.27600400282552584,0.2508399157391231,0.5542450280722514,0.5037128980638602,0.7314970732098468,0.7569239364673956
-0.5575000000000001,16,0.2814086157274592,0.2490169209708292,0.5672993181120048,0.5020000155287282,0.7266491186089176,0.7563588221134558
-0.5575000000000001,17,0.2736989196445797,0.24604515931100138,0.5625012777021573,0.5056677485778669,0.7320683568677792,0.7598117421825143
-0.5575000000000001,18,0.2779536324332787,0.2501513580945042,0.5607320971135822,0.5046449452457239,0.7305427598638093,0.7578589974036349
-0.5575000000000001,19,0.2791298568535939,0.24970834252834803,0.5491426507799685,0.4912606006523083,0.7317949536889172,0.7590573901891632
-0.4850000000000001,0,0.24521411297710816,0.25482538364638607,0.4834085331555596,0.5023559346716805,0.7645100477317396,0.756591806613746
-0.4850000000000001,1,0.23954951148323653,0.2502804876040886,0.48212331663687763,0.5037207466049133,0.767006257019092,0.758058082016914
-0.4850000000000001,2,0.24687045950873682,0.24532904730898675,0.48801975322486335,0.4849726506965303,0.7642308763276184,0.7636056473995414
-0.4850000000000001,3,0.2456175057674219,0.24995163318432545,0.49368596629295664,0.5023974702843576,0.7616818690990559,0.7572388417853143
-0.4850000000000001,4,0.240287058823621,0.2545562054531839,0.476345479259981,0.5046326601142748,0.7673866698845582,0.7560364374080114
-0.4850000000000001,5,0.24119116897263648,0.24841365932315143,0.4851972416764146,0.49972651491237596,0.7649907933712273,0.7582940282996242
-0.4850000000000001,6,0.2415434727108851,0.2474134529460836,0.4877444933568318,0.4995976413790035,0.766109785202864,0.7578439259855189
-0.4850000000000001,7,0.24028399850738222,0.2526743684026211,0.47724653166906933,0.5018559983640308,0.7679351966956731,0.7568128316642062
-0.4850000000000001,8,0.23978968585041285,0.249108334982245,0.48764784183988696,0.5065986950506288,0.7675834892329738,0.7564014953571572
-0.4850000000000001,9,0.24880903934363352,0.24834058501579764,0.4988108415551256,0.4978716871814968,0.7579355560885904,0.7580645161290323
-0.4850000000000001,10,0.25279546565517874,0.25529964084079176,0.47617387098382613,0.48089081789845756,0.762662402558465,0.7597358415049029
-0.4850000000000001,11,0.24179358830981532,0.24951012140562112,0.4883218615672855,0.5039060291729263,0.76488,0.75744
-0.4850000000000001,12,0.24748930499634414,0.2493507420268944,0.49685976470815435,0.5005967874656909,0.7621511882488754,0.7582700269303428
-0.4850000000000001,13,0.2342342298161692,0.25076402146514815,0.4703313885274808,0.503522437779487,0.773163195698407,0.7588420590932653
-0.4850000000000001,14,0.2448381350014483,0.2479611061190036,0.48694282438079417,0.49315390083925936,0.7641253096779349,0.7607111395851686
-0.4850000000000001,15,0.24389529686488454,0.2524627170110282,0.48756384350852017,0.5046907186434689,0.7638,0.75532
-0.4850000000000001,16,0.24555852450268792,0.2543710972663117,0.49169949446354644,0.5093455427185302,0.7615134875145296,0.75430122549998
-0.4850000000000001,17,0.24242705587187324,0.2539368296123301,0.480192357183744,0.502990577304862,0.7662560985363512,0.7551812434984396
-0.4850000000000001,18,0.24068840290787086,0.24606306139129627,0.4878357883603816,0.49872933672728514,0.7676465901848311,0.7608451156812339
-0.4850000000000001,19,0.24142834398952556,0.2491185817665217,0.4929110643953825,0.5086118028649187,0.7646375650780937,0.758050339592489
-0.4125000000000001,0,0.2038976665654912,0.24747770801249339,0.4062039807967591,0.49302393620499874,0.8042534549364769,0.7603149732835162
-0.4125000000000001,1,0.20420470186933626,0.25326216656527206,0.408583088839985,0.5067397437682808,0.8036905380037545,0.7557985819012139
-0.4125000000000001,2,0.207000811446926,0.24562977784004153,0.4164814960342461,0.4942022044759438,0.7993054723985151,0.760772838417445
-0.4125000000000001,3,0.2045090661408249,0.24801664285370026,0.41379010560465596,0.5018204560548727,0.8016502571052736,0.7579175530847349
-0.4125000000000001,4,0.2063404126341374,0.24630286709958626,0.4166704199066446,0.49736800342918497,0.7994818652849741,0.7592533119229226
-0.4125000000000001,5,0.2066613090911005,0.24756605112165092,0.40317881313096177,0.4829805206486254,0.8027746681592836,0.7635665119257243
-0.4125000000000001,6,0.20866190463422965,0.25448560415978966,0.4115754805662533,0.5019605040645105,0.7983955494638394,0.7579185520361991
-0.4125000000000001,7,0.20367564821054818,0.25208718316262524,0.40267910235975546,0.4983916414366324,0.8035463553576443,0.7586248155386273
-0.4125000000000001,8,0.20502587433075434,0.25236080256441673,0.40198490890650795,0.4947923502902642,0.8045469023729893,0.7575952419225205
-0.4125000000000001,9,0.20951559973357853,0.24346167396897905,0.4164447568945388,0.48391784553548783,0.7999681984417236,0.7648526807277412
-0.4125000000000001,10,0.20830662540889353,0.24904876859325042,0.4100989993885071,0.49030918050996986,0.8004243734486348,0.7618495723763089
-0.4125000000000001,11,0.20136256034149347,0.25323268745589406,0.4066659607496844,0.5114213583837465,0.8041680051397366,0.7560168951227287
-0.4125000000000001,12,0.20554248497429511,0.2517787670581238,0.4168164844119524,0.5105783388182128,0.8006332919155076,0.7567761765997365
-0.4125000000000001,13,0.20926374323287586,0.2552445794526915,0.4139431744937273,0.504897551093622,0.7996245706526081,0.7546270330902972
-0.4125000000000001,14,0.20867291256116824,0.2510444975502007,0.41093629590159636,0.49437799407489763,0.7981669815492222,0.7597818731839351
-0.4125000000000001,15,0.2034311480472907,0.2438771237009559,0.40859659830354017,0.48983336182666426,0.8018860353130016,0.763755980861244
-0.4125000000000001,16,0.20463902840236114,0.2503660661787957,0.41545853257355925,0.5082936489335723,0.7994548442698521,0.755757793477827
-0.4125000000000001,17,0.20535526748463748,0.2500554934789689,0.4120967734719581,0.5017989716739564,0.8002556727388942,0.7566485100929189
-0.4125000000000001,18,0.20473178019934798,0.2542322649149191,0.4090489202578393,0.507949637114931,0.8011848056678541,0.7536075468681297
-0.4125000000000001,19,0.19956896675298577,0.25495341965835244,0.3979284319884347,0.5083616764940719,0.8065939355045725,0.7543880644646561
-0.3400000000000001,0,0.17355500065128798,0.25528224974858515,0.34317593186278056,0.5047778722407423,0.8326605651252947,0.7538732535329677
-0.3400000000000001,1,0.16541079836903944,0.24969335025071182,0.3335062948824006,0.5034393456774173,0.8378072901949704,0.7597415467554605
-0.3400000000000001,2,0.16955403297631685,0.24741899992527408,0.3457693898189993,0.504558429735131,0.833952763457619,0.7576970813148096
-0.3400000000000001,3,0.1692925221660998,0.24471233277603263,0.3394863998391719,0.4907275748947195,0.8364802421924793,0.7617689588688946
-0.3400000000000001,4,0.171588007045204,0.2498956376071786,0.3441669658488592,0.5012344676948834,0.8342327217492105,0.7583156546451587
-0.3400000000000001,5,0.17031210351374237,0.24721341133598332,0.34600033994284407,0.50223044983869,0.8346444116120273,0.7590255239011099
-0.3400000000000001,6,0.17008950349993732,0.24856337663950492,0.34245152491931513,0.5004477385009469,0.8333735909822866,0.7600556438791732
-0.3400000000000001,7,0.1810755690202535,0.25178516918899857,0.3578141227927709,0.4975397284849289,0.8270481663274671,0.7580289483180306
-0.3400000000000001,8,0.17245592686245279,0.2500219897217824,0.3419972561512658,0.4958184738442072,0.8340667253380271,0.759819214462843
-0.3400000000000001,9,0.16729747679150392,0.2516991140475356,0.3338220499803714,0.5022353943467166,0.8376466805979746,0.7580028666985189
-0.3400000000000001,10,0.16770645663751443,0.25322690437686174,0.3376686116143622,0.5098597808261763,0.8353848016465556,0.7556797906506483
-0.3400000000000001,11,0.16822910720660256,0.24559513267643032,0.3421752793510183,0.4995365221049555,0.8352565382311838,0.7593668603486275
-0.3400000000000001,12,0.16294809098873814,0.24472660237290195,0.3404674628024873,0.5113373521874135,0.8388340158997832,0.7602215669084244
-0.3400000000000001,13,0.17442110849339218,0.24957678774573216,0.34914142143079036,0.49958170305388655,0.8323982332577295,0.7576098757489244
-0.3400000000000001,14,0.16809840324402445,0.24107722276728463,0.3450252640964288,0.4948157201241754,0.8355005983246908,0.7632972322503009
-0.3400000000000001,15,0.17100714746322876,0.24556044352887596,0.3478210976365357,0.499459258114892,0.8331869711001118,0.7599005932339266
-0.3400000000000001,16,0.1667061507754778,0.2561405153953971,0.33191350888601434,0.5099781671958815,0.8376741368867353,0.7550227858133545
-0.3400000000000001,17,0.17521480118766508,0.2538330980326143,0.3458934672104567,0.5010947121826468,0.8309407330178844,0.7565238209241082
-0.3400000000000001,18,0.16742761436460366,0.25127545717939265,0.33653153319332957,0.5050667130350831,0.8369343007175212,0.7565161856863449
-0.3400000000000001,19,0.17007688298400783,0.25309904900421804,0.3424431407215654,0.5096050194122825,0.835145072336344,0.7546240691808792
-0.26750000000000007,0,0.13451739313412714,0.2483883868019432,0.26907651015251316,0.496853817382841,0.8701775384001595,0.7592540605574494
-0.26750000000000007,1,0.13407761576451888,0.25530551016228703,0.26416771364280955,0.5030181400184929,0.8713302935765139,0.7549003920313625
-0.26750000000000007,2,0.13733547951097524,0.24863649522508482,0.2764635738819211,0.5005183970825896,0.866946946946947,0.7595204795204795
-0.26750000000000007,3,0.13312889953812002,0.24804257904071006,0.26393011523683274,0.49174827326737086,0.8723064006716508,0.7619562172329611
-0.26750000000000007,4,0.13227694387432354,0.25164359091145383,0.26551295154567517,0.5051117043037614,0.8711843957369797,0.7579073005768848
-0.26750000000000007,5,0.13490155922724564,0.24621916388923137,0.2683306693745686,0.48975084823111886,0.869998803302884,0.7617825197545225
-0.26750000000000007,6,0.12905715239647875,0.24739948751718815,0.26365569457415905,0.5054216872711268,0.8751192368839428,0.757890499194847
-0.26750000000000007,7,0.13868879256183336,0.2550618091755482,0.27388211722997086,0.5036951222310252,0.867109634551495,0.7557660790662349
-0.26750000000000007,8,0.13290329732585307,0.24617019096968518,0.26726640050092204,0.49504430796611937,0.8705985564461459,0.75921839264936
-0.26750000000000007,9,0.1341140904665028,0.24942248196934977,0.26853967610553114,0.49942427591690064,0.8705952856572113,0.7588706447737285
-0.26750000000000007,10,0.13425927252304032,0.2521475509226538,0.26321814287804074,0.49434060558995924,0.871968031968032,0.7587587587587588
-0.26750000000000007,11,0.13124108504060666,0.24431922796116803,0.2657212751705858,0.49466839429472703,0.872297135562116,0.7615705462420791
-0.26750000000000007,12,0.13189086369753913,0.25057609311322004,0.25885743252740906,0.49179664381292076,0.8744021045918368,0.7596339113680154
-0.26750000000000007,13,0.12988960434165867,0.24874714095682338,0.2642548857539933,0.5060654980692386,0.8722651222651223,0.7584341183959261
-0.26750000000000007,14,0.1327924065460067,0.24668371145051968,0.2710156988092631,0.5034561853539633,0.8709046649906221,0.759311976263983
-0.26750000000000007,15,0.13508511297609163,0.2526400398489994,0.26780396369512216,0.5008546283825537,0.8694900257400258,0.7584739019732655
-0.26750000000000007,16,0.13341046497156814,0.2511518107767935,0.27102398657101456,0.510216083916371,0.8698709496983499,0.7549157022145689
-0.26750000000000007,17,0.135250913406726,0.2483270750450711,0.271235166056907,0.4980005956316619,0.8684728075456553,0.7602551325493323
-0.26750000000000007,18,0.13308955817364604,0.25062587678441256,0.2679411733294122,0.5045699483404372,0.8698857944299739,0.7564384108604512
-0.26750000000000007,19,0.13157199053050445,0.2494790991729454,0.2675151148254635,0.5072464860697719,0.8706223331454794,0.758406868590508
-0.19500000000000006,0,0.09804751178467089,0.2505406473675998,0.19701514337839587,0.5034324753864989,0.9048340174550672,0.7558919179347171
-0.19500000000000006,1,0.09577922917933417,0.24820164858750474,0.19223358633032728,0.49815281924789584,0.9071197540230803,0.7588251793084104
-0.19500000000000006,2,0.09445215362371169,0.2549398395948576,0.18792939250585236,0.507248245195897,0.9084611380290714,0.7537059975226755
-0.19500000000000006,3,0.09772606107907969,0.2533283981849244,0.19345978721791482,0.5014922065614906,0.905584733191677,0.7563555094384803
-0.19500000000000006,4,0.09960219179309432,0.24760669381646225,0.2002438088107517,0.4977973532936213,0.9033779732160704,0.7598959375625375
-0.19500000000000006,5,0.09762299471417779,0.24180023137622153,0.20228755422008168,0.5010415584786608,0.9040649113037944,0.7607208946817926
-0.19500000000000006,6,0.09796135213564237,0.2510324178612398,0.19677998481947642,0.5042616735989105,0.9047714194373402,0.7558456117873158
-0.19500000000000006,7,0.09776497970546673,0.250977739780487,0.19172874722343386,0.4921971832250178,0.9064402435116949,0.7600671140939598
-0.19500000000000006,8,0.09775965438731368,0.25263972944640045,0.1944827100621427,0.5026005826231585,0.9058297753481506,0.7558843578331128
-0.19500000000000006,9,0.09789996811136711,0.2471074491513854,0.1952019703309261,0.4927055839581926,0.9055196618010688,0.7604509347669101
-0.19500000000000006,10,0.09747827823405969,0.24719509599225117,0.19825969442934854,0.5027666171757753,0.9043046887502,0.7584386498160295
-0.19500000000000006,11,0.09709780918480856,0.25070940058714125,0.1944763504260569,0.5021436596050393,0.9057470346259835,0.7561395777412764
-0.19500000000000006,12,0.09650762939134877,0.2502660865169644,0.19248284288832337,0.49915149833365074,0.90628,0.75768
-0.19500000000000006,13,0.09534975460771442,0.24973741921400958,0.1924953113573512,0.5041783533367654,0.907302808156071,0.7580381036066621
-0.19500000000000006,14,0.09644750817401176,0.2503276422354018,0.19471891207156072,0.5053891705483221,0.9063113604488079,0.7577161110001996
-0.19500000000000006,15,0.09074126323001787,0.25383470975887934,0.17657380686164798,0.4939380323826026,0.913343773842509,0.7590947125154401
-0.19500000000000006,16,0.09619820429744165,0.24833490686058365,0.19848705006264408,0.5123927567081374,0.9051226551226551,0.756666134440364
-0.19500000000000006,17,0.09555224962412157,0.2491311353006964,0.19369677195446833,0.5050210423189753,0.9067035522411996,0.757961529252135
-0.19500000000000006,18,0.09635119975574603,0.25144005808336506,0.19244055049711642,0.5021967896326487,0.9060751237972543,0.7579984897261635
-0.19500000000000006,19,0.10014220202096093,0.24602781317149755,0.2024791467745978,0.4974476363457438,0.9016045776479532,0.7596065416450078
-0.12250000000000005,0,0.06289927442126879,0.24339376661562684,0.1274625045293372,0.49322634267409693,0.9387092897488283,0.7640691776171267
-0.12250000000000005,1,0.06117705413560794,0.24444761930813177,0.12307719092324325,0.4917844890933999,0.9407297869789377,0.7631210216581928
-0.12250000000000005,2,0.06423494322050978,0.24584434967784907,0.12465722542713768,0.4770966234464507,0.9390063551700707,0.7658220247388015
-0.12250000000000005,3,0.06333910740280216,0.2501599041616683,0.12400860267654785,0.4897760867311367,0.9394643071625896,0.7608999720257363
-0.12250000000000005,4,0.05972280126034469,0.24742881068776854,0.1201903092484317,0.49794290699623706,0.9422977230131195,0.7596597520362717
-0.12250000000000005,5,0.060611063237575584,0.24825384741908865,0.12030880882987639,0.49276688239826877,0.9416726633085473,0.7606659729448492
-0.12250000000000005,6,0.06103194256355468,0.25074092693856853,0.12004382999588747,0.4931827489364392,0.9414497396876251,0.7596084698361966
-0.12250000000000005,7,0.06147893303408937,0.251554622024649,0.12100697162494221,0.49512672890047077,0.9410750100280786,0.7596330275229358
-0.12250000000000005,8,0.06259730217416311,0.2549426099861115,0.12419796828595521,0.5058261792448733,0.9394825376481897,0.754154682007031
-0.12250000000000005,9,0.061423163175605686,0.24415740883168097,0.12394230162773896,0.4926713253686967,0.9405332056194126,0.7628688261706222
-0.12250000000000005,10,0.06432254135715272,0.247004740822783,0.1294260462555395,0.49700845670196914,0.9376797698945349,0.7606536366549183
-0.12250000000000005,11,0.05989214178370814,0.2536882522478621,0.11778071900724131,0.49888990214024115,0.9427185633543111,0.7579132239651938
-0.12250000000000005,12,0.06156879262463136,0.25737812622962664,0.11941311359991806,0.49918671644206986,0.9409891571607079,0.7567385177245842
-0.12250000000000005,13,0.06429022383313282,0.2533031958423895,0.12919610267414683,0.5090320696764662,0.9376078321229386,0.7558320373250389
-0.12250000000000005,14,0.06058695960881067,0.2503193286119575,0.11932169701137663,0.4929860695697243,0.9421481008617938,0.7596246390760346
-0.12250000000000005,15,0.06078695693093131,0.25568740273463303,0.11990159089398164,0.5043405346687585,0.9417991531517137,0.7543859649122807
-0.12250000000000005,16,0.061839758308901864,0.24661674403082498,0.12637741659845253,0.5039927039309114,0.9394824207031719,0.7591903676147046
-0.12250000000000005,17,0.06212718688813102,0.25055548237600034,0.12375823497572909,0.49911006461923235,0.9400272239570823,0.758772280393254
-0.12250000000000005,18,0.058644263661114415,0.2508139298988905,0.11893458287117496,0.5086678264592911,0.9429029029029029,0.7565234765234765
-0.12250000000000005,19,0.06244752365900708,0.24421247977071034,0.12473134570117224,0.4877847743835633,0.9399339671426866,0.7627207272434737
-0.05,0,0.023327060132898498,0.2488015481859749,0.04756223466577757,0.5072888547726193,0.9771218302535797,0.7567005360428835
-0.05,1,0.022961596463213878,0.25099742344042164,0.04576803163188353,0.5002987503045154,0.9776945685871885,0.759209951118706
-0.05,2,0.02505025872932538,0.2458736707552314,0.049609369949167245,0.48692662319597957,0.9759161465834534,0.763197888337866
-0.05,3,0.026386565571974933,0.24462597939827177,0.053264745366978034,0.4938096421550066,0.9742882277671145,0.7619238156209988
-0.05,4,0.02443150549949739,0.25018493927702196,0.05003042131196253,0.5123244622888536,0.9760707822240097,0.7579073005768848
-0.05,5,0.02355418654885918,0.2512923430203147,0.047511938050193527,0.5068901959022416,0.9771522646964343,0.7578498565508448
-0.05,6,0.025089028291058756,0.2524440980929097,0.05000270584465525,0.5031238289789649,0.9756792551270217,0.7568073994338795
-0.05,7,0.023983931290592994,0.24765110017679764,0.04910663977454919,0.5070608825052264,0.9765059035421253,0.7585048970617629
-0.05,8,0.024987445708935543,0.24953176705500196,0.050294537418481104,0.5022556103347362,0.975826718257609,0.7572901207332237
-0.05,9,0.02338363081522286,0.24648107662418414,0.0465837034649594,0.4910273119651757,0.97748017059269,0.7610292641804826
-0.05,10,0.022425810199080156,0.24220579809302178,0.045640972907125585,0.4929368513591434,0.9782008719651214,0.764630585223409
-0.05,11,0.025720910679680634,0.2505042483082371,0.05034152674545373,0.4902923723467276,0.9754960554625867,0.7590554975503976
-0.05,12,0.025861949505588278,0.24858967915866,0.051417402311301375,0.49423325727924106,0.9751686694079604,0.7601298545148492
-0.05,13,0.0264005218147861,0.2454427127740626,0.05480786297209187,0.5095426016043811,0.9739252149570086,0.7587117423484697
-0.05,14,0.024563050944013544,0.25136886585617335,0.048988777664802245,0.5013324081503312,0.9765081901717938,0.7583099719663596
-0.05,15,0.024750576150350603,0.25469513995033566,0.048768514962785406,0.5018510950275683,0.9761732270788055,0.7572950624155204
-0.05,16,0.025439105836244032,0.25012498095841773,0.050456160650209886,0.4961002286443552,0.9753799270219335,0.7589481664738039
-0.05,17,0.02452248287449519,0.2467233428973983,0.049399642701667204,0.49701512883789895,0.9763651504937145,0.7582617116571844
-0.05,18,0.025120525671943474,0.24982313367514908,0.04958309700040181,0.4931029243466039,0.9758776308958026,0.7593445775409638
-0.05,19,0.02496262641270946,0.24655178587207363,0.05163470805142051,0.509987581938862,0.9752729608220938,0.7586894132653061
