tauN,replicate,sigma_meta,m_dist_R1,m_dist_R2,m_dist2_R1,m_dist2_R2,mean_conf_R1,mean_conf_R2
-1.5,0,0.001,0.7445698194561543,0.2439531331353155,1.5214658258025942,0.49849771702264106,0.3132256134051466,0.7605775015039101
-1.5,1,0.001,0.754244623539161,0.24869719466502074,1.5010072065667504,0.49492733497191216,0.3126127209330287,0.7612279931334585
-1.5,2,0.001,0.745156744393475,0.25175979900620343,1.508030284710951,0.5095054218198408,0.31296728032800064,0.7563092110500756
-1.5,3,0.001,0.7440883364955717,0.24763924669071927,1.5216344828370627,0.5064135514381026,0.31276706201829,0.7581633879562483
-1.5,4,0.001,0.7594838954791273,0.25110631137775463,1.4921505245251405,0.4933460952421042,0.31542074675583154,0.7583407026288287
-1.5,5,0.001,0.7386298802119059,0.2500327948432747,1.5105697940091003,0.5113413328114601,0.316329392907233,0.7566779796366541
-1.5,6,0.001,0.7503868612394994,0.24687759122045008,1.495269476613537,0.49194428324884115,0.3158883735806813,0.7615655514647031
-1.5,7,0.001,0.7464022413890785,0.25008315558629823,1.4959093347700967,0.5012065963442053,0.3174666560178899,0.7575526885167081
-1.5,8,0.001,0.7432755339420088,0.2511828459489927,1.4917728634348895,0.5041303476784272,0.31819458375125376,0.7588833499501495
-1.5,9,0.001,0.7541500176559055,0.2472420384173661,1.5183871242923022,0.4977910481041699,0.3113688910149087,0.7591314120574777
-1.5,10,0.001,0.7431158933094028,0.24622308954992783,1.4937026503682949,0.49492156573950047,0.319769995607555,0.761509796850583
-1.5,11,0.001,0.7509919590392854,0.24793227737298337,1.511433742747603,0.49898431724510955,0.31395904708788147,0.757892200176721
-1.5,12,0.001,0.751606293646801,0.25576664950320854,1.4583618129743146,0.49627087721427154,0.3218704804756548,0.7583240401465668
-1.5,13,0.001,0.7579908734604307,0.25423325713059236,1.48299780312108,0.4974035638236046,0.31355252606255013,0.7562250598563448
-1.5,14,0.001,0.7580365985722602,0.2582308805940873,1.4917519314441017,0.5081765387189546,0.31191222570532917,0.7534437455211402
-1.5,15,0.001,0.7545800994232178,0.24731616198583395,1.5204875000465232,0.49834488498487844,0.31106779121578615,0.7581241956241956
-1.5,16,0.001,0.7501296787219784,0.2480492671038599,1.5156534994306106,0.5011889948917817,0.3124005093919134,0.7558700546799614
-1.5,17,0.001,0.7467333978614862,0.2561359307872206,1.4850157601437686,0.5093730842191034,0.3143030058503127,0.7536387071187785
-1.5,18,0.001,0.7442166533529968,0.2521319444012453,1.4896643858007361,0.5046809640781791,0.31730113522403625,0.756451677236648
-1.5,19,0.001,0.7581663430718351,0.2513174450247253,1.5087621854872815,0.5001254158424937,0.31270630344004774,0.7562663447998391
-1.4275,0,0.001,0.7132677319170719,0.24675831708687246,1.4227887894597302,0.49222045460199004,0.34598534331687114,0.7622127591193958
-1.4275,1,0.001,0.7076095988240673,0.24602207006877205,1.424949103455084,0.4954270388039527,0.34469226764906097,0.7618172373836257
-1.4275,2,0.001,0.7132712927228613,0.24986875430831204,1.4320140627772564,0.5016542424582981,0.34306656574911365,0.7574406555006628
-1.4275,3,0.001,0.7164420048483612,0.24713223101634998,1.4455019759952492,0.49861695133559064,0.3375434669651065,0.7597374004243225
-1.4275,4,0.001,0.7143158824986864,0.24783998325603665,1.448416761559022,0.5025445950842498,0.33917311836539227,0.7590008820463475
-1.4275,5,0.001,0.7220922006222986,0.25328594871069976,1.4109456528821238,0.4949128490260701,0.34342505199168133,0.758801408225316
-1.4275,6,0.001,0.7133105241310025,0.24905973153350164,1.4344384606450804,0.5008489932835768,0.33845721624658853,0.7586509328655717
-1.4275,7,0.001,0.7144746156915432,0.24567695297519088,1.4244847212460037,0.48981875379393497,0.34568146587702214,0.7620063604524777
-1.4275,8,0.001,0.7074643518871716,0.25483807038857303,1.4187942862837777,0.5110685750178315,0.3445864480347239,0.7545982960426786
-1.4275,9,0.001,0.7069438136820816,0.2499101816641093,1.419203945620839,0.5016997235200705,0.34557027903438886,0.758203109388114
-1.4275,10,0.001,0.7294423324119166,0.25545718683405505,1.4234673815945904,0.49851092635359623,0.3409343715239155,0.754390204607701
-1.4275,11,0.001,0.7078024475338994,0.25223262764164744,1.4133055297034687,0.5036458529630939,0.34677709758732445,0.7560683008757548
-1.4275,12,0.001,0.7129534681744458,0.24980789686824814,1.4518496712774573,0.5087057278497416,0.3378167407229494,0.7571845397497902
-1.4275,13,0.001,0.7090754438501736,0.2479581872913926,1.4238451784451354,0.497907623924775,0.3443684778697373,0.7589739485373564
-1.4275,14,0.001,0.7173674312051055,0.25452350833029574,1.4103601249793376,0.5003988073669055,0.3445954069977155,0.7574354265639347
-1.4275,15,0.001,0.7271350283895546,0.24870323817988818,1.4452945076987553,0.4943365539470569,0.3364994833479056,0.7587567436991707
-1.4275,16,0.001,0.7172614545984968,0.2429338696438278,1.457433026854441,0.4936273135695813,0.33583250249252244,0.7618856569709127
-1.4275,17,0.001,0.7103534252429313,0.24826910372200672,1.4421054815907046,0.5040170465352167,0.3378975265017668,0.7585272553394964
-1.4275,18,0.001,0.7095891621248497,0.2491490030115922,1.4376924776949975,0.5047986448698754,0.34099831744251263,0.7582874031472162
-1.4275,19,0.001,0.707508632349584,0.25152519578951016,1.4134881405120818,0.5025067752286925,0.34814755605291553,0.7574762800752632
-1.355,0,0.001,0.6675562727521681,0.24725928627669552,1.3467071851958825,0.4988131653117629,0.37598685528794135,0.760849602746836
-1.355,1,0.001,0.6777791002592295,0.2513220713566156,1.3543073768296627,0.5021803343717672,0.36952251132582287,0.757113780580277
-1.355,2,0.001,0.6730784035060687,0.2508422702846612,1.357158060849391,0.5057844782201812,0.3711905810740459,0.7568420632066802
-1.355,3,0.001,0.684718034672723,0.2503164798007863,1.3489650014281083,0.49314922848986026,0.36408080808080806,0.7615049504950495
-1.355,4,0.001,0.6772594730666005,0.25695714930527547,1.3412904145072198,0.5088952979006524,0.37250892176911665,0.753960336778261
-1.355,5,0.001,0.6799214615154547,0.2516708475465429,1.3560061659211944,0.5019215311943319,0.3687099358974359,0.7573482428115016
-1.355,6,0.001,0.6763325502726147,0.24720795491680253,1.3613545898578419,0.4975920262002896,0.36781424496846504,0.7616999243238938
-1.355,7,0.001,0.6737932851771447,0.2501308203076863,1.3542060688764122,0.5027189826990486,0.3718482350116065,0.7572159590629247
-1.355,8,0.001,0.6714085725906601,0.25383716932414163,1.3334299555616589,0.5041253556024314,0.3785306220286844,0.7559373623292883
-1.355,9,0.001,0.6810446679272306,0.2514852036905152,1.3689617723319518,0.5055081500119977,0.3658839060687282,0.7561092668879734
-1.355,10,0.001,0.6793239866619043,0.2484787131523792,1.3385690005138722,0.48961307011655614,0.37436224489795916,0.7609585741811176
-1.355,11,0.001,0.6825640441667923,0.25304188843860875,1.3393742998320808,0.49653626652626703,0.3710421766523536,0.758821418603724
-1.355,12,0.001,0.6795433846316448,0.24901751457830085,1.3815436238954222,0.5062643052443546,0.3659859604339502,0.7574213735558408
-1.355,13,0.001,0.6827348688523892,0.24866257772773928,1.3624842938329387,0.4962378107149338,0.36835387499501415,0.7593164587428296
-1.355,14,0.001,0.6766142718556422,0.24857855826722722,1.3386149773625973,0.4917882979842094,0.37491002159481723,0.7609426262302953
-1.355,15,0.001,0.6753777414559596,0.24371473513956285,1.3481694085186064,0.486496267425181,0.37437716745724875,0.7642997631758519
-1.355,16,0.001,0.6836160250733376,0.2541626356987394,1.374015235033903,0.5108472019639613,0.36544837227880966,0.7542559583416784
-1.355,17,0.001,0.6656811026311457,0.25414860181174603,1.3491606956533708,0.5150924415074779,0.37441710885994534,0.7543384811335775
-1.355,18,0.001,0.6849360457568465,0.24709388754016431,1.3637136236161724,0.49196607893290484,0.36715786110778326,0.761288513161585
-1.355,19,0.001,0.6803459111895497,0.24836550542166952,1.3542225884171433,0.4943693672496516,0.37058870389548315,0.7588977263597654
-1.2825,0,0.001,0.6413547036850329,0.24872645503419522,1.2829488403756637,0.4975457655855612,0.4016818109357564,0.7588325036132969
-1.2825,1,0.001,0.6438288801766461,0.25311145323804224,1.2747277474168046,0.5011396701294281,0.39903439951719977,0.7584012726188109
-1.2825,2,0.001,0.6328021152017197,0.24747516474933914,1.302431738371949,0.5093527680855172,0.4023020551218735,0.756909850554395
-1.2825,3,0.001,0.6538698843927838,0.2517784985567793,1.2673143446882569,0.4879908228246265,0.4002155344455975,0.7605227290948449
-1.2825,4,0.001,0.6337643981928501,0.2531624698791342,1.2734928581600902,0.5087073339312791,0.40506481036965913,0.7553991361382179
-1.2825,5,0.001,0.628928432045972,0.2519187218589105,1.2872751729707226,0.5156210146209262,0.40297308155885897,0.7554759060135404
-1.2825,6,0.001,0.6455689105040252,0.2484886550683762,1.2771083510147239,0.49157716760627945,0.3995130323713727,0.7599711388142862
-1.2825,7,0.001,0.6421937799513925,0.24671741431638622,1.2948646298413542,0.49745989970252247,0.3971639704413821,0.7595033046264771
-1.2825,8,0.001,0.6357716071195834,0.24348096002084815,1.2742175402186542,0.4879861045909944,0.40331513886659176,0.7655876255780577
-1.2825,9,0.001,0.6407393879252081,0.2508228637717794,1.2792544691600078,0.5007750038382447,0.4008944258105734,0.7568520596249398
-1.2825,10,0.001,0.640616941237348,0.2488782120105594,1.2769648103705757,0.49609789930248516,0.40273677491422644,0.7594449346274164
-1.2825,11,0.001,0.6568850971029117,0.2538091847066326,1.2599873526466632,0.48683759781783686,0.39879238643634035,0.7589628681177977
-1.2825,12,0.001,0.6454212556274301,0.25813420221342687,1.267320659936917,0.506860913936573,0.3994539029874719,0.7531877590054192
-1.2825,13,0.001,0.6512289602979893,0.24802313015538274,1.2963848478697715,0.4937333064972159,0.39429369513168394,0.7605854049719326
-1.2825,14,0.001,0.640585820623873,0.2509118791289722,1.2781462573434719,0.5006387417682434,0.3992862012270923,0.7574113234648685
-1.2825,15,0.001,0.6434643120054447,0.25035343272266186,1.2849208381714097,0.4999256937972504,0.397242206235012,0.7564051240992794
-1.2825,16,0.001,0.6329969220049226,0.24784398931985882,1.276394291512175,0.4997601760076365,0.4048265942144798,0.7588499119013294
-1.2825,17,0.001,0.6470073093921668,0.2488830638212823,1.2956775265222085,0.4984057951805454,0.39585247932233186,0.7600608657349938
-1.2825,18,0.001,0.6302689517845602,0.2485857059456381,1.2670526916038096,0.4997409231738865,0.4064207650273224,0.7605129021981523
-1.2825,19,0.001,0.643073473324355,0.2506261071246624,1.2827479261148709,0.49992750825573257,0.3980753809141941,0.7581404628890662
-1.21,0,0.001,0.5975888778090694,0.2469398947808,1.2078997420002417,0.49913685858557033,0.43329733189327574,0.7600895964161434
-1.21,1,0.001,0.6010086703036941,0.23872895843471126,1.2389510617539505,0.49212850186444684,0.4297448513947859,0.7641033912657769
-1.21,2,0.001,0.6019016388221797,0.25319138191782603,1.2179212975103497,0.5123215430800618,0.4313592735672468,0.7525209915230404
-1.21,3,0.001,0.603083267615904,0.25287937222809215,1.2038998175849525,0.5048082850978586,0.4314314314314314,0.7560839160839161
-1.21,4,0.001,0.6132621276965299,0.25103207533435634,1.2239708423674955,0.5010189392622938,0.4242472709824463,0.7575927333840182
-1.21,5,0.001,0.6002431057611957,0.24620716639493573,1.2035102440991188,0.4936547276976278,0.43271163276790736,0.7638324974126264
-1.21,6,0.001,0.6023949857398126,0.25591187111215535,1.190989730422199,0.5059610680746123,0.4345805624549315,0.754013898873712
-1.21,7,0.001,0.6073492993563429,0.2517344250630345,1.213565011062183,0.5029990001801479,0.4305273631840796,0.7549346733668342
-1.21,8,0.001,0.5911691460656152,0.2508516335415686,1.202116457257598,0.510095763652729,0.4356451548130597,0.7560062153870672
-1.21,9,0.001,0.6127895434816449,0.25057370396914463,1.2069494281285458,0.493529617022046,0.4286398658629087,0.7594485190974309
-1.21,10,0.001,0.5988164783144503,0.25187950785946595,1.2029355140443743,0.5059894245346104,0.4323845565441443,0.7584754183061087
-1.21,11,0.001,0.5987287561796616,0.2434548906252529,1.2116686124669251,0.4926882941190653,0.431613990052944,0.7634434338599011
-1.21,12,0.001,0.6050318935126447,0.2475146562551283,1.2026380266922772,0.4919914817182504,0.43329477924460574,0.7609018333533919
-1.21,13,0.001,0.609033448484415,0.2563449082587206,1.1881482161194523,0.5000969096473157,0.43301856594110116,0.7547184900831734
-1.21,14,0.001,0.6072384552187187,0.2530605153846945,1.1981788424880186,0.499328974963949,0.4314448273098806,0.7579266831722706
-1.21,15,0.001,0.6088243452980603,0.2521957463813367,1.2124690559164826,0.5022459119492543,0.42738756134845923,0.7588099594304352
-1.21,16,0.001,0.5933911323810789,0.25374303481792054,1.2023952131146542,0.5141624028016588,0.43531868749748986,0.7543524162383969
-1.21,17,0.001,0.5986787700024586,0.244559701051387,1.2168239788397455,0.497071423621695,0.43253920747036995,0.7606350988332464
-1.21,18,0.001,0.6009405657743794,0.2511832050438966,1.2088370546778686,0.5052738707671323,0.4341549014915849,0.756198347107438
-1.21,19,0.001,0.6050210581273339,0.2514703070468658,1.2139002138167903,0.5045441896478895,0.43071952776005107,0.7554557124518614
-1.1375,0,0.001,0.5738017840128473,0.2445465182333491,1.1500588656874724,0.490139450944909,0.4579253244168458,0.7621191414100812
-1.1375,1,0.001,0.56422802776341,0.24897609739315815,1.131823739005339,0.49943824767358735,0.46360168640835175,0.7604702131898785
-1.1375,2,0.001,0.5663807124931832,0.25246175859412634,1.1328099755171293,0.5049451583778389,0.46509031460584555,0.7549857549857549
-1.1375,3,0.001,0.5746109485813098,0.2506529543575333,1.1210122772648359,0.48900049652941274,0.4638318279913676,0.761109776603411
-1.1375,4,0.001,0.5642614210566093,0.24947173443983653,1.1252565244988961,0.49749936178663356,0.4658093979089052,0.7596357391061229
-1.1375,5,0.001,0.570927532662447,0.25542112465341416,1.121198663332163,0.5016010039185176,0.4621906139504982,0.755893596686843
-1.1375,6,0.001,0.5716492529019889,0.2515968295756445,1.1460843925547863,0.5044197961059024,0.4586078830717623,0.7557594454906046
-1.1375,7,0.001,0.5784530431927021,0.25246955059086873,1.129015741548374,0.4927661808216597,0.45847349030914625,0.7585903787757712
-1.1375,8,0.001,0.5611483419977458,0.2510578099640706,1.1206679463484024,0.5013869225836415,0.4690297314578005,0.7578074951953876
-1.1375,9,0.001,0.5629336306768636,0.2508291314062779,1.1272032555324512,0.502253548368706,0.4655685014061872,0.7592194344882517
-1.1375,10,0.001,0.5556300052867212,0.25034229841055833,1.1298102145877262,0.5090424980588732,0.46705239472838317,0.7574864606562599
-1.1375,11,0.001,0.5659267423225868,0.251317273520139,1.1250500379864052,0.4996132661271263,0.46428142634169767,0.7572062527485708
-1.1375,12,0.001,0.5670542153603199,0.2532722670939798,1.1288978608496127,0.5042172561105926,0.462132175590931,0.756925648782041
-1.1375,13,0.001,0.5609480326289669,0.24713752635445774,1.1444860389806526,0.5042275436733283,0.4621494764712962,0.7592629521796355
-1.1375,14,0.001,0.5710662362155444,0.2555474367513937,1.1186013779901105,0.500564902569473,0.4631104674551452,0.7565428366876144
-1.1375,15,0.001,0.5706816544596007,0.2513665355848541,1.1327816318765465,0.49895312413467885,0.463855421686747,0.7573594288922756
-1.1375,16,0.001,0.5635936045257202,0.25114934065986727,1.1331494011891203,0.5049555614053876,0.4661477045908184,0.7557114228456914
-1.1375,17,0.001,0.5672410006322097,0.24750578857886113,1.1485994500723133,0.5011714814947239,0.463540006375518,0.7597173144876325
-1.1375,18,0.001,0.5743518901272497,0.24777592978270183,1.1327441670108023,0.4886668678409866,0.4606795342159834,0.760752688172043
-1.1375,19,0.001,0.5679626992465419,0.24896772237575984,1.1356650568087172,0.4978213233905885,0.4637455604772736,0.7591115031474279
-1.065,0,0.001,0.5311702186155416,0.2544329695179434,1.0513148530995293,0.5035846336973215,0.49760440788948335,0.7549891800913682
-1.065,1,0.001,0.5350821922785339,0.25601715699293254,1.0584056580496888,0.5064081956554133,0.49333866773354673,0.753129374125175
-1.065,2,0.001,0.536323740809571,0.25053375443734494,1.0674551419711666,0.4986420030703831,0.49414622491239246,0.758277081324333
-1.065,3,0.001,0.5351827151509699,0.2500666915753168,1.072180116303435,0.5009813038920834,0.4903938520653218,0.7582747041893189
-1.065,4,0.001,0.5362144914637773,0.24763913783321764,1.0766075165559228,0.4972080416119834,0.49166235523540414,0.7591364129779279
-1.065,5,0.001,0.5274524437231577,0.24666922495354976,1.058700128884575,0.49511333838326027,0.4965329271714297,0.7616861602331244
-1.065,6,0.001,0.5230066979592429,0.2500755485205871,1.0631305325305382,0.5083356525049255,0.49723158401540685,0.7562609666613495
-1.065,7,0.001,0.5392951273135619,0.25052363662802013,1.064804615789735,0.49464330592930594,0.4888200756052441,0.7606827405108618
-1.065,8,0.001,0.5354118706515981,0.2482219040027287,1.074799055013215,0.49828680027402267,0.4907518137606633,0.7576463032832945
-1.065,9,0.001,0.5243944317464211,0.2501247334183681,1.073369108873367,0.5119737090310829,0.4953764861294584,0.7559854510571965
-1.065,10,0.001,0.5301526973958819,0.25135297534165235,1.0672057875444378,0.505977525567164,0.4937679769894535,0.7545257930150593
-1.065,11,0.001,0.5364958475506021,0.2528145752558342,1.0698947857857968,0.5041697844853419,0.4890593005982254,0.7570637229506236
-1.065,12,0.001,0.5390792972298208,0.2505039813160317,1.0586073827761766,0.49192273826631944,0.4936124487602977,0.7589755960278214
-1.065,13,0.001,0.5300655140752051,0.2543507011708052,1.054536322219396,0.5060167957437248,0.49661444769421853,0.7547222555009784
-1.065,14,0.001,0.5425712385306057,0.250117153083255,1.0563392784897763,0.48695646629079253,0.4913669064748201,0.761208967173739
-1.065,15,0.001,0.5294723593047252,0.2505633321594265,1.070128587207364,0.506419230272638,0.4900683554483313,0.7567449263828094
-1.065,16,0.001,0.5290067568003858,0.2486481871138907,1.0551162091397315,0.4959345589154177,0.49655061768008985,0.7601324397638424
-1.065,17,0.001,0.5333739257906953,0.2519520520309745,1.0612338817906934,0.5012994472978534,0.4969593386064629,0.7561692363431424
-1.065,18,0.001,0.5237975265452827,0.24689598679496344,1.0639841203731453,0.5015170863182548,0.4987824837331843,0.7589482544390557
-1.065,19,0.001,0.5310146391071504,0.2499166462929338,1.0685034674592442,0.5028803039945974,0.4929177336747759,0.757477607165707
-0.9925,0,0.001,0.4932808619488558,0.24656172966600778,1.00051594394254,0.5000983430053856,0.5262842534153551,0.7593126652247056
-0.9925,1,0.001,0.5042713999822207,0.2507202683468427,0.9943369297439746,0.4943774758222947,0.5239005736137667,0.7585154241645244
-0.9925,2,0.001,0.48839814891199196,0.2488957150903571,0.9958936959760124,0.5075237778155348,0.5305371007764348,0.7581754217638123
-0.9925,3,0.001,0.4951761369325806,0.2464272129038724,1.0049477606951154,0.5001179526060293,0.5251405558435345,0.758958308254083
-0.9925,4,0.001,0.4848146697760285,0.2471198483246835,0.994986671893031,0.5071648420970387,0.528358688235058,0.757643400964643
-0.9925,5,0.001,0.4898849719634762,0.24639482479494892,0.9914276612725076,0.49865306934607945,0.5271482341635301,0.7592903380484296
-0.9925,6,0.001,0.4963822200947385,0.24436632271301204,1.0104424428781635,0.4974354319785331,0.5238114183409588,0.7596219585763121
-0.9925,7,0.001,0.5040867056439706,0.25148721971741334,0.9987859312381601,0.4982910561369946,0.5215159414477641,0.759704767604229
-0.9925,8,0.001,0.4943772151490896,0.2525319401460498,0.9844167262400492,0.5028481454483151,0.525332259363673,0.7579261025029798
-0.9925,9,0.001,0.4922435066462465,0.24581038047536255,0.9900471481894211,0.49439731128821984,0.525627088617788,0.7627071493860033
-0.9925,10,0.001,0.4973128633301142,0.2515829603951689,0.9816163969704989,0.4965847001595608,0.5280588776448942,0.7585503420136805
-0.9925,11,0.001,0.4990041058744296,0.2528483164753897,0.9775636742914465,0.49533726553001173,0.5277299483442117,0.7583409917289328
-0.9925,12,0.001,0.49796524915159085,0.24962484195319984,1.0002976319513597,0.5014388829490483,0.5235402630734681,0.7590169166932652
-0.9925,13,0.001,0.5034743599199187,0.2479247154364051,1.0048778669878196,0.494829685589001,0.5220720181839933,0.7603819764875818
-0.9925,14,0.001,0.4968142608837651,0.25178944040182394,1.0061047740622868,0.509901945238273,0.5212531549216778,0.7548224769359799
-0.9925,15,0.001,0.49585213978511095,0.25010920918593854,0.9840710271203602,0.49636818444008657,0.5264044268013954,0.7588284585611109
-0.9925,16,0.001,0.4929929771553456,0.2504332271220464,0.9965000407290086,0.5062074564773753,0.5274905170692753,0.7556000801442597
-0.9925,17,0.001,0.49744074317849846,0.24785338316810995,1.0045897450425323,0.5005439751754197,0.5228544030685632,0.7585695979497037
-0.9925,18,0.001,0.48616199964633067,0.2476976861686625,0.9888635639355648,0.5038222174944219,0.530620418953018,0.7590380697479328
-0.9925,19,0.001,0.49153702651671827,0.2551380585087595,0.9837546671864515,0.5106293977760905,0.530954669229537,0.7543151670129455
-0.92,0,0.001,0.455865802878452,0.24564763506403908,0.9253667081270109,0.49864267506594295,0.5604544548534981,0.7591009432069035
-0.92,1,0.001,0.46373675641860573,0.2525239495697799,0.9282013339383488,0.5054442279974637,0.5551816688699275,0.7563605863322284
-0.92,2,0.001,0.4552993113704954,0.2495479379388379,0.9224071097609943,0.505568065737022,0.5598153352067443,0.758509366281387
-0.92,3,0.001,0.4597511899231522,0.2521380501625141,0.9189589938203475,0.5039780950211307,0.5574620268424013,0.7571075893923708
-0.92,4,0.001,0.45789830511246665,0.25287499213200704,0.9196716169139285,0.5078899622352154,0.5600770527329642,0.7569970496770593
-0.92,5,0.001,0.4621325793242452,0.24871626722753643,0.9281258177280749,0.49951031204157503,0.5571457046043452,0.7582580774633755
-0.92,6,0.001,0.4578690451611048,0.24427773527471922,0.9153377462535103,0.488341882966993,0.5626595405232929,0.7633183568677792
-0.92,7,0.001,0.46094128204212154,0.24582028928508948,0.9190338600062711,0.4901213628092641,0.55968,0.76336
-0.92,8,0.001,0.4558969006167297,0.25035653056122725,0.9272828008141599,0.5092188706413231,0.5608706051183927,0.7549570522597736
-0.92,9,0.001,0.45942239437687477,0.2519344300757693,0.9139906247043861,0.5012069719453066,0.5605605605605606,0.7564435564435564
-0.92,10,0.001,0.45626819293519405,0.25304064636686885,0.9277598824561756,0.5145240539774052,0.5586549637289087,0.7539622340213182
-0.92,11,0.001,0.4646742989788438,0.2492140920980011,0.9311103669848886,0.49937305605477533,0.5563369026690107,0.7596107640557425
-0.92,12,0.001,0.45409359438245567,0.2509185758247477,0.9160812604134244,0.5061991801828358,0.5614936759686809,0.7576011157601116
-0.92,13,0.001,0.4544816194597082,0.25093071515415627,0.9291082963495054,0.5129840224029351,0.5614035087719298,0.7554149817832406
-0.92,14,0.001,0.4694024768313171,0.2506953637781959,0.9217420708930165,0.4922778962140655,0.5555998564650533,0.7588587021951122
-0.92,15,0.001,0.45698820678763846,0.25033580861484167,0.9364956707487075,0.5130075514402045,0.5584503670603256,0.7542107795957652
-0.92,16,0.001,0.4558042532094925,0.2470762628130949,0.9229589832009161,0.5003052400089083,0.5626522867984821,0.7606649309032646
-0.92,17,0.001,0.4567217324676441,0.2520913130500205,0.9232479193931034,0.5095942752997753,0.5600720144028806,0.7546490701859628
-0.92,18,0.001,0.46459115660340666,0.2513267424107211,0.9255261671300342,0.5006756441540207,0.5538591007453715,0.7566078415715084
-0.92,19,0.001,0.4612496462351471,0.24637688699271706,0.9153878640789034,0.4889551985210548,0.5616432881748791,0.7635024222284502
-0.8475,0,0.001,0.42431207351192346,0.2422038535414342,0.8588802659098562,0.49026205738690404,0.5925881697317092,0.7637269876999759
-0.8475,1,0.001,0.42044513566143055,0.2502929974053182,0.8342329432298253,0.49662285559986824,0.5955273107553697,0.7603230169464555
-0.8475,2,0.001,0.42504071565824986,0.2439254897912452,0.8506082684423263,0.48815332474431433,0.5924019314417973,0.7632412493484624
-0.8475,3,0.001,0.4220401851275619,0.24797717256906338,0.8497126080313768,0.4992636660232215,0.5933485412414455,0.7600447767161076
-0.8475,4,0.001,0.41543186254688796,0.24631502889725845,0.841720620379141,0.4990672541606175,0.5974865494258411,0.7615764724635371
-0.8475,5,0.001,0.4207799576620429,0.2526492905859882,0.8417294791493452,0.505400392532952,0.5944252550405655,0.7569117998565852
-0.8475,6,0.001,0.428702525430148,0.25479158818293834,0.8449337464234113,0.5021710822547015,0.5932183129457704,0.7550897482231056
-0.8475,7,0.001,0.4269743656797468,0.2516463428397926,0.8485553288973113,0.5001139702480146,0.5910415585452513,0.756442627549998
-0.8475,8,0.001,0.42069507631967135,0.24930028475961363,0.8456150677732649,0.5011042178984435,0.5955788295490886,0.7581652257444764
-0.8475,9,0.001,0.4227987194090394,0.252058401808353,0.838350870307664,0.49979664276124514,0.5945480746137218,0.7573347190023183
-0.8475,10,0.001,0.4243220170305795,0.24830185518093356,0.8564954759359027,0.501198163407191,0.5908344349637463,0.7593162120062308
-0.8475,11,0.001,0.4262267766662461,0.2513880331288084,0.8250666436181183,0.48662330030419165,0.5957089104154991,0.7603325605563994
-0.8475,12,0.001,0.4200910031685699,0.2464830829686315,0.8544225293829459,0.5013216127260334,0.5933144294899956,0.7597051400184287
-0.8475,13,0.001,0.4196498504352805,0.24463246314955306,0.843566369815658,0.4917521563848553,0.5948871579788296,0.7618265571800521
-0.8475,14,0.001,0.4246025274408406,0.2461233378378042,0.8535307441027794,0.4947540867265095,0.5922353316326531,0.759995183044316
-0.8475,15,0.001,0.4270078828314968,0.2485256605518395,0.8443150589676024,0.4914053491293323,0.5918008550765174,0.7605013414487647
-0.8475,16,0.001,0.42454124103107943,0.25012950708720394,0.8460326627860141,0.4984621338751125,0.5938451674947909,0.760741095671618
-0.8475,17,0.001,0.4293495796763861,0.24846420369362246,0.8484198177660485,0.4909797619413472,0.5889801642957323,0.7614693551607107
-0.8475,18,0.001,0.41879945959177683,0.2522048607195483,0.838752175060014,0.5051042226640509,0.5976748847464421,0.7568948313709838
-0.8475,19,0.001,0.42673601440080156,0.24876915759414556,0.8363055798359299,0.48753099707132885,0.5952200756821351,0.7607551717212292
-0.775,0,0.001,0.3860494193326517,0.25450129364925833,0.7687292019529002,0.5067811698853857,0.6266843118383061,0.7540695818704117
-0.775,1,0.001,0.39178326773208083,0.24459058206917575,0.7891867920653516,0.49268989446627154,0.6220516510753977,0.7623469142719923
-0.775,2,0.001,0.3844647177371835,0.24985411897333276,0.7733133178120205,0.5025572147412174,0.6276842948717949,0.7581070287539936
-0.775,3,0.001,0.39325005666638807,0.2519382852992462,0.7821824394729107,0.5011104238928641,0.6234565434565434,0.7576376376376376
-0.775,4,0.001,0.38387077766908134,0.24951577229859506,0.774724482350361,0.5035704429132671,0.6298646868638487,0.7574457850643364
-0.775,5,0.001,0.38229375772694313,0.2501520069810722,0.7633267436695163,0.4994790342552288,0.6326245103525462,0.7583460091265711
-0.775,6,0.001,0.3938360957550951,0.24847858443732282,0.7875152456979552,0.4968581488161039,0.6216928049802466,0.7591115031474279
-0.775,7,0.001,0.39056632127078306,0.24688304538550948,0.7983928069838836,0.5046765091284167,0.6204052214302875,0.7593702549348678
-0.775,8,0.001,0.38636412315389046,0.24729527696985423,0.7739538357654615,0.495375001734484,0.6302914018467443,0.7620381859664572
-0.775,9,0.001,0.3927249668472397,0.2574969138029334,0.7823407307287451,0.5129552249305881,0.6200603015075377,0.7521194029850746
-0.775,10,0.001,0.3875669469949537,0.2473216268684738,0.7857947354422691,0.5014463536200222,0.6252545011776918,0.7590477335577732
-0.775,11,0.001,0.3811568648980958,0.24964498831858295,0.772177285275646,0.5057502753205083,0.6284278246883795,0.7575805809789097
-0.775,12,0.001,0.3832474050792938,0.2510808889207479,0.7579884159527097,0.4965888946584245,0.6326367523075079,0.7586993953469747
-0.775,13,0.001,0.388199963790476,0.2479615435028442,0.7693038565551504,0.4913904932692468,0.6267540878743053,0.7599951975027014
-0.775,14,0.001,0.3919460431585683,0.24343458378019905,0.7817645114071798,0.4855477476310305,0.6256457124692045,0.7634694370620922
-0.775,15,0.001,0.3907348956395909,0.24920198714075387,0.7803252483162934,0.4976740103496892,0.6242751449710058,0.7592718543708742
-0.775,16,0.001,0.3857643679557632,0.2494520667610319,0.7609859371080865,0.49208669995529797,0.6292992606878817,0.7613093341828607
-0.775,17,0.001,0.3840639051789733,0.2475390212500868,0.7743650212431171,0.4990980846260433,0.6268596540741039,0.7627098464102869
-0.775,18,0.001,0.3809493150006101,0.24952014919147592,0.7739454694592434,0.5069309259821821,0.6306306306306306,0.7576023976023976
-0.775,19,0.001,0.38492494359246804,0.24441598405149878,0.788354394482654,0.5005817843615882,0.6255346364472159,0.7605972061001481
-0.7025,0,0.001,0.35813859185586233,0.24678263578104181,0.7281937694197227,0.5017766358143729,0.6537311051728951,0.7594977333814739
-0.7025,1,0.001,0.3605858658823075,0.24903856538321612,0.7249932553934421,0.5007164653941844,0.6512765019438098,0.759710966505649
-0.7025,2,0.001,0.3533971370237155,0.2501255811675905,0.7156530673001951,0.506521192787189,0.6568599943885527,0.7568560137319867
-0.7025,3,0.001,0.3554350686041714,0.24902311561131002,0.7052095971695405,0.4940803723611386,0.6598756080057412,0.7594911309093828
-0.7025,4,0.001,0.34584404638795524,0.24427389606434488,0.7051471794392489,0.498054110282952,0.6627235544149491,0.7623892745989945
-0.7025,5,0.001,0.3499248326396786,0.2536922492509977,0.6932643221387192,0.5026101859708285,0.66391471625521,0.7566272756307889
-0.7025,6,0.001,0.35533634592495217,0.2512468951734293,0.7150096707199306,0.5055603285381334,0.6560208375075135,0.7570373328009583
-0.7025,7,0.001,0.3512878740827747,0.254273624669298,0.6924832250475906,0.5012419518188262,0.6639236208205169,0.7555573356831017
-0.7025,8,0.001,0.35493861519326636,0.24626551963897733,0.7018853427846601,0.4869860625723353,0.6619981697369992,0.7626171230948647
-0.7025,9,0.001,0.35334891561568843,0.24579676104619802,0.7147648442918746,0.4972051020179569,0.6591897824785472,0.7615153337342153
-0.7025,10,0.001,0.3535500410221412,0.2449811512858997,0.7117706750247556,0.49319864004254654,0.6607794888077473,0.7602805999032414
-0.7025,11,0.001,0.3491058995498696,0.24789956106858976,0.7016930926642637,0.4982711833303856,0.6623210429496921,0.7598223573657678
-0.7025,12,0.001,0.34974021537592426,0.25478490335923903,0.7074856227791088,0.5154015698025299,0.6570517992577053,0.7533714104394733
-0.7025,13,0.001,0.3568899587032835,0.25527615626172867,0.7068962331844288,0.5056285526745345,0.6575583253435603,0.7542454341557193
-0.7025,14,0.001,0.3589403558809135,0.2502731921639759,0.7056696522126962,0.4920321540303719,0.6572923740662325,0.7596827812712781
-0.7025,15,0.001,0.3478616257290803,0.24862157745632824,0.70153354605198,0.501395853861193,0.6635327065413082,0.7587282543491302
-0.7025,16,0.001,0.34341404210585047,0.2493630555816462,0.6904379824874579,0.5013473646765784,0.6675910296599952,0.7606099211720678
-0.7025,17,0.001,0.35077427339500133,0.2569807887989858,0.7012822730377102,0.5137665027475891,0.6623948738486184,0.7527766679984019
-0.7025,18,0.001,0.35261376108711745,0.24935581075616922,0.7044763140922565,0.4981803940873202,0.6596552965169753,0.7580122434281599
-0.7025,19,0.001,0.3518281714012432,0.2502446891713302,0.7091151858863045,0.5043720875791167,0.6566589066388376,0.7566371681415929
-0.6300000000000001,0,0.001,0.31246727685057124,0.24638338591584677,0.6309662487481271,0.4975228200920642,0.6972895178699928,0.7601056591691348
-0.6300000000000001,1,0.001,0.3143657040539475,0.2567955185094328,0.6218752890615494,0.5079904876498842,0.6967156961515213,0.7553702600754417
-0.6300000000000001,2,0.001,0.31132041079643563,0.25596556488165484,0.626682449854312,0.5152541295574278,0.6975392754087849,0.7519163206643245
-0.6300000000000001,3,0.001,0.32053796886112973,0.25564311538490625,0.6271598028955359,0.500187501736681,0.6947646493756003,0.7564758554525104
-0.6300000000000001,4,0.001,0.31895301616136296,0.24933389300135295,0.6350278049203897,0.4964178005603215,0.6933130820576362,0.7594171570393499
-0.6300000000000001,5,0.001,0.3170802967959714,0.2500069322021651,0.6318190245839527,0.49816761760141404,0.6938734862970045,0.7562660668380463
-0.6300000000000001,6,0.001,0.3209606681863479,0.24861201627126497,0.6343658532881029,0.49137165226746926,0.6923138382869927,0.7603732777955784
-0.6300000000000001,7,0.001,0.31593911296413296,0.2528352525903805,0.6314222452478261,0.505305599457523,0.6948893974065599,0.7572037782471802
-0.6300000000000001,8,0.001,0.3062921231969548,0.2470706871613124,0.6281664832158473,0.506710793081823,0.697145387929299,0.758097206215475
-0.6300000000000001,9,0.001,0.31201717846562826,0.24795295011971072,0.6251827023878009,0.49681846423704157,0.6986481636559397,0.7586967861011916
-0.6300000000000001,10,0.001,0.3136124881789769,0.2504779554289625,0.6232936890525683,0.4978160460771104,0.6987225548902196,0.7579959919839679
-0.6300000000000001,11,0.001,0.31618706036799077,0.25376860884315816,0.633776500086108,0.5086627534888813,0.6969721115537849,0.75429718875502
-0.6300000000000001,12,0.001,0.3198816027403541,0.2545603991144387,0.6262875173531942,0.4983969037670065,0.6947792767621936,0.756233464282851
-0.6300000000000001,13,0.001,0.3175854803770895,0.24902776663745166,0.6339073813669903,0.49706472490297426,0.6936284319218763,0.7599344367154394
-0.6300000000000001,14,0.001,0.31878923661416364,0.2536199249447523,0.6335026749841457,0.5039972572105353,0.6934037784181877,0.755836264790534
-0.6300000000000001,15,0.001,0.31739430530132495,0.24932876246959002,0.6367181276287079,0.5001732550081689,0.6939264465119993,0.7585446968786312
-0.6300000000000001,16,0.001,0.31028273451189403,0.25064686313392537,0.6247494868763214,0.5046735822294902,0.6978466492251962,0.7583780560524747
-0.6300000000000001,17,0.001,0.3127927269275502,0.24942393535713708,0.6239498261212317,0.4975436053940153,0.6978766025641026,0.7601437699680511
-0.6300000000000001,18,0.001,0.3190992202822381,0.24982909542604556,0.6344442579960436,0.4967189670134801,0.694683908045977,0.7596215522771007
-0.6300000000000001,19,0.001,0.31405184954637516,0.2524749435072865,0.6293598451863434,0.5059597375041495,0.6958578932595533,0.7563544950321216
-0.5575000000000001,0,0.001,0.2769253921307294,0.25113882035275037,0.5537792107325398,0.5022127319173144,0.7320279832743648,0.7589541547277937
-0.5575000000000001,1,0.001,0.2774671491309649,0.2503109217354944,0.547715996296121,0.494110010181586,0.7340628730600876,0.7576196220345798
-0.5575000000000001,2,0.001,0.2780186220538722,0.24926904179566267,0.5513103928598153,0.4943000304976963,0.7342947058120544,0.7600112463348998
-0.5575000000000001,3,0.001,0.27706075460289414,0.24915692668771952,0.5629340092686477,0.5062388134992373,0.7305828159423192,0.758178550029958
-0.5575000000000001,4,0.001,0.27346094260868364,0.25389869826406125,0.5461425032288549,0.5070737682452459,0.7343548906048906,0.7559277530235519
-0.5575000000000001,5,0.001,0.2799223405514727,0.24887506356729402,0.5545283702824868,0.49302346905228384,0.7305628953479062,0.7605706977859483
-0.5575000000000001,6,0.001,0.27464687714271263,0.2482861180957539,0.5586731450615278,0.5050513878575634,0.7318143391972948,0.760284590007552
-0.5575000000000001,7,0.001,0.27539242564097477,0.2518514758750556,0.5476327181166417,0.5008202675659338,0.7325707405177604,0.7569862467610126
-0.5575000000000001,8,0.001,0.2760505428749864,0.25016007399363493,0.5524324838432302,0.5006204646273575,0.7345647068189961,0.757023996141324
-0.5575000000000001,9,0.001,0.27654860162723993,0.24589733976927475,0.556748383385836,0.495041181151778,0.7333839271449113,0.7624178817497196
-0.5575000000000001,10,0.001,0.2771437769442671,0.24052106257834827,0.5732998395700403,0.4975420632198143,0.7299944263078271,0.7632023149264529
-0.5575000000000001,11,0.001,0.2810706419368077,0.24482854003218124,0.5581644298268458,0.48619301365215223,0.7314310694273338,0.7626927567741676
-0.5575000000000001,12,0.001,0.27865521730578546,0.25079387399412784,0.5597777699898859,0.5038083868262909,0.730649288341596,0.7572834960781175
-0.5575000000000001,13,0.001,0.2779284709435882,0.24287611620692992,0.5664948080292599,0.4950484502664124,0.7282991672005125,0.7628676470588235
-0.5575000000000001,14,0.001,0.27772415060556044,0.2539379747139813,0.5590150287310577,0.511137198263523,0.72951347004423,0.7547154795065658
-0.5575000000000001,15,0.001,0.27997283755411173,0.24443375739656817,0.5492457922460223,0.4795258493853074,0.730909090909091,0.7645645645645646
-0.5575000000000001,16,0.001,0.2811114401789226,0.24579799512131956,0.5697104127035606,0.4981429327570081,0.7272401576370368,0.7593552795530367
-0.5575000000000001,17,0.001,0.27962923251764693,0.25034369449953686,0.5544888087001725,0.49641725823457267,0.7312971584524001,0.7607239674693032
-0.5575000000000001,18,0.001,0.2785982988437223,0.24985066624117033,0.5609913936522614,0.5031045560626491,0.7307045636509207,0.7586330935251798
-0.5575000000000001,19,0.001,0.27463263877455085,0.2564055026861744,0.5476384944984404,0.5112921905376394,0.734360579431002,0.7535388173372144
-0.4850000000000001,0,0.001,0.24460822795245615,0.2472937951901044,0.4890982187938471,0.4944680551373742,0.7629810384830786,0.7605791536677066
-0.4850000000000001,1,0.001,0.23678288037976783,0.2456435553265846,0.4804851842003353,0.4984654665042427,0.7679624503550367,0.7607785267020301
-0.4850000000000001,2,0.001,0.24681721613700994,0.2524407572859011,0.48663538199748435,0.4977229962976558,0.7646494907130018,0.7581013418786301
-0.4850000000000001,3,0.001,0.23886689205154277,0.24763528701048984,0.4780495927852066,0.49559797549954276,0.7690988835725678,0.7588282504012841
-0.4850000000000001,4,0.001,0.24608001962217138,0.24547393023214964,0.4921930775507329,0.4909808173981058,0.7643664438077046,0.7625442264393696
-0.4850000000000001,5,0.001,0.23658007124205135,0.24907957395700994,0.4798628253070256,0.5052159611660308,0.7688359597417699,0.757671282071745
-0.4850000000000001,6,0.001,0.24228478454640762,0.24651510203780994,0.4969288072714643,0.5056052358359643,0.7623968597292318,0.7590077494607333
-0.4850000000000001,7,0.001,0.24583831580381818,0.2492200380645699,0.4844701883047457,0.4911345018601972,0.7635562675210252,0.7607271274470635
-0.4850000000000001,8,0.001,0.24631889327212317,0.2466159875412603,0.4938994771010282,0.4944951874106488,0.7621376595490874,0.7591646211420063
-0.4850000000000001,9,0.001,0.24397970797646581,0.25228124196087665,0.47773293432222713,0.4939880410384415,0.7672379434037465,0.7579285427539141
-0.4850000000000001,10,0.001,0.24236638581720127,0.25544053943850364,0.4770636055802613,0.5027982091865262,0.7677066272520273,0.7545960668081868
-0.4850000000000001,11,0.001,0.2480619109557418,0.25453776232340375,0.4897219473958679,0.5025065241597848,0.7614972406622411,0.7553012723053533
-0.4850000000000001,12,0.001,0.23933581772257695,0.24783760117288706,0.4838151417816462,0.5010014183889215,0.7679022240032057,0.7603513675384308
-0.4850000000000001,13,0.001,0.24357460780216883,0.2443012507338553,0.4898896190002049,0.4913510801605661,0.7638783724544693,0.7615529770747179
-0.4850000000000001,14,0.001,0.24282739974420953,0.2522494057801787,0.4824615026595797,0.5011816108309383,0.7661216167592851,0.7568335534477929
-0.4850000000000001,15,0.001,0.2392927002747905,0.25067420874565105,0.484509488141831,0.5075542731986508,0.765889364425423,0.7547101884075363
-0.4850000000000001,16,0.001,0.23720567946581303,0.25244314345414975,0.47596934791583406,0.5065443569744384,0.7688301282051282,0.7549520766773163
-0.4850000000000001,17,0.001,0.24431062114858637,0.2492028288328763,0.47893025121465405,0.48852060894947497,0.766625394416264,0.7613267636101431
-0.4850000000000001,18,0.001,0.24917960131582995,0.24655389167304798,0.4992045493638246,0.4939442223062985,0.7605392936684696,0.7601383971676858
-0.4850000000000001,19,0.001,0.24574586014883276,0.24546821992720816,0.4814694944578514,0.4809255369846073,0.7646800877018138,0.7634758177804536
-0.4125000000000001,0,0.001,0.20400886388988745,0.24926823215498956,0.4141995829526627,0.5060897641078528,0.8011759059275257,0.7572605808464677
-0.4125000000000001,1,0.001,0.21097603251192462,0.24654234117166587,0.42662353820581284,0.49854367179009207,0.7964012524275692,0.7579232104646938
-0.4125000000000001,2,0.001,0.20590005179871315,0.25009429329069505,0.41329987133844337,0.5020102634096044,0.8004324497477376,0.7582114600815152
-0.4125000000000001,3,0.001,0.2049938890806987,0.25020715857504316,0.4186289149117783,0.5109613353215404,0.7993606393606394,0.7550750750750751
-0.4125000000000001,4,0.001,0.20991075111487156,0.24945795500257548,0.4153777093665335,0.4936349061774591,0.7975062942093274,0.7587380389958762
-0.4125000000000001,5,0.001,0.2082118340849671,0.24943677883886797,0.41950171280339665,0.5025610403891164,0.7979733503550627,0.757078687735622
-0.4125000000000001,6,0.001,0.20654604486129974,0.24994938884799675,0.41201811310739256,0.49859911689257186,0.800734618916437,0.7581052378471527
-0.4125000000000001,7,0.001,0.20554583230296006,0.2521825258953695,0.4038821947967257,0.49551981135711487,0.8025459802425507,0.7599808749701171
-0.4125000000000001,8,0.001,0.20452507007427612,0.25150456825849327,0.4053233726250305,0.4984263288608752,0.8026405281056211,0.7575684863027394
-0.4125000000000001,9,0.001,0.20544012371176953,0.2457302974976246,0.4169849534301613,0.4987625338572383,0.8009510869565217,0.7614910313901345
-0.4125000000000001,10,0.001,0.20357576964571744,0.24834782856795465,0.4106677567558966,0.5009851900876525,0.80196,0.75848
-0.4125000000000001,11,0.001,0.20400576459714775,0.2512573013839431,0.4058695360261761,0.49987648406537155,0.8022946859903382,0.759697933227345
-0.4125000000000001,12,0.001,0.20979533465328337,0.2460714360106719,0.4196404071822873,0.49220121016562574,0.798042881578424,0.7609508869313383
-0.4125000000000001,13,0.001,0.20712555506813463,0.25061042837134984,0.4049257878532766,0.48993773423629094,0.8018267035212114,0.7609537883931781
-0.4125000000000001,14,0.001,0.21049541295539123,0.24855461597783246,0.4222021722421658,0.49853959909757,0.7963490471414243,0.7609571286141575
-0.4125000000000001,15,0.001,0.20414010916721428,0.24478316483609397,0.4175357506987997,0.5006645823067933,0.7998154241232646,0.7618231118909004
-0.4125000000000001,16,0.001,0.20896721795896878,0.254106132022649,0.4130193203747157,0.5022354366207316,0.7994233772474272,0.7569824589443401
-0.4125000000000001,17,0.001,0.20710533591839628,0.2478160972277306,0.4113044654272333,0.49215471413385825,0.7998484304575006,0.759476914437001
-0.4125000000000001,18,0.001,0.20194035668533178,0.2502952566746277,0.40199798430744454,0.4982569621866145,0.8034832858461415,0.7580638730513137
-0.4125000000000001,19,0.001,0.2086007849947198,0.25215413167121026,0.4087024800883108,0.49403466521541,0.8011660876163093,0.7588445049881806
-0.3400000000000001,0,0.001,0.17106948647528047,0.25023136930267104,0.33605387350535654,0.4915617779612797,0.8372593566901829,0.7599855485528482
-0.3400000000000001,1,0.001,0.17105459583361857,0.25407677025877656,0.3382820358253434,0.5024688560994204,0.835192515293271,0.7555724518788267
-0.3400000000000001,2,0.001,0.17399491399356345,0.24897334573320468,0.34178939147194976,0.4890743434835994,0.8331600831600832,0.7610052825356171
-0.3400000000000001,3,0.001,0.17289231329865923,0.2528667969770905,0.34133195944296096,0.49922126463285077,0.8345582361399585,0.75721038295145
-0.3400000000000001,4,0.001,0.17344915535004746,0.2522426954704923,0.3443774804103522,0.500819411560312,0.8336245235069886,0.7551176660219213
-0.3400000000000001,5,0.001,0.17004102872303056,0.2527604212114687,0.3411844551558218,0.5071595205205366,0.8342836492129778,0.7558575071724578
-0.3400000000000001,6,0.001,0.16892922467964255,0.2506470022527225,0.337267056039707,0.5004165307409993,0.8354943599213199,0.7576228626091116
-0.3400000000000001,7,0.001,0.16988856056698967,0.25210187883317425,0.338563196841509,0.5024023850849831,0.8350846234057913,0.7563632011489667
-0.3400000000000001,8,0.001,0.16974818632178254,0.24645843459404757,0.343641918647423,0.49893581289988026,0.8353750696046456,0.7586290127926624
-0.3400000000000001,9,0.001,0.16928894978260575,0.24340289038412533,0.3484526076088509,0.5010035915681151,0.8330461267182303,0.761248852157943
-0.3400000000000001,10,0.001,0.16450314588017884,0.248826228246477,0.3348103392670703,0.5064316153469166,0.838507570585164,0.7580574479104418
-0.3400000000000001,11,0.001,0.17417398856299632,0.249846285047215,0.3426500810166332,0.49151914427319415,0.8327464788732394,0.7601567498400512
-0.3400000000000001,12,0.001,0.17355544460542763,0.250424368041988,0.3506230889955323,0.5059165137818439,0.8324899390365382,0.7561739549451874
-0.3400000000000001,13,0.001,0.17130531032139082,0.2517490854585174,0.33718211503973583,0.495520477064992,0.8371203061468548,0.7587701693826764
-0.3400000000000001,14,0.001,0.17094771013561472,0.2497637888178723,0.3383189038584217,0.4943020950052753,0.8352400902352562,0.7622338735303463
-0.3400000000000001,15,0.001,0.17285814132842195,0.24964790847877452,0.3459350340189941,0.4996117454965117,0.8326277955271566,0.7578525641025641
-0.3400000000000001,16,0.001,0.1686422777873742,0.25678914295028143,0.3329094174759642,0.5069163267677977,0.8375368225656753,0.756691383480709
-0.3400000000000001,17,0.001,0.17114302945441665,0.24994410133939973,0.34231451754502285,0.499929764805346,0.8340880856009297,0.7586138060446361
-0.3400000000000001,18,0.001,0.16998449771888055,0.24542502227715474,0.34342117064658995,0.4958343236438806,0.8355360351367539,0.7617711881386495
-0.3400000000000001,19,0.001,0.17398533488411833,0.24849389719855697,0.3449176552003043,0.49262733787533425,0.8320240480961923,0.7610778443113773
-0.26750000000000007,0,0.001,0.13287541818498408,0.24677421565771576,0.26117702343617644,0.48505401515690444,0.8725544997205142,0.7624428949266651
-0.26750000000000007,1,0.001,0.13326338403680804,0.2484149335838306,0.26362105133786845,0.4914133498314002,0.8707218232155037,0.7606172987199425
-0.26750000000000007,2,0.001,0.13141811965449565,0.2518855787261805,0.26344626823352885,0.5049403835004952,0.8718526264982704,0.7569814623279497
-0.26750000000000007,3,0.001,0.13363415852648727,0.2552133672168082,0.26355246361492,0.5033302294795924,0.8714062312041381,0.7556362475559635
-0.26750000000000007,4,0.001,0.12972714997671064,0.24941299404428516,0.2610410444634165,0.5018766578912469,0.8738984137157507,0.7583080364275443
-0.26750000000000007,5,0.001,0.13302087069333535,0.24870827832228912,0.26608356857637727,0.4974947606759062,0.8714205950386855,0.7584048784401829
-0.26750000000000007,6,0.001,0.13040614607829262,0.25204252136612626,0.25854153619180464,0.4996962384006924,0.874137377627989,0.7583745413941617
-0.26750000000000007,7,0.001,0.13151167375240114,0.2526382816278088,0.2606002972148764,0.5006218033846639,0.8732642362639561,0.7568669785294471
-0.26750000000000007,8,0.001,0.1316376650456388,0.25548019639825026,0.26307199818557714,0.5105657696072758,0.8714688128772636,0.753558648111332
-0.26750000000000007,9,0.001,0.13440983346693905,0.25630638801143024,0.262250396347239,0.5000858204236979,0.8727149357388042,0.7557524252385152
-0.26750000000000007,10,0.001,0.13185193621161562,0.2552037601869059,0.2662071537483631,0.515252703731256,0.8706363855228312,0.7514953345561847
-0.26750000000000007,11,0.001,0.13287698500743084,0.24677546867570616,0.2670384144622776,0.49593637212389186,0.871161468551067,0.7612996043639851
-0.26750000000000007,12,0.001,0.13367327616999644,0.2458354053908804,0.27171709972311114,0.499708582567518,0.8682995382453322,0.760151424586571
-0.26750000000000007,13,0.001,0.13226187330589392,0.25105791186961474,0.2707276282218359,0.5138919578856339,0.8694554633970429,0.7542626682106777
-0.26750000000000007,14,0.001,0.13538926755947558,0.2504887060960821,0.26972432249482725,0.4990269743108827,0.8681020733652313,0.7553370786516854
-0.26750000000000007,15,0.001,0.140783953267193,0.25084065121647614,0.2783050158028054,0.4958676736992533,0.864711975141423,0.7573700698851313
-0.26750000000000007,16,0.001,0.13518343984469233,0.24727522402052457,0.26976919347456213,0.4934571706926253,0.870276076060148,0.7603571715871611
-0.26750000000000007,17,0.001,0.137927145361383,0.24908770832450833,0.27228957264169024,0.49173776106416683,0.8680489354941214,0.7589832420238479
-0.26750000000000007,18,0.001,0.13200577228955876,0.24754065749538878,0.27066449885504934,0.5075571078836705,0.8705239652284871,0.7566005938528207
-0.26750000000000007,19,0.001,0.1323833858662964,0.2516809088281146,0.2672709892910003,0.508122715308748,0.8707349344452909,0.7558561794165769
-0.19500000000000006,0,0.001,0.09595182868454405,0.24801293829337906,0.1892968537936515,0.4892879016762095,0.9080459770114943,0.7628540609644041
-0.19500000000000006,1,0.001,0.09609895968566669,0.2426585006832661,0.19271112189395034,0.48661288380992646,0.9069191434963247,0.7643784043575776
-0.19500000000000006,2,0.001,0.09463574854771402,0.24716963926138424,0.19148021916600158,0.5001080186214117,0.9073977650498658,0.7593177006351616
-0.19500000000000006,3,0.001,0.09413986448197138,0.2536525405610846,0.19307152616158657,0.5202162058590081,0.9080869112880637,0.7530489023951378
-0.19500000000000006,4,0.001,0.10299465329577796,0.250901393034361,0.20094641165500501,0.48951797978005984,0.90112,0.7594
-0.19500000000000006,5,0.001,0.09966685782113661,0.24967476107543063,0.1981136889794938,0.4962932417363451,0.9038039356564084,0.7585280795286007
-0.19500000000000006,6,0.001,0.09915536132480476,0.25011641501168325,0.20160890194032194,0.5085523880304876,0.9028963536264263,0.754511911446218
-0.19500000000000006,7,0.001,0.10110452397529196,0.25232742914893413,0.20107970963840624,0.5018363589691851,0.9024975984630164,0.7570354972817397
-0.19500000000000006,8,0.001,0.09600056931173995,0.24504129433418956,0.19442162017281311,0.49626086381833806,0.9067022845979028,0.760704683173482
-0.19500000000000006,9,0.001,0.09362697506528733,0.24613289635384478,0.18887151288877752,0.4965181506038296,0.9091163310961968,0.7607337391861583
-0.19500000000000006,10,0.001,0.09780498387590508,0.24480721812690062,0.19866147623876354,0.49725240391329717,0.9047752247752248,0.7611211211211211
-0.19500000000000006,11,0.001,0.0947851836938749,0.24630411146814918,0.19416726896671832,0.5045535050446406,0.907966432008909,0.758579072293519
-0.19500000000000006,12,0.001,0.09768873677714236,0.2464453724363919,0.197600784403384,0.498499627619401,0.9043115883955762,0.7601820795400096
-0.19500000000000006,13,0.001,0.09815700703936124,0.24763627310796205,0.1971304159288316,0.4973322128420509,0.9056354916067146,0.7612890312249799
-0.19500000000000006,14,0.001,0.09577603887525588,0.2510475459870216,0.19128269002181608,0.5013889745672025,0.9071994848887279,0.7595721840085882
-0.19500000000000006,15,0.001,0.10077825914373428,0.2490346108041318,0.2047863427134127,0.506050487366521,0.9018178906062305,0.7579717094222009
-0.19500000000000006,16,0.001,0.09609905169196611,0.24944657481781926,0.19110974463575367,0.4960680711658075,0.9072532223200704,0.7593732512590935
-0.19500000000000006,17,0.001,0.09767700894571468,0.25455844645977366,0.19559867804610678,0.5097545077437267,0.9046531201154262,0.7531238772006866
-0.19500000000000006,18,0.001,0.09547353113977508,0.250343927110963,0.19200203720883777,0.5034541347150483,0.9068982151471298,0.7583585416334978
-0.19500000000000006,19,0.001,0.09797224383268942,0.24801422650090882,0.19414490027146072,0.4914728435958966,0.9054,0.76092
-0.12250000000000005,0,0.001,0.06408855813898873,0.2505633275700417,0.126028986745508,0.4927282373984993,0.9384381379337949,0.7596034696406444
-0.12250000000000005,1,0.001,0.06048334044504809,0.24998819232739847,0.12345394753056375,0.510256691375813,0.940917812599936,0.7561639449247518
-0.12250000000000005,2,0.001,0.05835866456983522,0.2499852972476445,0.1179682964516861,0.5053292406817024,0.9428926381597403,0.7568970335768754
-0.12250000000000005,3,0.001,0.061162086108169554,0.2556608114613439,0.12309808956913545,0.5145566391068971,0.939938005716356,0.7528121149489249
-0.12250000000000005,4,0.001,0.05902028467739242,0.2444549149959869,0.12187902822612215,0.5048082646104666,0.9423667930552784,0.7608739226297855
-0.12250000000000005,5,0.001,0.060406122236491576,0.2508859129178813,0.12114353350938309,0.5031477749822991,0.9410839583837406,0.7594238552495833
-0.12250000000000005,6,0.001,0.06277537978291123,0.2514299803548797,0.12464802546034141,0.4992443008891147,0.9393830416366978,0.7570273084007367
-0.12250000000000005,7,0.001,0.06027421073590607,0.25707373414484985,0.119510825013088,0.5097220466554221,0.9414038902984173,0.7535460288450078
-0.12250000000000005,8,0.001,0.05764241109455054,0.2519788560435829,0.114607668997873,0.5009975949919244,0.9441612139215607,0.7576228626091116
-0.12250000000000005,9,0.001,0.06199215578795163,0.25086892453234144,0.1254887637186539,0.507826043389675,0.9391496189330124,0.7560829676904667
-0.12250000000000005,10,0.001,0.0629079917533054,0.2531084139473522,0.12520346169972482,0.5037523648157198,0.939743180730579,0.7558979297063072
-0.12250000000000005,11,0.001,0.06084521665514543,0.25365936671702755,0.12000371565522484,0.5002869278832683,0.9417277424005767,0.7573808477487916
-0.12250000000000005,12,0.001,0.06131239673313555,0.2530321378795981,0.1206196069364748,0.4977890058053873,0.9414789714969105,0.7568131647601847
-0.12250000000000005,13,0.001,0.06133199402399284,0.24878178651153246,0.12256652854841125,0.49716824675326904,0.9409395437868878,0.759388541165142
-0.12250000000000005,14,0.001,0.06093202410462552,0.24600553974810477,0.12405133567613785,0.5008419831430639,0.9406806742829752,0.7601538091804855
-0.12250000000000005,15,0.001,0.05936269460779019,0.2499359324804048,0.11952883116262483,0.5032546125526293,0.9421745568049942,0.7571468553836312
-0.12250000000000005,16,0.001,0.06265945872441075,0.2545274826586473,0.11984496115711078,0.48681933890946844,0.9412327184349975,0.758724549214891
-0.12250000000000005,17,0.001,0.06036898876053682,0.2450506543053025,0.12083089933669544,0.49047849816081734,0.9416367265469062,0.7623647294589179
-0.12250000000000005,18,0.001,0.060103448353312515,0.24734057193039577,0.12018647745914932,0.4945971136015069,0.9416696754523208,0.7614964304231644
-0.12250000000000005,19,0.001,0.058779262630862444,0.25221302452813393,0.11798122425217371,0.5062397872025867,0.9430529395263094,0.7566175589891004
-0.05,0,0.001,0.026292007459953415,0.24780643239645997,0.052687987691207694,0.4965928250170179,0.9745901967857,0.7612279931334585
-0.05,1,0.001,0.025874829399630175,0.2530544527949114,0.051843395167397215,0.5070256422754836,0.9748372055631481,0.7563092110500756
-0.05,2,0.001,0.024772779408293834,0.24574353524540393,0.0514378477469945,0.5102583905675625,0.9755600814663951,0.7581633879562483
-0.05,3,0.001,0.024604013920074556,0.2490933985029614,0.04908003411459927,0.4968909762431873,0.9763951914656477,0.7583407026288287
-0.05,4,0.001,0.025045952425386795,0.2505726876540305,0.05100320597283785,0.5102625039977379,0.9755560008014426,0.7566779796366541
-0.05,5,0.001,0.02465378221598133,0.24672528413587563,0.049184720968734094,0.49222119956459787,0.9762114185191109,0.7615655514647031
-0.05,6,0.001,0.02537800601582875,0.25028129613670047,0.05078432706141204,0.500841838891228,0.9754811915981152,0.7575526885167081
-0.05,7,0.001,0.024137106404054358,0.25047200580375717,0.04871526239848908,0.5055208060961419,0.9766499498495487,0.7588833499501495
-0.05,8,0.001,0.024270404378266698,0.24936362431337775,0.048076666327795156,0.4939584678341527,0.9767200829147732,0.7591314120574777
-0.05,9,0.001,0.02445025152019747,0.24682091239043744,0.04891673900673396,0.4938057239547556,0.976480453619774,0.761509796850583
-0.05,10,0.001,0.025479155939677787,0.24978232412200513,0.05056145046279535,0.49567405755028976,0.9754999601625368,0.757892200176721
-0.05,11,0.001,0.024891930012224166,0.25617465012809365,0.048152661496504566,0.4955618630433941,0.9764582998553752,0.7583240401465668
-0.05,12,0.001,0.023243832408764153,0.2539758428028681,0.0455624952649649,0.49784273658581263,0.9775862068965517,0.7562250598563448
-0.05,13,0.001,0.02607932100377414,0.25856180177121346,0.05119662890319134,0.5075857846109428,0.974961819789406,0.7534437455211402
-0.05,14,0.001,0.025009875355740535,0.24757089584447292,0.05029645384527688,0.497880855428465,0.9757718014003819,0.7581241956241956
-0.05,15,0.001,0.024836275855968756,0.24886159200282362,0.04987399141587281,0.49974162693584473,0.975764087870105,0.7558700546799614
-0.05,16,0.001,0.022844854750658172,0.2572023045976003,0.045072582486541314,0.5074565899513924,0.9777284647972564,0.7536387071187785
-0.05,17,0.001,0.024855883834962688,0.2519047265477612,0.04983945194695052,0.5051034836398406,0.9758113041036544,0.756451677236648
-0.05,18,0.001,0.024665278210554125,0.2504042135527628,0.049425232250500495,0.501769584989051,0.9762577053092066,0.7562663447998391
-0.05,19,0.001,0.02567424890275624,0.24825766293434456,0.05207129455421904,0.5035044234773506,0.9750628416390695,0.7580302361952119
