tauY,replicate,m_dist_R1,m_dist_R2,m_dist2_R1,m_dist2_R2,mean_conf_R1,mean_conf_R2
0.05,0,0.2547736892856827,0.024993738926994635,0.5030548997371508,0.04935055446748745,0.7543635419579023,0.9758442494892441
0.05,1,0.25583194777407403,0.024291400929281132,0.5104136632262353,0.04846409152996347,0.7557941444475259,0.9764126176339917
0.05,2,0.2486552347949517,0.023606601010287363,0.5150748110173972,0.048899696658965014,0.7554808769403104,0.9766837306031035
0.05,3,0.2521106306357196,0.02539996251837917,0.49691238086871653,0.050063560656516425,0.7568140884530719,0.9754947031780932
0.05,4,0.25034160990370263,0.02554460818384244,0.5073583106441365,0.05177033597892908,0.7564648249277225,0.975334714695569
0.05,5,0.24859654635656864,0.025095771167794406,0.4989320449577173,0.05036708921361788,0.7587573561791905,0.9756604452260101
0.05,6,0.24700991052127264,0.02506097109112213,0.5010565920714887,0.050835874327553904,0.7603414575770873,0.9754923589105933
0.05,7,0.24881215552404795,0.024481087239333038,0.4922397083108296,0.048432373476450054,0.7601661740033554,0.9763278058159096
0.05,8,0.24998985765592566,0.02460123835142605,0.49985560063933826,0.049190262708772366,0.7589847796637182,0.9760661794233395
0.05,9,0.2530663998633779,0.026855918852883243,0.4899256489926377,0.05199190204782491,0.759886893145884,0.9743682455506006
0.05,10,0.24996232466237783,0.024619981507559296,0.5008248425434095,0.04932862733853783,0.7597283260087895,0.976331597917501
0.05,11,0.24952363462308635,0.023797939493504276,0.5059189805060318,0.04825125806172418,0.7571840230529097,0.976852962341089
0.05,12,0.2527461231678818,0.025699274571684437,0.5024113020080164,0.0510852781296479,0.7582583178014831,0.9749828511479643
0.05,13,0.24475173103373185,0.024046951861025585,0.5036648034393565,0.049485260967285616,0.7605678864227154,0.9763952790558111
0.05,14,0.25896355655648756,0.02449750621443631,0.517754345160324,0.04897866887825877,0.7504783926008611,0.9762401669609889
0.05,15,0.2439832337627297,0.024949592090543482,0.48959462924675173,0.05006567910853425,0.7643475472907983,0.9760459916959437
0.05,16,0.2520722724337438,0.02380085987414535,0.4997324933278016,0.047185130412860425,0.7574082972929681,0.9771455969314368
0.05,17,0.2535327043130807,0.027835821546912564,0.4945704223921494,0.054299795592007025,0.7564885496183206,0.9735165272799682
0.05,18,0.252205206768169,0.02492359374516018,0.49464049048040376,0.04888169753756372,0.7578369277639702,0.9762113834118304
0.05,19,0.24793249410977405,0.02478867495679903,0.49607766827805844,0.04959861399541652,0.7613668005887266,0.9758658139254254
0.1225,0,0.24789528387341336,0.06161818058469891,0.49524355595515,0.12310039298624066,0.7584628358029153,0.9402717456269674
0.1225,1,0.24964736481360658,0.06208910398194777,0.4991424582335104,0.12414033696772402,0.7585695979497037,0.9401070800703213
0.1225,2,0.24963537206811123,0.060205410612136634,0.49845504190561946,0.12021409554664257,0.7597239398412255,0.9417238198371636
0.1225,3,0.24820410931668455,0.060903085257682704,0.49311958462588046,0.12099922192015158,0.7592033796016898,0.9415788427122689
0.1225,4,0.2567593880659555,0.06081107126993499,0.507703305586101,0.12024480246871116,0.7536701468058722,0.9417623295068197
0.1225,5,0.25595472339465064,0.060545113976417625,0.4903135355695776,0.11598179748950395,0.7564390596164647,0.9427694025683976
0.1225,6,0.24199229483556936,0.06149521585997211,0.4891434264185924,0.12430139816863459,0.7640679599951802,0.9404453650958052
0.1225,7,0.24333254162158172,0.05993125831993077,0.49579254079113044,0.12211055141756139,0.7623917228103946,0.9416693265240983
0.1225,8,0.24955190749124273,0.062322919240947884,0.5013456689974509,0.12520571753924015,0.7576680967082314,0.9397023025659443
0.1225,9,0.25120013160154137,0.06078439402059839,0.49925389401880815,0.12080744232448919,0.7580567580567581,0.9418010538080792
0.1225,10,0.25021998180606936,0.05791701218696011,0.49743931128339236,0.11513948025223003,0.7589096011224694,0.9444821392935542
0.1225,11,0.24886984884980723,0.06274003861656499,0.5012259412018537,0.1263589585157286,0.7585395990274623,0.9385412066958372
0.1225,12,0.2555950754559524,0.06318217844977664,0.5099140595958853,0.1260489117404354,0.7548784388995522,0.9394606274007683
0.1225,13,0.24666574314558246,0.061931069337797885,0.49939728893908936,0.12538509698990166,0.759747017852854,0.939643456711168
0.1225,14,0.24657573583207917,0.0592968093421899,0.49515854478898697,0.11907628187918759,0.7613994494754059,0.9422051096939799
0.1225,15,0.25220879941143354,0.06006691463529606,0.49847434607580055,0.118718363766426,0.7564677613135763,0.9421094686376348
0.1225,16,0.2565525772950474,0.057262311528775166,0.5182630225778873,0.11567585469457108,0.7522169642502088,0.9439504285196958
0.1225,17,0.25038210887843143,0.06141443476657628,0.4925669029016856,0.12081820886458697,0.7589737412671645,0.9413405594962939
0.1225,18,0.246828348139641,0.0600422927932426,0.5019928222914655,0.12211239204614566,0.7602758840649045,0.9412047999357868
0.1225,19,0.24827473272015066,0.06218070937051412,0.4991809167606706,0.12502046893104082,0.7600622282500299,0.9395130560346556
0.195,0,0.24674605683436077,0.09879059133295656,0.500974538200869,0.20057694743564677,0.7593501776234383,0.9029542630376398
0.195,1,0.24872493643603785,0.09402821905929283,0.5020357900308045,0.18979010274171285,0.7581847908441999,0.9079565060385989
0.195,2,0.2499069675624145,0.09689643746999549,0.49356394882274934,0.19136956752757742,0.7605887293524777,0.9073088770652479
0.195,3,0.2423398119786233,0.09693429356726721,0.4934560132259332,0.1973790837668687,0.7619544287548139,0.9049138481174218
0.195,4,0.24560903368080284,0.09999121253517317,0.49312305451846367,0.20075797462088002,0.7625953893483559,0.9031276280485363
0.195,5,0.2567138066295187,0.0987933444751404,0.5126264946303697,0.19727838769571823,0.7518548065416832,0.9037705575611713
0.195,6,0.25450680876189996,0.09707277432652728,0.5039860477021288,0.192227956926986,0.7561539996010374,0.9065570483256467
0.195,7,0.24777092944609588,0.0973398534261755,0.49335638139838345,0.19382111517095768,0.760612971632057,0.9059063462230575
0.195,8,0.2510019795706972,0.09704517365581679,0.4958042224064434,0.19169333622394133,0.7585724002720762,0.90670612228576
0.195,9,0.2540760444250392,0.09928590757761961,0.49198647760512776,0.1922547403297319,0.7570228670176425,0.9058804793566111
0.195,10,0.25105675785463316,0.1001676209886873,0.4944504279520023,0.1972777928306875,0.757997997997998,0.9034965034965035
0.195,11,0.2427769697614384,0.10052043848531714,0.4886712623495345,0.20233158694919542,0.7640656262505002,0.9023190723710516
0.195,12,0.2500184508626159,0.09774426867397047,0.5066477109935831,0.19807302147320724,0.7564389697648376,0.9044647143542967
0.195,13,0.24687645840050718,0.09519057550120091,0.49943317266706017,0.19257134292424877,0.7600784659113655,0.9074777187162784
0.195,14,0.25194404195972436,0.09721424056984401,0.49773941644359077,0.1920559779658381,0.7567198360721604,0.9069332165186572
0.195,15,0.24518308894795027,0.09521304114816015,0.4990420293825279,0.19379521435243424,0.7607573149741824,0.9070232242075389
0.195,16,0.246122041120775,0.0969603383167614,0.4999892729750896,0.1969719121524227,0.7584564462743199,0.9062871640371045
0.195,17,0.25329312495050077,0.09606310546794508,0.49548150943444125,0.18791466411699484,0.7583668271717936,0.9074021953278919
0.195,18,0.25333642850605304,0.09851048972344173,0.5005060104302061,0.19462298607334944,0.7564872657376261,0.9055857439667573
0.195,19,0.24576778557894832,0.09447925323953485,0.5006137914403094,0.19244840028677881,0.7604262281997046,0.9071082067113018
0.26749999999999996,0,0.25747521779751825,0.13057734495086204,0.5051061945931362,0.2561622294075439,0.7534235637002435,0.8745241053179978
0.26749999999999996,1,0.2505683843494919,0.1358457096319128,0.5008791641669877,0.2715517589050606,0.7583019924781947,0.8688714708469967
0.26749999999999996,2,0.2462060295424157,0.1346649527638874,0.494340886160013,0.27038489759052725,0.7596119151665798,0.8684998204094664
0.26749999999999996,3,0.24643290439747198,0.1359661442704845,0.48210071462064225,0.2659927880868102,0.7633354755784062,0.8703393881453155
0.26749999999999996,4,0.2536464483559427,0.13224563632998637,0.5056505080468457,0.26363496761207184,0.7556309904153354,0.8721955128205128
0.26749999999999996,5,0.2500898376592282,0.13691776366094177,0.4991050800151424,0.273247213989573,0.7587155963302752,0.8670677898114721
0.26749999999999996,6,0.24279539685601365,0.13422038848100362,0.4962295559565719,0.2743220202636117,0.7629308615224109,0.8694924040033494
0.26749999999999996,7,0.24765171107130088,0.13393919190896836,0.4986769766568085,0.26970292669526663,0.7594120474206985,0.8700862895493768
0.26749999999999996,8,0.24656908108796732,0.12935906986634854,0.49145160527254483,0.2578333108995907,0.7606570512820513,0.8744408945686901
0.26749999999999996,9,0.2468099823923693,0.13260899239835508,0.4960952411151493,0.2665479305991511,0.7605605685538609,0.870722128716839
0.26749999999999996,10,0.24975864223870772,0.13150440367701494,0.5072288327342094,0.26706913754259237,0.7569925173062303,0.8719660922068055
0.26749999999999996,11,0.2534239983727316,0.13311883950529252,0.5086186526102923,0.267167771091062,0.754087899816543,0.869774532616545
0.26749999999999996,12,0.2543037550933621,0.13135511351048854,0.5014071142068853,0.25899101795579843,0.7571502652678607,0.8738919417592556
0.26749999999999996,13,0.24908135318867128,0.13279371799792788,0.48687242577119166,0.25956820444866313,0.7612983072500799,0.8721545367104842
0.26749999999999996,14,0.24936769819100615,0.1297846603980006,0.5016220648768865,0.26107170179003797,0.7591725683191294,0.8747950573839325
0.26749999999999996,15,0.25385659550574896,0.13117637276451116,0.5101833255606982,0.2636291484121495,0.7551264661294184,0.872703938397369
0.26749999999999996,16,0.25224472815888727,0.1372877807996042,0.5030895123185495,0.2738136221672125,0.7556779627190356,0.8661562512526556
0.26749999999999996,17,0.24602220241273437,0.1349890706662628,0.4888893034251391,0.268246979666174,0.7620041753653445,0.8703570859238005
0.26749999999999996,18,0.25074582227787967,0.13171105617285628,0.5097734072657744,0.2677723332331426,0.7560713003947841,0.8709625646992738
0.26749999999999996,19,0.24938314237492448,0.13289514141833766,0.5038191241832994,0.26848291797102225,0.7597278586774887,0.8703048339097563
0.33999999999999997,0,0.25077321471273817,0.16947340591632548,0.5025989013972404,0.3396580760316231,0.7571736871553033,0.8353350948834974
0.33999999999999997,1,0.2471919409179763,0.17106048647443808,0.498694364039035,0.3451038905143131,0.759345419541152,0.834290729216531
0.33999999999999997,2,0.25089891534175246,0.16826544188306072,0.5074937343974265,0.3403508435058473,0.7565352945878967,0.8362420943079016
0.33999999999999997,3,0.24823415981514776,0.175884319184014,0.4890769663585077,0.3465315544025294,0.7604682032098468,0.8318548868292295
0.33999999999999997,4,0.2545688053201931,0.17423094968997885,0.5042411413362707,0.3451106777096088,0.7565556484023715,0.8313965177530258
0.33999999999999997,5,0.2466961986596509,0.16980574512139482,0.49259699689748826,0.3390640008123495,0.7611180174038578,0.8360531460718988
0.33999999999999997,6,0.24234439046202733,0.1722339718546243,0.4835469838276348,0.34365646939126027,0.7641157349813396,0.8329412702842789
0.33999999999999997,7,0.26052112030963825,0.1721997145252858,0.4915311449116769,0.3248931324012361,0.755226863881671,0.8378627176305784
0.33999999999999997,8,0.2511500077876131,0.17346315624943073,0.5062070074474773,0.3496247760488792,0.755192878338279,0.8315377862900007
0.33999999999999997,9,0.242591082733277,0.16867879749482062,0.4842496468417552,0.33670919473312594,0.7658601179727941,0.8381514414450337
0.33999999999999997,10,0.2547867161713497,0.1736204343839143,0.49973343342148263,0.3405355549559031,0.7565660993981906,0.8333132602673733
0.33999999999999997,11,0.2544750028853545,0.17063287119329942,0.5050919657480337,0.3386788146381617,0.7540181971221291,0.8356951818290687
0.33999999999999997,12,0.2519780415950537,0.17087939990859452,0.49966655668034465,0.33884984905608173,0.7572815533980582,0.8349285170798126
0.33999999999999997,13,0.2492461996032059,0.16988858255444714,0.5068043545124934,0.34544267297803793,0.7575090108129756,0.8351977626847783
0.33999999999999997,14,0.25137697218700594,0.16849064031325026,0.5014873604332555,0.336132326415095,0.7567783412530448,0.8362383299274753
0.33999999999999997,15,0.2563586568522522,0.17463559438993198,0.5096833458697992,0.3472044016361046,0.7531313778062347,0.8319539402662829
0.33999999999999997,16,0.25283625587213027,0.16672858310265692,0.504472906624067,0.3326661069433316,0.7550946871121432,0.8388282779842545
0.33999999999999997,17,0.25209532923402406,0.16967233679651283,0.5047958155045379,0.33975197351731246,0.757849137588427,0.8349303486593124
0.33999999999999997,18,0.2553396016749124,0.1734502583358019,0.49843737014968525,0.33858473205715395,0.7558989100491077,0.8334468801346532
0.33999999999999997,19,0.24776988734467237,0.17217992500147292,0.49518175086834715,0.34411105255904034,0.7601487821461425,0.8329399527943353
0.4125,0,0.2565792993973311,0.20445422763222743,0.5021102350341048,0.40010460910628676,0.7560392250657737,0.8043268844826202
0.4125,1,0.24745553311697288,0.20708492414577778,0.4994201768598719,0.41794332961231245,0.7611135519431241,0.7995032648319513
0.4125,2,0.2502128572573057,0.19993743825712282,0.5119582805092655,0.40909019712877026,0.7552873700561596,0.8026352789940947
0.4125,3,0.2495817915739603,0.2020589143538544,0.5044035113355922,0.40836002199519206,0.7575129533678756,0.80228823765556
0.4125,4,0.2506428343908033,0.2059782438343148,0.493943232387916,0.4059224745378993,0.7586013537869989,0.8020612791115728
0.4125,5,0.24691173426933433,0.2106712245345213,0.4882092263552845,0.41655223819021603,0.7617844104785975,0.7983089379013282
0.4125,6,0.25167847445711977,0.20476093330022663,0.5028719796149189,0.40912730458411456,0.7559074007436728,0.8010324542798831
0.4125,7,0.2506319315337967,0.20461347643662692,0.49380438653411707,0.4031371086280635,0.7597085435182961,0.8043321876748462
0.4125,8,0.250155424040071,0.20337957891087047,0.5021638056762472,0.4082656361924646,0.7596648713345302,0.8032885502305995
0.4125,9,0.25544133083676385,0.21187840213674292,0.5007338186474809,0.4153387435123259,0.7564901349948079,0.7972117618780546
0.4125,10,0.2531372217190677,0.2098903180972895,0.4912933728432676,0.40735898737011494,0.7575430603844463,0.7984946150458422
0.4125,11,0.246237796904585,0.20764713596417853,0.49883874813111767,0.4206601856396566,0.7590892692508118,0.7975092803257094
0.4125,12,0.2443585461088604,0.20742400931412575,0.4986641327365441,0.42329157445259014,0.7598442580179023,0.7972256547215689
0.4125,13,0.24249311111634478,0.21110425451689843,0.48182249783423936,0.4194543042749189,0.765602438633082,0.7967927237912877
0.4125,14,0.24919064326061827,0.20506630523224495,0.5017111192630492,0.41287282770728073,0.7587217471596611,0.8025985413096329
0.4125,15,0.2507370950265831,0.20358378478496447,0.506186391324189,0.4109936000554526,0.7562921303498066,0.8009145974567773
0.4125,16,0.24646106049364003,0.20955533810805538,0.4930684813567141,0.41923512020187037,0.7611006377602182,0.7979177470182297
0.4125,17,0.2529426677394977,0.20189782027887218,0.5021416306774628,0.40080743043901723,0.7578293091082955,0.804875110432897
0.4125,18,0.24784857330737042,0.20547630393576247,0.4952299756981761,0.41056530464051966,0.7613450081963936,0.8020328944735684
0.4125,19,0.2453820137230862,0.2063903551916035,0.49313387986687235,0.4147739888449769,0.7612502504508114,0.7992014374126573
0.48499999999999993,0,0.2531765293419692,0.24175827412470904,0.5043268825369126,0.4815817525965557,0.7567535261773847,0.7664043048751105
0.48499999999999993,1,0.24318197090938956,0.24342833597301156,0.48894547529192267,0.48944082074322204,0.7620796835264199,0.7660839576644072
0.48499999999999993,2,0.25109373726207646,0.2420962924204302,0.4999977096420023,0.48208128582949633,0.7569768834590969,0.7652386486594798
0.48499999999999993,3,0.25052483809979265,0.2415704542029872,0.507250626789074,0.48912022152221063,0.7570052364392214,0.7653204178841613
0.48499999999999993,4,0.2515107354844481,0.23602172303237534,0.5066107190950985,0.4754116542865797,0.7570666454335536,0.7694719074029419
0.48499999999999993,5,0.2590724295190191,0.24136345529588846,0.5196532268312235,0.48413217344856235,0.7509078574564029,0.7662483460967884
0.48499999999999993,6,0.24787210491821252,0.23932352759452688,0.49372959806334815,0.47670192305558795,0.7607880673207307,0.7675118350316938
0.48499999999999993,7,0.2481749091268147,0.24491603230914538,0.5031404669929987,0.4965335428293762,0.7560030671132814,0.7628563498671742
0.48499999999999993,8,0.25175460989161025,0.24910257487608428,0.5018887425497052,0.49660174296025106,0.757343191224334,0.7619559590650261
0.48499999999999993,9,0.2551204735607102,0.24157274960491054,0.5123069082435906,0.4851017511009134,0.754645656758585,0.7649684345972898
0.48499999999999993,10,0.2498593363783956,0.2425063723568142,0.4945846937202721,0.48002985053825653,0.758803666184274,0.7680703709600382
0.48499999999999993,11,0.2469766815621532,0.25005869029303,0.4872244247169065,0.49330447211804573,0.7606703008277811,0.7619575985734099
0.48499999999999993,12,0.2522070582455584,0.24240998751253648,0.5068028926557152,0.48711595835027693,0.7559225558183349,0.7666946074322436
0.48499999999999993,13,0.2504438069390535,0.24543117695215275,0.506886003322081,0.49674068565083646,0.7568539685077132,0.7614300584514373
0.48499999999999993,14,0.25130306797944224,0.24486025627583666,0.5089303644742915,0.49588260292120356,0.754658011780262,0.7613704428383181
0.48499999999999993,15,0.2478868256195599,0.24149972852853493,0.5023528304710133,0.4894091159587549,0.7584849580270715,0.7664024220212724
0.48499999999999993,16,0.24853402926766407,0.241392726738627,0.5016817276856372,0.4872665548368733,0.7584339524248866,0.7663036974991025
0.48499999999999993,17,0.24795499547848213,0.24919846545034682,0.47994767646393455,0.4823545669667755,0.7635824958962245,0.7628581704831555
0.48499999999999993,18,0.2518790737300196,0.2441429217023799,0.5057124608397688,0.4901801324831795,0.7561687662467507,0.7633926785357071
0.48499999999999993,19,0.25137240896108,0.24320735955237135,0.5010665601304354,0.4847909742877977,0.756221493158358,0.7641366072142686
0.5575,0,0.2522546051012383,0.2812232306217113,0.5118851495002943,0.5706694448332343,0.7546331505423688,0.7269856497581645
0.5575,1,0.25106522695661354,0.2836070274971445,0.49987299063117324,0.5646639907784353,0.7579793616510679,0.7263781102488199
0.5575,2,0.24992165205773925,0.2803088156667297,0.5072549308596407,0.5689304137503266,0.7556863687329809,0.7269458206808375
0.5575,3,0.2522449357104222,0.2807898456002516,0.5001825341716776,0.5567849207614636,0.7558817615121657,0.7316490948876069
0.5575,4,0.2456899837235433,0.28206121074322543,0.4857392541952836,0.5576466735330903,0.7632234726688103,0.7307324840764331
0.5575,5,0.2540930959464168,0.2822665859400498,0.5100432368974728,0.5665961234587094,0.7544730416683345,0.7277851061278331
0.5575,6,0.24951753782385222,0.28229063096385476,0.4971675386692946,0.56246843171713,0.7596003996003996,0.728048048048048
0.5575,7,0.2501300686089138,0.2824456401580881,0.4888188981682252,0.5519718895946263,0.7617982017982018,0.7301701701701702
0.5575,8,0.2508309244993954,0.2773559543840835,0.4995340219615011,0.5523590669091752,0.7579052969502408,0.7340111642743221
0.5575,9,0.24022759406337651,0.27809965666649117,0.4875427744745826,0.5644042630499807,0.7644787644787645,0.7304264799490771
0.5575,10,0.24902459584834064,0.27193497678135353,0.5042434103301812,0.5506340432484715,0.7581872047401713,0.7363120454000479
0.5575,11,0.24704083866390206,0.2811311053919891,0.5005511469956824,0.5696244314146529,0.7597586799312798,0.7261623483240559
0.5575,12,0.24950127282577736,0.2776189455695527,0.5061720880254194,0.5632154087345302,0.7570145679505089,0.7284826618560833
0.5575,13,0.24456095122409333,0.278520503075224,0.4927431429910674,0.5611650894626501,0.7608888173254972,0.7316559344939979
0.5575,14,0.2524219777075443,0.27329184933536405,0.5016526197586094,0.5431285081547121,0.7577781332480205,0.7375770184844362
0.5575,15,0.25371998662345874,0.27130900027336263,0.5099003822522251,0.545248976199756,0.7567160033332011,0.7356345013911851
0.5575,16,0.25237228960755165,0.27894014641753223,0.5063670003359155,0.5596735102508672,0.7564640530711745,0.7299915922648836
0.5575,17,0.25499763134936404,0.2795675557287934,0.5054048299683559,0.55410237428518,0.7542216886754702,0.7307477009196321
0.5575,18,0.2525064214704878,0.2793325754136393,0.5008247711739722,0.5540321404432994,0.7556998036622992,0.7310226410573814
0.5575,19,0.2514856059499442,0.2783299965167115,0.5064661020370322,0.5605279390974659,0.7550839964633068,0.7316665339597102
0.63,0,0.252041367460673,0.3120278227072861,0.5126748753973602,0.6346927361117736,0.754817646121994,0.6945024915608423
0.63,1,0.24953157664676937,0.31353786148800555,0.49938794522077984,0.6274838259009564,0.7587349758415526,0.6962375285491045
0.63,2,0.24452991185451342,0.3106138680408034,0.49312948812335916,0.62639722310173,0.7626157777068029,0.6978999679384418
0.63,3,0.25045936410357755,0.3164152124894571,0.5000966066477555,0.6317918063237857,0.7580251848890666,0.6947368421052632
0.63,4,0.25519663972045553,0.30962490320679226,0.498945164477962,0.605360040893215,0.756031531172864,0.7023149264528575
0.63,5,0.24836968548547822,0.31747969633943096,0.4889620078407082,0.6250179423763166,0.7617350208266581,0.6962288271013103
0.63,6,0.2472054063689563,0.31140290946681193,0.4982088045412569,0.6275901224610609,0.7599647124869677,0.6988668103104302
0.63,7,0.24379775093094513,0.31275883521425735,0.49139035032421385,0.6303859367696063,0.7626420227236358,0.6959286514157734
0.63,8,0.2466931262514204,0.315996030055994,0.4945584491952345,0.633493559188471,0.7594743399107825,0.6955846637735398
0.63,9,0.24411335222730027,0.3148685046584877,0.4964616200472296,0.6403587779952641,0.7621680086528062,0.6942525062906898
0.63,10,0.2464869963253812,0.3117697436899941,0.5001009079694604,0.632553985488755,0.7591076873696035,0.6974796618280428
0.63,11,0.24331056075790303,0.31529055345598983,0.4986900750779735,0.6462204899144983,0.7615440115440115,0.6925195593166215
0.63,12,0.2514726303672302,0.31305105359378416,0.5014397053543501,0.6242278845443365,0.7570093457943925,0.6977806265523596
0.63,13,0.25443720819734217,0.31114205676454704,0.5129772155657949,0.6273012782025923,0.7513104717698371,0.6970290695349675
0.63,14,0.2460264437197459,0.3156109738697188,0.4954622477109334,0.635595589447514,0.7626908625789431,0.695020414698583
0.63,15,0.24838644117431669,0.31164168962434,0.49391472493047117,0.6196973501450088,0.7605386883417006,0.6984177977672477
0.63,16,0.24863327832370027,0.3082826597855507,0.494013787461457,0.6125321815170489,0.7608365929592081,0.7023570913172452
0.63,17,0.2492967759864157,0.317332644190361,0.5004173038584453,0.6369867624788891,0.7587196555985172,0.6913258138321359
0.63,18,0.2518195034091474,0.3130444518526629,0.49970010075463567,0.6211923302751341,0.7584164712428952,0.6963487782295399
0.63,19,0.24509576734902913,0.3148225261461943,0.491787581675271,0.6316951551833887,0.7606415048836368,0.6960312089486883
0.7025,0,0.248008557755509,0.34658876573390635,0.5016611729083815,0.7010650289992969,0.7587266126780229,0.6621345205149801
0.7025,1,0.24506527127905522,0.3443334251716725,0.4914297219252568,0.6904922859877635,0.7632388793413533,0.6674406501461227
0.7025,2,0.2504075579136547,0.34689376293894003,0.5006876677778809,0.6936109699711261,0.7571149163772801,0.6631258267527158
0.7025,3,0.25657951323665845,0.34742748888114605,0.5126140781352782,0.6941170777239515,0.7531203892012601,0.6645267423664888
0.7025,4,0.2530571326346274,0.3570506885450087,0.4918790361745571,0.6940161959416309,0.7595218237420073,0.6571854478062931
0.7025,5,0.25263259773298563,0.3578946729407188,0.48989873550514546,0.6940202859450431,0.7593261131167268,0.6611487834064619
0.7025,6,0.24952466279601454,0.3505413414016383,0.4991431022514966,0.7012144236726301,0.7597736420515682,0.6614204842012286
0.7025,7,0.2511236087458212,0.3462775677003394,0.5107574409799058,0.7042899918119091,0.7557126877596676,0.6635693687920539
0.7025,8,0.25423866141850404,0.35685294020056646,0.5003506488641194,0.7022991671770454,0.7564887022595481,0.6594118823764753
0.7025,9,0.2494950869626088,0.352863401732849,0.5002437324497623,0.7074997238491296,0.7582955502949084,0.6608844758144914
0.7025,10,0.2485290247165727,0.35022184962987263,0.4971991763922185,0.7006425723881277,0.7593339456135447,0.660415915374444
0.7025,11,0.2495359177618311,0.352273478053468,0.499513013399663,0.7051697733198367,0.7585296588136474,0.6606264250570023
0.7025,12,0.24927823850189,0.3499541738741782,0.49608284230537786,0.6964356868672934,0.7606704268170726,0.6647734090636375
0.7025,13,0.2528939963827752,0.3447877558394469,0.5091284563509411,0.694129795131819,0.7558375432594773,0.6648968263545312
0.7025,14,0.24746944088944903,0.35524858908826773,0.49261090189216855,0.7071553046619145,0.7607258742939551,0.6579062986779566
0.7025,15,0.24988617285797954,0.34173781269131454,0.5080186744441784,0.6947530894779187,0.7574162679425838,0.6669743178170144
0.7025,16,0.25157982317880073,0.35345748403574284,0.4999804533866594,0.7024483557073666,0.7565353571858813,0.6614336374865522
0.7025,17,0.25081480286123636,0.34810478637106196,0.5027558568322604,0.6977726918144449,0.7571159774210336,0.6643219695455818
0.7025,18,0.2504590220735042,0.35211331077592317,0.49990378338603986,0.7028007008100896,0.7575054038908013,0.6605244224158606
0.7025,19,0.24932183851032308,0.3453920042906857,0.5072208745641885,0.7026662226243204,0.756207946171099,0.6640699904122723
0.775,0,0.2465121248802523,0.383412057286454,0.5000133465002713,0.7776945898522466,0.7605414470531864,0.6279051129988781
0.775,1,0.2475144017590726,0.3936558298001559,0.4830814214799128,0.7683101123902313,0.7619680315658091,0.6276676072010492
0.775,2,0.24985835948514323,0.38470421420228906,0.502776278974043,0.7741191998571534,0.7583390061266168,0.6299596435849283
0.775,3,0.24517325055937536,0.38354114772405573,0.5020599975579637,0.7854065125391165,0.7600241303036397,0.630117366222399
0.775,4,0.25389326394840117,0.39353621612242723,0.49497564273003,0.7672154766277289,0.7571990053741878,0.6265858134524854
0.775,5,0.24465594338594765,0.37943219423579855,0.500712175567428,0.7765448769679956,0.7610166099659796,0.6314611233260043
0.775,6,0.2592237618812217,0.3878328345363323,0.5067863509908954,0.7582190212145118,0.7527964205816555,0.6305671259211791
0.775,7,0.2510043596671923,0.38737938995285576,0.4959075254093572,0.7653427013013601,0.7593696252149914,0.6303452138085524
0.775,8,0.250488438661888,0.3832267426473438,0.5009619632963386,0.7664306680573526,0.7577210435894363,0.6297705338192303
0.775,9,0.25153722764239533,0.38598237067099855,0.5095659529554344,0.781925905673833,0.7554889022195561,0.6264852970594119
0.775,10,0.2554240273936758,0.3831515502035866,0.5072225628377968,0.7608646423462893,0.754302103250478,0.6309045629820051
0.775,11,0.2524727279740411,0.3938915016929968,0.49768097978036013,0.7764494409466824,0.7566061189301897,0.623319101392602
0.775,12,0.25325979925057557,0.3867038157521647,0.506428843750345,0.7732690575635058,0.7549400777586276,0.6287573350365255
0.775,13,0.24741966365820064,0.38674702119368726,0.5026759106469579,0.7857435750826245,0.7581085420680796,0.6262356505102041
0.775,14,0.24845155100344288,0.38805362804927723,0.495752093849359,0.774309509658097,0.7604324583100615,0.6254110852650998
0.775,15,0.25119998149489664,0.39430566569059916,0.49784651316560385,0.7814638345803189,0.7561973525872443,0.6218587953729557
0.775,16,0.2474074237529312,0.38610277337709276,0.498733694163093,0.778321279014133,0.759896145396445,0.6258361706388944
0.775,17,0.24781650724924897,0.3882743001833106,0.5014682988990948,0.7856912155707552,0.7586151691014609,0.6241055366779932
0.775,18,0.24569504942526166,0.385940605131139,0.4961411627020963,0.7793442359202309,0.7619544706307464,0.6295381182002949
0.775,19,0.24515526947633187,0.37989377654779644,0.5003470090160607,0.7753401150443413,0.761326054906961,0.6295225474842389
0.8475,0,0.2447798440485553,0.4242652685140298,0.49498149520221274,0.8579278975673577,0.7613294264038856,0.5915015745206681
0.8475,1,0.2505487931784841,0.4255097968836653,0.5032597087567542,0.8546915502413543,0.7575878753948895,0.5905253470971872
0.8475,2,0.24821306127661671,0.42144538639132895,0.4916387682573163,0.8347622384877341,0.7608678280326034,0.595907416306263
0.8475,3,0.2515957803566106,0.41468424382399105,0.5000793385224812,0.8242388725807104,0.7577395382108651,0.5991866972661755
0.8475,4,0.2504950624478877,0.4238107759285022,0.5081282156442211,0.859698435725229,0.7561298076923076,0.5909345047923322
0.8475,5,0.24557861932770356,0.42104115560567174,0.502947948557916,0.8622973207115763,0.7601630890994124,0.5913621262458472
0.8475,6,0.25804257804909553,0.4273384889314276,0.5055152095891038,0.83717232803557,0.7552336225423864,0.5933906890729276
0.8475,7,0.25323385607936827,0.4213097151796157,0.5066996049196563,0.8430052345110454,0.7557248863001675,0.5950108285874709
0.8475,8,0.2516458116841213,0.42446742636863505,0.49914576225909685,0.8419417580248896,0.7568781583380123,0.5944705976222772
0.8475,9,0.24903853571770382,0.42485853844190224,0.49971799460321,0.8525164838782232,0.757779377649788,0.5896071685734858
0.8475,10,0.2500392860484225,0.4205745764180066,0.5058521091935366,0.8508604384393662,0.757866538722962,0.5943415102645164
0.8475,11,0.2479185048288318,0.4249736953180502,0.5024424417997746,0.8612702037861056,0.7575184946928273,0.5910936007640879
0.8475,12,0.24902066863028047,0.42780983692533503,0.4851274856513224,0.8334340746334872,0.7626583543140311,0.5945069463906795
0.8475,13,0.25265531877030606,0.4139574973017836,0.513965454178815,0.8420952867604619,0.7545041454081632,0.5977440590879898
0.8475,14,0.24438821393130705,0.4289671149717937,0.4928325642370831,0.8650538413622345,0.7621914509331728,0.5879609328283835
0.8475,15,0.2502240588957756,0.4298685337465944,0.5015934651126349,0.8617046991258845,0.7575660271333386,0.5888144781950092
0.8475,16,0.24382795545779484,0.41586465731195965,0.5051858653721725,0.8616278079656433,0.758966943808491,0.5957056925467076
0.8475,17,0.24759621858084183,0.42285733381948803,0.4974138196362759,0.8495084568817335,0.7603616578652584,0.5933050711886099
0.8475,18,0.24699769647995265,0.4214673409861362,0.504681996054136,0.8611698892413621,0.7589735390518827,0.591145624849892
0.8475,19,0.24854716964136478,0.4307229326851117,0.49607690504532925,0.8596826899569622,0.75943094629156,0.5860826393337604
0.9199999999999999,0,0.25149632393376115,0.4583435494843358,0.4987837452404292,0.9090165161968777,0.7583841767356542,0.5608474100228704
0.9199999999999999,1,0.24804461990569854,0.46529040982789205,0.49535743248527536,0.9292080709510725,0.7600272468646071,0.5559238110450025
0.9199999999999999,2,0.25127761457499187,0.4652706450329427,0.4943323334494235,0.9153156123105896,0.7601417253871572,0.5557654435111129
0.9199999999999999,3,0.2544524213676301,0.4607607731680003,0.5044967059733806,0.9135393212437135,0.7539736557633022,0.5596451264836351
0.9199999999999999,4,0.24517065660069057,0.4560323314806149,0.49640000248907873,0.9233341934992394,0.7608695652173914,0.5618318174565182
0.9199999999999999,5,0.2489375076300273,0.45664570301096796,0.4986671516304374,0.9147444842389462,0.7602936482604532,0.5614372794353545
0.9199999999999999,6,0.25173556450618717,0.4766576728945756,0.4911645425579892,0.9300130012351343,0.7600753899827566,0.5518094402106691
0.9199999999999999,7,0.24496343329884876,0.4569085818528032,0.4938297975652489,0.9210969549358253,0.76220195231237,0.560790273556231
0.9199999999999999,8,0.24594450320369776,0.45714240574091997,0.49708718957678866,0.9239467877756147,0.7617347348150526,0.5624152508574619
0.9199999999999999,9,0.24515241697921283,0.46455467978492293,0.4911820228357305,0.9307715997509891,0.7616026979283764,0.5555157022158457
0.9199999999999999,10,0.24440782815320397,0.46612060655802723,0.48784618977752675,0.9303923020975556,0.7643972767320785,0.5552536955653216
0.9199999999999999,11,0.25675629107749864,0.4640709734684382,0.5087852363981731,0.9195975644873373,0.7529162671780122,0.556151874399231
0.9199999999999999,12,0.24507782807695921,0.4551504307522648,0.4991935722953601,0.927085780226709,0.7612760834670947,0.5624401913875599
0.9199999999999999,13,0.2532686876967912,0.45247649277531077,0.513332650717288,0.9170930664025976,0.7550354271156755,0.5617814936892033
0.9199999999999999,14,0.2473094389542521,0.4618750954058354,0.5021636533366639,0.9378408130112605,0.759575062901873,0.5540643403709787
0.9199999999999999,15,0.2500754620324861,0.4680497456090762,0.48776364834197483,0.9129150443963158,0.7609435700268333,0.5579481443010667
0.9199999999999999,16,0.2506243723461556,0.4641594193827734,0.4939116474803273,0.9147304445084803,0.7585598588725844,0.5593024183893367
0.9199999999999999,17,0.2520439216356245,0.45869001794482517,0.5057663801345895,0.9204347737264936,0.7556393995343983,0.5615881368093757
0.9199999999999999,18,0.2525985224615251,0.46306644625278176,0.5095449339139477,0.9341034913993999,0.7543241511851377,0.5552669437340153
0.9199999999999999,19,0.24449163389062142,0.45313718257715124,0.5000500618984811,0.9267853978904582,0.7626077242259814,0.5614372794353545
0.9924999999999999,0,0.2532389257491828,0.4973188761901856,0.5005429701742387,0.9829826385320357,0.7567470456723092,0.5273324783584482
0.9924999999999999,1,0.24671020910107405,0.48336777537776565,0.5014666457571644,0.9825001481251444,0.7612309164108901,0.5349014570706057
0.9924999999999999,2,0.2545363964814225,0.4931949762540637,0.5136932809561575,0.995342705425372,0.7528332866124705,0.5279475808062647
0.9924999999999999,3,0.24702521883840908,0.4869199508357634,0.5027072908022056,0.9909037242157481,0.7604740244194398,0.5307963750100249
0.9924999999999999,4,0.2507458196671515,0.5010262585363382,0.5015269943642915,1.0021231615142032,0.7564441242395132,0.5215062360089543
0.9924999999999999,5,0.24913955751656694,0.4896525038299526,0.5027017204012969,0.9879970829511958,0.7564735637721306,0.531027061496154
0.9924999999999999,6,0.2491778029675641,0.4956315542141858,0.497485057105584,0.9895315277487615,0.7596623189565496,0.5277933296008958
0.9924999999999999,7,0.2522602848947054,0.49319174755107065,0.5116125334231972,1.0002489275445716,0.7546981606351993,0.5243212896499178
0.9924999999999999,8,0.2463074919752166,0.4933540277426903,0.4853039943716131,0.972064139758048,0.7636203866432337,0.5309245313251082
0.9924999999999999,9,0.24463643754660655,0.4999419635321825,0.4880516311732085,0.9973881783139258,0.7641464001926318,0.5263136910932142
0.9924999999999999,10,0.24545687707473784,0.49373184894860084,0.4989614077326245,1.0036514003183323,0.7595621842675006,0.5253811158113177
0.9924999999999999,11,0.24538943339409813,0.4944128949229976,0.5013183206997918,1.010060778848031,0.7595828635851184,0.5268637736448896
0.9924999999999999,12,0.24794310587492494,0.4944983833506326,0.5026151725833066,1.0024170239091934,0.7589425195273383,0.5258637906930298
0.9924999999999999,13,0.24753115388538718,0.49450460803080787,0.4988574358723204,0.9965909216563413,0.759072338380197,0.5264839817847727
0.9924999999999999,14,0.2547639820591175,0.4880807593276091,0.511876857986581,0.9806615656931713,0.7542591636551368,0.5294330956122326
0.9924999999999999,15,0.252322639477856,0.4964470842969431,0.5038697230921118,0.9913682553900989,0.7573337613868936,0.5299629201387505
0.9924999999999999,16,0.25012804727842775,0.49765095198109155,0.498493226867688,0.9917945292663962,0.7583173384516955,0.5254481434058899
0.9924999999999999,17,0.24746888351983531,0.4998990457407762,0.49535081659172436,1.0006324714406747,0.7609532980259991,0.5240867762003509
0.9924999999999999,18,0.2471651015443199,0.4953591774077893,0.4976374293012908,0.9973465755715193,0.7605150899015269,0.5238592125857848
0.9924999999999999,19,0.25268841020407956,0.4954155437913038,0.4939193403840877,0.9683677949764329,0.759001996007984,0.5314228456913828
1.065,0,0.2512327022117407,0.5387556860727628,0.4999201905982645,1.07205329121683,0.7575708956720548,0.491164386293829
1.065,1,0.25271401343720035,0.5430854414397203,0.4977142410964036,1.0695938648603902,0.7562735508698789,0.4874271573401453
1.065,2,0.2516575148019222,0.5298554047722122,0.5080140909138939,1.069604505881867,0.7553208513362137,0.493161094224924
1.065,3,0.25088580220595647,0.535480818510245,0.4991276679415642,1.0653185226920467,0.7579533616475679,0.4932513377525757
1.065,4,0.24989268632648406,0.5283059262915483,0.5003382483463382,1.0577807043394396,0.7590692124105012,0.4940466613032985
1.065,5,0.25465295432938345,0.5376507198019385,0.5004475228434617,1.056598662239976,0.7588844621513944,0.4936546184738956
1.065,6,0.2588684857268339,0.5365368687159029,0.5138480541783887,1.0650134766715402,0.7495002798432877,0.4897542623869367
1.065,7,0.24999780102376717,0.5338046662197192,0.49520701646261023,1.0573845651840577,0.7609598339056137,0.49467019315540595
1.065,8,0.2549827210249523,0.5322025577142299,0.5140070937408272,1.0728408924044555,0.7544683730743202,0.4910969090397524
1.065,9,0.25241098887503866,0.5226383530528288,0.5036784686695825,1.042908973602432,0.7588860679149476,0.5000403355921265
1.065,10,0.24864603122457532,0.5284006739909314,0.5065061983712196,1.0763824191434928,0.75692,0.49252
1.065,11,0.24774849246975006,0.5212192644773471,0.5068621888851537,1.066348919617967,0.7600063532401525,0.49552707930367507
1.065,12,0.25073237343328336,0.5265009905017624,0.4977468279246172,1.0451948997768854,0.7605162523900574,0.4999598329048843
1.065,13,0.2506730995824127,0.5251635043843689,0.5054187382323241,1.0588590327154346,0.7576890940198145,0.4954357180198657
1.065,14,0.255136624464573,0.5227050437621895,0.5145804506642022,1.0542343638357077,0.7533919548004615,0.49821047975228216
1.065,15,0.24809732326486938,0.5273805567425537,0.5049430285351404,1.073357551817816,0.7590789368664698,0.49382567556731616
1.065,16,0.2538507403427483,0.5306263309257566,0.5054212165260151,1.0564862065602918,0.7566190229724887,0.494634891291243
1.065,17,0.2489046163358974,0.528412214243922,0.499810500006122,1.0610730202536103,0.7591486632730771,0.49830346093968303
1.065,18,0.24467735721211348,0.529041514631549,0.49603514530430454,1.0725274605396864,0.7612556629114381,0.4941932394141358
1.065,19,0.24303236431172542,0.5355287221165412,0.4851836250687606,1.0691159075079968,0.7640678780116865,0.49076517150395776
1.1375,0,0.24616167313797088,0.5619471974663962,0.4963126865100063,1.1330014120232068,0.7623561272850372,0.46390261540315775
1.1375,1,0.2517683041023265,0.5585479093749149,0.5073912829468992,1.1256474135436165,0.7553951094977861,0.4670490553928844
1.1375,2,0.24844705249184187,0.5643662678594906,0.499734707083023,1.1351851782003428,0.7599553553633356,0.4621683458435355
1.1375,3,0.2518270977508517,0.5680813378977569,0.5108711927082947,1.152443058110768,0.7548717538313793,0.4587548482546283
1.1375,4,0.2520009672247885,0.5776228419093548,0.49239525794874134,1.1286414944008378,0.7578408449568653,0.46332460109549894
1.1375,5,0.2518443730524167,0.5705221845990663,0.4942895729205304,1.1197517083634296,0.7585931574114735,0.46338824095226644
1.1375,6,0.24856645427843096,0.557421458735764,0.5063367570033775,1.1354829617684659,0.7600572428048974,0.4653437449686041
1.1375,7,0.24615190828881087,0.5682263487035302,0.4886310727735235,1.1279743970922904,0.7623496391339214,0.465243415802075
1.1375,8,0.2525704499246659,0.5753830580995785,0.5053333112614643,1.1512044504015908,0.7567437572648202,0.4577062791904515
1.1375,9,0.25109962479716397,0.5661833958969932,0.503750565962634,1.1358647244182491,0.758833605545154,0.46238502630839057
1.1375,10,0.2463028229215435,0.5672900363383709,0.48919681404893606,1.1267287769041745,0.7618378812199037,0.4645534290271132
1.1375,11,0.2552127806353958,0.5679926124025443,0.5177073389190313,1.1521912937137884,0.7506704559100188,0.45852820082344004
1.1375,12,0.24651738153254513,0.5618918656182516,0.49536482785545427,1.129094693262506,0.7601969339150623,0.4656433625134908
1.1375,13,0.24710198878843345,0.5651756413773789,0.5035812241212975,1.1517990718077225,0.7589956820726051,0.4595405794781495
1.1375,14,0.2525955571229299,0.5652788297935397,0.5034028578598095,1.1265557543723121,0.7575360419397117,0.4623504290721566
1.1375,15,0.2472260154420124,0.565458520275715,0.49304129917216644,1.1276903968470153,0.762987142231599,0.4633224808071064
1.1375,16,0.24419512954783654,0.5680444473481673,0.4889370100191189,1.137360741627602,0.762663562655535,0.46348560950330864
1.1375,17,0.2511672258509548,0.5673013523594408,0.5057152731875211,1.1422388307873812,0.7563341885824246,0.4624840357598978
1.1375,18,0.24831172637966487,0.562956146506774,0.4928342554321758,1.1173216720358385,0.7600974791258839,0.4673395009812167
1.1375,19,0.24992526255783484,0.5697001371312682,0.49393725145825434,1.1259210734044611,0.7599536759714068,0.46323971312953244
1.21,0,0.25312142464929965,0.6065029183440779,0.5050609338937074,1.210173855383942,0.7549258622756885,0.42928059570038835
1.21,1,0.24459227725962163,0.6096622740009325,0.4994580065826872,1.2449318002708754,0.7588618083343438,0.425947187141217
1.21,2,0.24880884887180446,0.593272900695857,0.4971305166051596,1.1853841410710193,0.7601975780752072,0.43862467866323906
1.21,3,0.24733823452839415,0.6048508159963325,0.5035297488182707,1.2313517965868563,0.7566751238371391,0.4283443919106838
1.21,4,0.24588466116260066,0.6045244253623044,0.4961737419438395,1.219877420617592,0.759219001610306,0.4310015898251192
1.21,5,0.2473967170686476,0.5987255608897278,0.4944416949269476,1.1965998766275492,0.7626740947075209,0.43425814234016885
1.21,6,0.24542223922515827,0.6132693613865082,0.4946441907614713,1.2360335719353066,0.7606494132776082,0.4237935977066412
1.21,7,0.2565575759001739,0.6079388151873685,0.5094261275389825,1.2071361187246405,0.7528049510880416,0.4279302744940894
1.21,8,0.2422210944253884,0.586471291686302,0.50353089023348,1.21916058673472,0.761422950293102,0.43906910018331075
1.21,9,0.24855189264803912,0.6101725924766296,0.4907238188654407,1.204682939876701,0.7599951782054888,0.4321267869231076
1.21,10,0.24943847542019298,0.594192319778655,0.5082290893578524,1.210662553464632,0.7569056362765448,0.4335818502485169
1.21,11,0.24307217724065708,0.6019164256644401,0.4928303883201674,1.2203893887155908,0.7638054019395688,0.43112672682264636
1.21,12,0.24737745574921743,0.6074747908110879,0.49623459018708677,1.218583168600157,0.759570289012707,0.42797269788049336
1.21,13,0.24946070104295198,0.606174527542079,0.4971945129886357,1.2081528182489463,0.7597342830845573,0.4302107072887929
1.21,14,0.2549344237631753,0.611127502752132,0.4957274319171885,1.1883552760011367,0.7567470168975735,0.4331495244945257
1.21,15,0.24941137785758122,0.6082676101540119,0.4943261980883041,1.2055689589245084,0.7595179951158973,0.4304384317173574
1.21,16,0.24244748137789643,0.6051004349940012,0.4970477077582327,1.2405316915150184,0.7619009327758122,0.42661572747532633
1.21,17,0.24723917368165574,0.6017310822546258,0.4977861792891615,1.2115127709524725,0.7601759296281487,0.43073229291716686
1.21,18,0.24629201124985806,0.6072740947469136,0.49298936818175326,1.2155476369824791,0.7611066559743385,0.4298084596967279
1.21,19,0.25271209009208273,0.6109674394430877,0.5024719821340614,1.2147975199939132,0.7563672654690619,0.4255310621242485
1.2825,0,0.2525411742611205,0.6419726178657427,0.5016291727328281,1.27516708576063,0.7571514063435069,0.4004411469821536
1.2825,1,0.24676073668213155,0.6418156504112686,0.4898111542126074,1.2739808964203942,0.7615689731159101,0.4025797691785472
1.2825,2,0.25426624979636736,0.6489895370490222,0.4977312203652417,1.2704098736595202,0.7574861072242434,0.400368191459559
1.2825,3,0.25505261557369646,0.6570853922911102,0.4921225097062015,1.267842368988173,0.7577696892124315,0.39709588383535344
1.2825,4,0.2495982528151569,0.6384225500152473,0.4984002803301664,1.2748085145144765,0.7612082670906201,0.40096618357487923
1.2825,5,0.248538363869753,0.637398322514301,0.4988700184818871,1.2793956956265737,0.759229598782734,0.40242148165907454
1.2825,6,0.25176839648812793,0.6432039302668404,0.4965457581067022,1.2685475525385053,0.7588094286855773,0.40236283540248297
1.2825,7,0.252509340623844,0.6416297865327645,0.5051085854306718,1.2834880208591584,0.7565707884946193,0.40051193856737194
1.2825,8,0.25049129988063057,0.6358024496013283,0.5002243204942953,1.2696802183229272,0.7592474489795918,0.40406229929351317
1.2825,9,0.2506922468506243,0.6419145783984179,0.5030998900238972,1.288221545955545,0.7577828397873956,0.39800616567241864
1.2825,10,0.24983869786579638,0.6429568527771817,0.4941739731674236,1.271750714466162,0.7589687902187903,0.40432049649904517
1.2825,11,0.24739869783199486,0.6441170570905144,0.49385957402783265,1.2857924404064662,0.7599357687675632,0.3997210043842168
1.2825,12,0.25025145942588484,0.6520352643934899,0.4890559565623801,1.2742452358596674,0.7594870767381287,0.3972449590736674
1.2825,13,0.24757756821638846,0.6347847870119082,0.5001123724349503,1.2822798450813988,0.7597620378503553,0.4013785365071732
1.2825,14,0.25115377986425724,0.6361589301882523,0.4959442204970592,1.256199866531875,0.7612177576407932,0.4054511051169532
1.2825,15,0.24646884235069555,0.6313573103926747,0.5006620557629995,1.282501455061923,0.7588626884825153,0.40480370252154485
1.2825,16,0.24727814612425184,0.6342948910645348,0.4978882988950547,1.2771367355336718,0.7599840095942435,0.4026415849509706
1.2825,17,0.2449871456601318,0.6437049133397492,0.49766924850699024,1.3076283640059694,0.7615091310455548,0.39605341837751645
1.2825,18,0.2554501756666942,0.6487418586492467,0.5053792248609622,1.2834622517026633,0.7525319242624394,0.39489987609416843
1.2825,19,0.2510193857764456,0.6413101672853837,0.5042304575030079,1.2882197048303938,0.7559181062060141,0.3983674775928297
1.355,0,0.2524480420157365,0.680923969220253,0.49884325212724395,1.3455217340764662,0.757502092216953,0.36917332476813747
1.355,1,0.24873243659712255,0.6816217687324112,0.4915478335508419,1.3470285914667302,0.7612988152698552,0.36929926597408846
1.355,2,0.24599457797277202,0.6822766224628416,0.4893097400591082,1.3571217688491126,0.7619773082628393,0.3687193199505128
1.355,3,0.25333211236188885,0.6815536525310572,0.5034250886484346,1.3543928748123812,0.7552506300756091,0.36895572531296245
1.355,4,0.2516475346152415,0.6759640847511617,0.5032132970443219,1.3517085168001384,0.7563938618925832,0.37063581037796284
1.355,5,0.24755542322232615,0.6720795498245167,0.49607937648793526,1.3467885279483944,0.7604291776763552,0.3753097274398529
1.355,6,0.2526684705103271,0.6726366029874921,0.5009731630648437,1.3336562567986203,0.7570790460237696,0.3753109203241595
1.355,7,0.24836405904662626,0.6671515810963002,0.508346339180588,1.365511842698531,0.7562940987812701,0.37376277139208175
1.355,8,0.25128435816778644,0.6770178376008926,0.4975497348108675,1.3405133849820892,0.75748,0.37284
1.355,9,0.24908998426398257,0.6666599602206581,0.5030981343386681,1.3464828110866787,0.7583323378329949,0.3741310724474625
1.355,10,0.24342204396752515,0.684678291637068,0.4820231632176258,1.3557966671472403,0.7651286993534916,0.36992469219428614
1.355,11,0.25232640883913743,0.6800650942462367,0.5045439019169964,1.3598366409094063,0.7566577763624059,0.3657301338478235
1.355,12,0.24902990198786268,0.6774956743613736,0.4989303647811694,1.3573597437437823,0.7572768629977052,0.37216326855053455
1.355,13,0.25333084240886,0.6779107865696548,0.5024433152667228,1.3445332586444536,0.7558610187151845,0.37393699844292727
1.355,14,0.24672635041376795,0.66952961049381,0.507322072134401,1.3766958769560909,0.757590284435922,0.36771066965716115
1.355,15,0.24647191805884738,0.666189023670264,0.5054646039855756,1.3662204346891507,0.758076815025886,0.3737989873619583
1.355,16,0.2517556790295874,0.6726385441447197,0.5007984836657409,1.3380288550440935,0.7573535273017138,0.37386591730228824
1.355,17,0.253359687163926,0.6909971044444169,0.49444496076903677,1.3485177536451591,0.7578938932521238,0.3678725443219933
1.355,18,0.24917418875272232,0.6734578291420821,0.49964891284920987,1.350430692139472,0.7587103484139366,0.3728250869965201
1.355,19,0.2556085127614599,0.6795439165191876,0.503821325970267,1.3394261144785593,0.7555546707016007,0.3708510809290364
1.4275,0,0.2535790981824382,0.7058684953300334,0.5050465725566755,1.4058590270152658,0.7553579297360093,0.35048128769421255
1.4275,1,0.2468107089691664,0.7067675001292446,0.5108900230817495,1.4629854027102578,0.7574239570392337,0.3385235756777259
1.4275,2,0.24909394594985287,0.7194934516771617,0.49290812986636107,1.4237366161788576,0.7602994755174761,0.3414059065659593
1.4275,3,0.24736448532153124,0.7007238724994663,0.5006704972273068,1.4182786555124551,0.7596242254647212,0.34848909345607365
1.4275,4,0.24595364381951842,0.7064734940589521,0.4949635265219644,1.4217256820570152,0.761353624349219,0.34598481821813826
1.4275,5,0.24970788914865422,0.7137715074906347,0.49940947414713155,1.4275249950348812,0.7586704044853825,0.3429085097882541
1.4275,6,0.25257371532238104,0.6998680053379777,0.5145282375085957,1.4257297154439759,0.7545498084291188,0.3471776779987171
1.4275,7,0.24653046508788418,0.7079211559391093,0.5013546886210447,1.4396581395227523,0.7607361963190185,0.3399068198248855
1.4275,8,0.2497324029911308,0.7177104442196138,0.5047409198262445,1.4505840069026843,0.7553307267523882,0.3398038982176174
1.4275,9,0.2509726616027388,0.7066456404423113,0.5062242672100404,1.425339195216054,0.7575190961171229,0.3421412483912484
1.4275,10,0.25522588006471947,0.7208460572567095,0.5000991501411495,1.4124527674280745,0.7561716066150036,0.3424256989505728
1.4275,11,0.24833540096709572,0.7214722933426648,0.48995271100050475,1.423426964735595,0.7609443777511005,0.34002399040383846
1.4275,12,0.2451763917201458,0.7023244008324321,0.4957166891831877,1.4200140734211315,0.7618818818818819,0.3486913086913087
1.4275,13,0.2542745961454274,0.7117201138508495,0.5128363913420648,1.4354401909032268,0.7535126935973175,0.3402276735610069
1.4275,14,0.2483735336939952,0.7129795961021893,0.5062840369848828,1.4533359606953749,0.7572562540089801,0.3386414431673052
1.4275,15,0.2541335166038478,0.7220789395799941,0.4948736285088943,1.4061027041027299,0.7571000599161174,0.3430803124374124
1.4275,16,0.2531959474932652,0.7259094622243661,0.49276559495106387,1.41275250087923,0.7596902319268692,0.34029420016834344
1.4275,17,0.2521527804815246,0.7171783785457634,0.4978942561395855,1.4161215855860858,0.757803745797983,0.34383495921957463
1.4275,18,0.2533914128292916,0.708440260686006,0.5037899709482181,1.4085129972024584,0.7576420081885757,0.3453286640099827
1.4275,19,0.25189331901578377,0.7071948967597136,0.5120499193216688,1.4375891002008538,0.756558488158839,0.34204189742354923
1.5,0,0.24490539780103482,0.7436597365438814,0.49396777326807945,1.4999422120869053,0.761779057675386,0.3165853268261461
1.5,1,0.2454867612180184,0.7412855973984502,0.5041029181522129,1.5222174547363625,0.7599920063948841,0.31261008807045637
1.5,2,0.25311030310747823,0.7514484196187295,0.5026325338679583,1.4922443637691472,0.7557581573896354,0.31546094750320103
1.5,3,0.25549964632701627,0.7532419884861123,0.5028078240459256,1.4823345967609707,0.7545643818065343,0.317335358056266
1.5,4,0.25144106333248717,0.7474000730777205,0.5063224261349801,1.5050263201988252,0.7551069550909018,0.31587130725989715
1.5,5,0.24930555349666456,0.7432713829009404,0.5077838785304429,1.5138901653675956,0.758291577189215,0.3117405648990102
1.5,6,0.24938366189272856,0.7499069439037161,0.49968823430075665,1.5025831036610118,0.7591374706046474,0.3126329733852515
1.5,7,0.25437233164701795,0.7549978367054421,0.4993548332831331,1.482125891743352,0.7578321427146106,0.3167221264483021
1.5,8,0.24941901736303979,0.7531588333353608,0.4915044796815326,1.4841728766705582,0.7611481496267316,0.3165404192216745
1.5,9,0.2501488757739571,0.7480209792439612,0.4947271129482129,1.4793840601564974,0.7611173095313994,0.31802120141342755
1.5,10,0.24647996178016995,0.7538072970109854,0.4982442127806778,1.5237754849318772,0.7592368992996861,0.31195833664625905
1.5,11,0.24741779211345327,0.7466813505484841,0.5024714628527545,1.516406994380282,0.7589597463579083,0.3145158075190368
1.5,12,0.2510286513343095,0.7526285347962928,0.497373383666797,1.4912138475272643,0.7585766204720635,0.3142502303593606
1.5,13,0.2503848502502102,0.7573163897944056,0.4957265276281248,1.4993791511486745,0.7588811188811189,0.31195195195195197
1.5,14,0.246354440049675,0.756853032142468,0.4963875233897789,1.5250076358253972,0.7607477383716276,0.3080581980973699
1.5,15,0.2424161299665944,0.7498183997471001,0.48765524257136955,1.5083685795311401,0.7659762009695902,0.314923525418314
1.5,16,0.2527643492834815,0.740321414582509,0.5085826933891775,1.489587673536143,0.7562955006564029,0.3180227647508346
1.5,17,0.2551446007607044,0.7462264456143662,0.5126139460208314,1.499252117313053,0.7524281546025021,0.3153596733517473
1.5,18,0.2488261328112532,0.7496979847934956,0.5019712425918215,1.5124087841723513,0.7578829727787978,0.31067104946684837
1.5,19,0.24897655363233628,0.747279273360134,0.502903546441465,1.509416815649116,0.7570694087403599,0.3151290630975143
