c,replicate,d_prime,meta_d,M_ratio,m_dist_R1,m_dist_R2,m_dist2_R1,m_dist2_R2,mean_conf_R1,mean_conf_R2
-1.0,0,1.9834138398865635,1.9565379083287122,0.9864496601680522,0.2587571403996007,0.24743457901214355,0.5062681542425537,0.4841151336686148,0.5977721828030823,0.8433307131434148
-1.0,1,2.0249172508575426,2.0002291605018367,0.9878078522244548,0.2527578786214903,0.2465300303942518,0.5055736793652886,0.4931165557339866,0.6021164021164022,0.8418003807451727
-1.0,2,1.9712560702888824,2.016198272998059,1.0227987643952268,0.24677441052406282,0.24834838032245657,0.4975461403187295,0.5007195755080021,0.6039611473668235,0.8406387485742219
-1.0,3,1.9953023262717422,2.0088560334907406,1.0067928088092413,0.2518707158265305,0.25097174944308337,0.5059720071477575,0.5041661131044645,0.5993004866180048,0.839204298740773
-1.0,4,1.979156794172436,1.986831437914917,1.0038777340759857,0.253212150690924,0.25433089790368174,0.5030898614547772,0.505312623588164,0.5971600555641303,0.8389125857135143
-1.0,5,2.0209718891266957,2.0310852190996056,1.0050041913137546,0.24672761086349015,0.2527669289266555,0.5011248035685941,0.5133911732201305,0.6015199201658095,0.8380439780380278
-1.0,6,2.0138107763173365,2.024145399495795,1.005131874007228,0.24896044387477487,0.24777558492688262,0.5039321371255566,0.5015338103371291,0.5991554702495202,0.8415415821501014
-1.0,7,2.0056767836807707,2.0221075181216652,1.0081921147886757,0.24720004420583347,0.2510780988426907,0.49986506786862384,0.5077069113054995,0.6012765302983697,0.8396042815439507
-1.0,8,1.9636962980786985,2.0027732950831547,1.0198997151660822,0.24700860791433304,0.25230378124952885,0.4947022435864918,0.5053072753350584,0.6021439037556875,0.8397915372775633
-1.0,9,2.0033352739121995,1.9650084106774737,0.9808684728243818,0.2538168801904013,0.2493143279427192,0.49875230434605516,0.4899047513098451,0.6034113507725256,0.8419812598169312
-1.0,10,2.028970961287922,2.019145240209892,0.9951572884651868,0.25030392533049023,0.24681880333582068,0.5053999794369115,0.49836301194982374,0.5994028936691419,0.8420283184882368
-1.0,11,1.9736091908475752,2.0058364647421763,1.0163291061087736,0.25245889730957305,0.24438520669210947,0.5063912620721421,0.4901967590265869,0.5965622612681436,0.8440531021403413
-1.0,12,1.9880571817384098,2.041800726370892,1.027033198605227,0.24516015690835602,0.24652857619039173,0.5005681864526832,0.5033622259367236,0.5991382626760021,0.8421209091154771
-1.0,13,2.0172622081946248,1.9797219071807137,0.981390470281249,0.2501634175571571,0.2510855806894583,0.4952539981131003,0.49707962466811134,0.6052347959969208,0.8408538232910024
-1.0,14,1.9940403849279547,2.0056100888425843,1.0058021412214515,0.2499165455636123,0.2451764739232931,0.5012351451510683,0.4917284096474074,0.6,0.84375
-1.0,15,1.9807410922894826,2.00921002447107,1.0143728689693012,0.24945384987872984,0.24655025213279685,0.5012051758192454,0.49537123812108524,0.6012027099033265,0.8422266229010118
-1.0,16,1.9930770556218411,2.027324581597205,1.0171832423030323,0.24723530777213845,0.25106826508101066,0.5012262168852069,0.5089968654576962,0.6002141982864138,0.839092287694974
-1.0,17,2.004800988014463,2.01467567753728,1.0049255210775794,0.25392522006312385,0.24975646796192436,0.511576964774477,0.5031782813105079,0.5957155879671833,0.8397220110761212
-1.0,18,1.9940453557786673,2.025889973543773,1.0159698562887856,0.24567185557703125,0.2508323777284871,0.49770414899540144,0.5081587990802864,0.6039777489903223,0.8389782249098354
-1.0,19,2.0056889260971067,1.9816896568108557,0.9880344010609106,0.2492520946960264,0.24971176956933053,0.4939402979975555,0.4948512309394781,0.6056826056826057,0.8417583011374382
-0.9,0,1.9866413117437203,1.9886269609311644,1.0009995006022006,0.2496808162875755,0.255785728713061,0.4965220028967736,0.5086623963402177,0.6189289275032047,0.8312197563824462
-0.9,1,2.001287256644017,2.025373079218544,1.0120351651141357,0.24770531155983996,0.24605680498773633,0.5016956696127418,0.49835682878068827,0.6199326693785945,0.8354317049969224
-0.9,2,2.0140492198432254,1.988525599186507,0.9873272110704895,0.24777537847736,0.24828948567219264,0.49270768295035583,0.4937299982680065,0.6262405856268037,0.835330930628894
-0.9,3,1.9884108665707143,1.9911679145461154,1.0013865584933943,0.25515421939316607,0.25000599964090486,0.5080548949167325,0.4978039249289974,0.6140634898289575,0.8340457631380438
-0.9,4,1.991931962974729,2.018647435817419,1.013411840032324,0.25114149937273816,0.24867577823545725,0.5069661437361199,0.501988722084907,0.6154548647699333,0.8339717601006571
-0.9,5,1.9844712963813,2.023343321051306,1.0195881012443413,0.24652462066000855,0.24700219295065517,0.4988039446871351,0.49977023739173415,0.6209875676055349,0.8349411402846517
-0.9,6,1.986240153508643,2.0174463136024054,1.0157111717022926,0.2485153706735608,0.2477984738246826,0.5013664184389106,0.499920117533908,0.6200112029127574,0.8343132314239319
-0.9,7,1.9900562654244496,1.9846745030612885,0.9972956732647892,0.24904772708398468,0.24844193911814777,0.4942786739889507,0.4930763820588928,0.6256549989520017,0.8346736906996945
-0.9,8,2.0030087584907226,1.9874726122364228,0.9922435954468785,0.25873774917908965,0.25091203507160914,0.5142341902451376,0.4986807977853279,0.6115476357513681,0.8332960331225872
-0.9,9,2.014333356895585,1.9761350518733827,0.9810367509968301,0.24962777158394206,0.24546269387962702,0.49329818934807024,0.485067433302797,0.626437587657784,0.8372971460548405
-0.9,10,1.9761115620449972,1.982902688240194,1.003436610728682,0.25463084166220346,0.25187503407842965,0.5049081804408464,0.49944368217470864,0.6164681149264191,0.832633641197873
-0.9,11,1.9908088637135013,1.9994621097722476,1.0043465981172122,0.25376903577159127,0.2474196692221384,0.5074015716587349,0.49470625382204847,0.6164556076401035,0.8350463494552889
-0.9,12,1.9964963760299168,2.0115009099592513,1.0075154325895503,0.24539970301257616,0.24859078595654674,0.493621725913527,0.5000405921590793,0.6240192266911713,0.8347697542743983
-0.9,13,2.0138887545882085,2.0042760902073273,0.9952268146098037,0.25347463921743596,0.2461361286214015,0.5080331588574354,0.49332475753207045,0.6151786343457121,0.836409841101399
-0.9,14,1.9984656199493807,2.0323326755362787,1.0169465290014625,0.2521580846289152,0.2510261484073272,0.5124691147919866,0.5101686438222303,0.6131090080616894,0.8318175458234224
-0.9,15,1.96699069136296,1.9929329574625247,1.0131888097963437,0.24977143360723478,0.2521304688811352,0.49777772186852104,0.5024791210136939,0.617864243112752,0.8332776478449716
-0.9,16,2.0288291542772847,1.9981877735997484,0.9848970128347493,0.24972161880244648,0.25631414770887206,0.4989906854945856,0.5121637961525082,0.622070036712793,0.8299196338877107
-0.9,17,1.999773649534885,1.9942320498926522,0.9972288865574753,0.2530130363629714,0.25224218794623726,0.5045667061556927,0.5030294555374324,0.61798934380258,0.8321300649205283
-0.9,18,1.996919445899744,2.0135460435672434,1.0083261233704939,0.24689034343438665,0.24213057260844392,0.4971250742172672,0.4875410565024034,0.6253640271806962,0.8374838383270561
-0.9,19,2.0073431232578858,1.9916184498865546,0.9921664247685715,0.24917503700026702,0.25575567664339993,0.49626160094089666,0.509367724266215,0.6226521677729134,0.830459289022825
-0.8,0,2.0031968152889172,1.9764711724260569,0.9866585037182152,0.25574194996529104,0.25366959665914157,0.5054665916864247,0.5013706451177385,0.6347803483233688,0.825089564312955
-0.8,1,2.0084215041545934,1.9737424709464535,0.982733189653465,0.25919294315607166,0.24927130457509467,0.5115801200767486,0.49199736062809335,0.631595985755908,0.827955433367096
-0.8,2,2.01547130363405,2.005487820134327,0.9950465762118657,0.252137075494397,0.25271089193815877,0.5056578339083025,0.5068086157972596,0.6368809000387948,0.8245207621474488
-0.8,3,1.979481932872908,1.9821651192068197,1.0013554992795601,0.2508631624561775,0.2523011009632733,0.49725221031454886,0.5001024418668785,0.6386756862234942,0.8257667648587766
-0.8,4,1.9770108163694318,2.014607554582381,1.0190169613143503,0.24681257446715082,0.24928027593011232,0.49723047708744855,0.5022019270971848,0.6388816475495308,0.8270429362880887
-0.8,5,1.9964859746818944,2.062254357710156,1.0329420711501571,0.24965327783313812,0.2458776010138589,0.5148485601280134,0.5070621541541496,0.6303854875283447,0.8276291045855634
-0.8,6,1.9951698702796925,2.024913602413538,1.0149078695387856,0.2470750063828263,0.25070046870047646,0.5003055412409967,0.5076467892030442,0.6383629383824582,0.8257341688082932
-0.8,7,1.9692504136764633,2.0051006219198646,1.0182050022660507,0.24710301175672525,0.2501710591645182,0.4954664025516814,0.5016181463171266,0.6419402696252339,0.8256949879699684
-0.8,8,2.0182977903603683,2.0256729494725727,1.0036541481378165,0.24638172224516128,0.24671004366869134,0.49908878999648804,0.4997538618228652,0.6405691637970242,0.8285706030223352
-0.8,9,1.9867048674086099,1.9986255276856253,1.006000216978662,0.2566729275734737,0.24749025156629167,0.5129930653141481,0.49464033463372786,0.6296248299099333,0.8283333815488761
-0.8,10,1.985254755583016,1.9899714698960351,1.0023758735747916,0.25105882941515334,0.25030003509004595,0.49959990780165064,0.49808992874316793,0.6362504912878292,0.8276040766971843
-0.8,11,1.988905707420533,1.99911394074471,1.005132587877892,0.24885986016432493,0.248477781724866,0.4974992157462811,0.4967353974115008,0.640241527074406,0.8278224174807792
-0.8,12,2.0034183668629386,2.011403647787111,1.0039858279509917,0.25072378133742523,0.24971910238406553,0.5043067283690751,0.5022859134574325,0.6363046581030233,0.8266350546463888
-0.8,13,1.998478323959189,1.998225429422081,0.9998734564523036,0.25581502993571986,0.2459573649744416,0.5111760980459263,0.49147826124557703,0.6315072933549433,0.8295589298626175
-0.8,14,1.9980593472883836,2.0140275103275496,1.0079918362088878,0.24519673433486833,0.24553104080932087,0.4938329683929005,0.49450627082932846,0.6433344145313007,0.8294347260372994
-0.8,15,1.9948141573248457,1.9932131170981202,0.9991973988048729,0.25432355613324165,0.2501656738139491,0.5069210480718174,0.49863350249365307,0.6324970599764798,0.8274341384677466
-0.8,16,2.0090457837799267,2.0041707377402176,0.9975734519944404,0.2529372952526891,0.2486347833830022,0.5069295256285972,0.49830655724059075,0.6359050637004462,0.8273735414193474
-0.8,17,2.0108662209967028,1.964775272459036,0.9770790577431743,0.25934502481570404,0.25244618922192075,0.5095546917931704,0.49600003020974465,0.6325125073094666,0.826345748215782
-0.8,18,2.013267651405677,2.0112292847176594,0.998987533184376,0.24977081082889233,0.25738148863804056,0.5023463692067429,0.5176531872930527,0.6361080232786243,0.8220820007491284
-0.8,19,1.9772764462005863,2.033350750172013,1.0283593647611469,0.24926695388424877,0.24783126620332213,0.5068471476736298,0.5039278910506049,0.6335996881699474,0.8272025890715751
-0.7,0,1.9809600588517624,2.0043084810649625,1.0117864174539357,0.24975463279618554,0.25589841235289246,0.5005853286986601,0.5128993581699614,0.6536828054847713,0.8158303001372397
-0.7,1,1.971576329704662,2.0141770267664905,1.0216074297606372,0.2510571608989448,0.2514949798347736,0.505673565887873,0.5065554107303027,0.651546267214303,0.8181138619782322
-0.7,2,2.0238377192344092,1.983225994021289,0.9799333094609567,0.24994378561107292,0.24697098566194864,0.49569501266796406,0.48979927853383565,0.65961049957663,0.8232235701906413
-0.7,3,2.004885024444666,2.0233383097712583,1.009204161386613,0.24365537351111907,0.25058720595729617,0.4929972516066723,0.5070226937519378,0.6612299142201281,0.8189918076900078
-0.7,4,2.0118836403902636,2.0260007689024517,1.0070168712686831,0.2473369886819266,0.25026638471954127,0.5011049292476003,0.5070398878722274,0.6578757659497777,0.8187024045092043
-0.7,5,2.0369821872377365,2.000963330017237,0.982317539423679,0.252812908176904,0.2495344264098864,0.5058693586169998,0.4993092368230675,0.6543470396720126,0.8207338241455677
-0.7,6,1.9991212457151282,1.9599542454649455,0.9804078915502837,0.2598452140001863,0.2519150840088059,0.5092847303434124,0.4937420383997176,0.6479180556397357,0.820274021670995
-0.7,7,1.9969656143705172,2.006711659900721,1.0048804273143561,0.24569114865254493,0.2513244436818523,0.4930312927354632,0.504335691554435,0.6585247000060912,0.8196706667063693
-0.7,8,2.023276217143984,1.956683153649446,0.9670865189190334,0.2568533529358765,0.2505882711181446,0.502580628648005,0.49032184859901357,0.6549771029163654,0.821099269548557
-0.7,9,1.9975742060646113,2.0102184263582012,1.0063297875268924,0.25182253432561125,0.24795383071859775,0.5062182986735644,0.49844135939662737,0.6518899304505594,0.8213058419243986
-0.7,10,2.015538723409634,2.0299684325159166,1.0071592318910512,0.24862568520572037,0.24844554900770663,0.5047022924802519,0.5043366216847306,0.6558027660853879,0.8200479472580162
-0.7,11,2.006017249998745,2.014953105239571,1.0044545256232624,0.251199074427034,0.25231090779809145,0.5061543550500582,0.5083946471535795,0.6521423384168482,0.8181981120802964
-0.7,12,1.9832632940440726,2.0067546521660202,1.0118448005327858,0.24573313326566748,0.2517489822409003,0.4931261083722108,0.5051984412899875,0.6593685738478288,0.8184724795314647
-0.7,13,1.9784531095848952,2.0029655767775205,1.0123897134957969,0.24261982113876282,0.25218000704162163,0.48595914998486095,0.5051078732558809,0.66255394153042,0.8187021194145527
-0.7,14,1.9946001116693188,2.029320733534539,1.0174073096968606,0.24601963228602086,0.24876089539233612,0.49925274065456543,0.5048156427122843,0.6585819775469772,0.8193623849083765
-0.7,15,1.977794647042964,1.9932934851621076,1.0078364243438096,0.24753889207633195,0.2511768689567001,0.49341766089999856,0.5006692165148068,0.659809362934363,0.8189624222115844
-0.7,16,2.005767898809905,1.985537903262364,0.9899140894818668,0.25084745004166853,0.248575554503336,0.4980671199944451,0.49355618529083317,0.6557108140947752,0.8221824686940966
-0.7,17,1.9965845810037222,2.023463398575773,1.0134623986520712,0.24360189480049244,0.24795655466363703,0.49291951795250233,0.5017310127988224,0.6613778957528957,0.8206378650071805
-0.7,18,2.032204481498084,2.0141081677070827,0.9910952298571543,0.25127746087197367,0.24869501076566086,0.5060999863029391,0.5008986524511184,0.6548363811357074,0.8206495685522531
-0.7,19,1.9960705948336304,2.0106805968768033,1.0073193814291876,0.24781089221553604,0.24839993758913206,0.4982685526725072,0.49945293477587677,0.6568011597004108,0.8208348283698123
-0.6,0,1.9924384054317867,2.0100786600180407,1.0088536009636047,0.24926035128001844,0.24865972394421484,0.5010329128965656,0.49982560470624326,0.6729980331553808,0.8131346064275734
-0.6,1,1.9996872244252781,2.025992598825375,1.013154744441425,0.24947037593629778,0.25037952311623984,0.5054251352731233,0.5072670607309289,0.6696801898519606,0.8120859389511486
-0.6,2,1.9756431661015488,1.9946676713981815,1.009629525019021,0.25129332774746677,0.25424668440865444,0.5012466768959396,0.5071376419501191,0.6719434152913439,0.8089542036910458
-0.6,3,2.0029834309253802,2.01192416728969,1.0044637095975273,0.24856215894183983,0.2487834062078961,0.5000882146487887,0.5005333473703141,0.6742368879644725,0.8132315047654528
-0.6,4,1.989461450957596,1.9598752964880877,0.9851285610710037,0.25340849172194024,0.2533018525920318,0.49664904284613676,0.4964400434497902,0.6719555731852439,0.812165796062189
-0.6,5,2.0031231272337555,2.0209075964703715,1.0088783704779924,0.2473317770132457,0.2503848617306301,0.4998346670145843,0.506004669112614,0.6750799259633182,0.8115072580895838
-0.6,6,2.016961285280728,1.9886224331847162,0.9859497292769962,0.25252336878645804,0.2492642633564486,0.5021736360721276,0.49569250590189673,0.6725972636675863,0.8140761189863209
-0.6,7,2.002285840421694,2.0017440635702455,0.9997294208246837,0.2550561714089036,0.24907398842856682,0.5105571769947277,0.49858237772664765,0.667061077304485,0.8135619496465335
-0.6,8,2.020403491505472,1.995476286854772,0.9876622641192697,0.24679420654072456,0.25264883552682704,0.49247198688515476,0.5041547601952548,0.6766793481346886,0.8123128222544691
-0.6,9,1.9992538096801167,1.9838056511708402,0.9922730378531838,0.25218493190636837,0.24557222844998686,0.5002858930559871,0.4871675745697005,0.6725040824370742,0.8166620142055148
-0.6,10,1.9955603850547872,2.023936059087222,1.0142194013495893,0.24379481797394298,0.24809800961615108,0.49342512311606884,0.5021345078498965,0.6773373983739838,0.8136769078295342
-0.6,11,2.0068505840303885,1.9730946271611534,0.98317963622312,0.25353472257370646,0.24798550364159752,0.5002479989089738,0.4892988648490887,0.6727231816391968,0.8152561834714335
-0.6,12,2.005148973128514,2.0010549015739643,0.9979582207559562,0.25133296788081566,0.25492312638555786,0.5029310673050379,0.5101151715783797,0.6717651689816116,0.8090759536890462
-0.6,13,1.9957053912110883,2.004701117915674,1.004507542417935,0.25011012852702696,0.2502396202253264,0.5013960542601639,0.5016556464125056,0.6743978091991282,0.8115675709346871
-0.6,14,1.9926237624330594,2.0240944025653667,1.015793568623251,0.24670209966053053,0.24622062230485828,0.4993483390240031,0.4983737834034249,0.6734118708077335,0.8148733686723085
-0.6,15,2.001349317321473,2.0091626436146695,1.0039040292594466,0.2532010762653947,0.24486740284963718,0.5087221437554599,0.4919784384444353,0.6687433350171185,0.8160830251996396
-0.6,16,2.0136220283740527,2.0415819971913685,1.013885410679527,0.25062435621696477,0.24713920541748374,0.5116701737102319,0.5045549525805143,0.6689786329567066,0.8132743913828528
-0.6,17,2.0112130221556903,1.9847722748156709,0.9868533332626898,0.251666468528767,0.2514951859497622,0.4995006292366674,0.49916067232269967,0.6743260662444657,0.8119538514164879
-0.6,18,1.9913612593277539,1.9749078413946344,0.991737602679549,0.25496121234721053,0.2425573152644523,0.5035248975159885,0.47902834390339727,0.6721576948849676,0.818147825003116
-0.6,19,1.986067701042255,1.9764604640979757,0.9951626840619595,0.24523817247854482,0.2594516625970345,0.4847035521914841,0.5127959534675263,0.6785653190397445,0.807627144749407
-0.5,0,1.9945389087225873,2.0482901321320695,1.0269491977190395,0.24368816267465765,0.2509315011110847,0.49914405892389574,0.5139805175669222,0.6918006854732401,0.8027710649266957
-0.5,1,2.009392023350996,1.9938822426977172,0.9922813565132932,0.25473895869579416,0.24744228834657872,0.5079194862668512,0.4933707848267316,0.6872486026223685,0.8066241047412257
-0.5,2,2.01879012405076,1.9931973042775752,0.9873226941878277,0.25377777134129775,0.25204331579103856,0.5058291697230456,0.5023720575958797,0.686659990512834,0.8043961710768041
-0.5,3,2.018411362390707,2.021856013724928,1.0017066151124618,0.2544286958818382,0.24702149072163873,0.5144181888328854,0.4994418865348418,0.6837602351459164,0.8068372754297531
-0.5,4,1.9824185095390887,1.9810239567290935,0.9992965396543239,0.24606771813214284,0.25361822624374303,0.4874660445974369,0.5024237820519942,0.6949796758697144,0.8028141803780147
-0.5,5,2.0025000943878304,1.980867794732512,0.9891973539896729,0.2533845538029733,0.25240587800409703,0.5019213023109773,0.49998267493949916,0.6879612059877714,0.8040801856387779
-0.5,6,1.9953124682711558,1.9679380560816733,0.9862806389351132,0.255437818997021,0.2556125293120123,0.5026858049667399,0.5030296240444012,0.686712032494593,0.8019199175337435
-0.5,7,2.008649478379721,1.9954843895093672,0.9934458007671039,0.24854658025789275,0.2496879430049695,0.49597082097056205,0.4982483925151212,0.6938047526622253,0.8052493777677215
-0.5,8,1.9882042329624134,2.0157270168207253,1.013843036546252,0.25160615571056955,0.25200464414290125,0.5071693256641973,0.5079725695631387,0.6857909129154396,0.8025432481280661
-0.5,9,1.9893404484007715,1.9839829483128728,0.9973068963172163,0.24820107312633066,0.25189471285787945,0.4924266968355965,0.4997548150802002,0.6934855819827405,0.80381339527681
-0.5,10,2.0135662981549625,1.980363410300156,0.9835104074371773,0.2526944788865506,0.25529016227085033,0.5004268999717901,0.5055672963707813,0.6877352987963307,0.8028965030024726
-0.5,11,1.9873701809783155,2.0053598296073143,1.009051986791984,0.25002761750577646,0.24807127009952218,0.5013953404385066,0.49747215993724786,0.6882399368587214,0.8060654944345862
-0.5,12,1.9823052330442872,2.0164627115256923,1.0172311901880764,0.24614027612773956,0.24784204803888918,0.49633268861622437,0.4997642482185794,0.6915320451905818,0.8060403116749307
-0.5,13,1.9980640798745504,2.0245774024842373,1.013269505656371,0.2420552961186539,0.24754734402648798,0.4900596826734572,0.5011787587610189,0.6940512929658401,0.807408831634942
-0.5,14,1.9873950241714997,2.013412641834554,1.0130913166967903,0.2503132376243003,0.2521395611048718,0.503983837051303,0.5076609798351649,0.6865198796134959,0.8030005473101317
-0.5,15,1.9768008862344357,2.029587257804076,1.0267029279161202,0.24976561254457874,0.24379018677610717,0.5069211046581069,0.4947934566584629,0.6853305240979721,0.8084152829276157
-0.5,16,1.977602751914611,1.9945345555103795,1.0085617819753618,0.251800336845699,0.24966531162492628,0.5022244729279002,0.4979660913481827,0.6870494132505394,0.8049166048327258
-0.5,17,1.9799879535095406,2.0393980961227185,1.0300053050867672,0.24899363073428116,0.24326073261660558,0.5077971364661762,0.4961054749597231,0.6883049168361228,0.8073067064663704
-0.5,18,1.9872034386729118,1.9799831142304147,0.9963665902031053,0.25279051951632553,0.25320748801810494,0.5005209600798587,0.5013465506725479,0.6872090562843842,0.8035117056856187
-0.5,19,2.0256141567933748,2.0134048103198703,0.9939725211573204,0.25357983389713934,0.24984644520736665,0.5105588573686141,0.503042034621832,0.6871797553069121,0.8046252510202759
-0.3999999999999999,0,1.9921739431830874,2.021721572388052,1.0148318520609467,0.2479210374479952,0.25189110008685756,0.501227309657438,0.5092536709381579,0.7049821711568938,0.794585346215781
-0.3999999999999999,1,1.9787679318112448,2.0223425940360555,1.0220211079451471,0.24917439171387168,0.25159156533942917,0.5039159857059875,0.508804338886133,0.7020684168655529,0.7948675053533191
-0.3999999999999999,2,1.994626426815353,1.9898706978773333,0.9976157295049917,0.25020611210669524,0.2528236217321597,0.4978778109109239,0.5030863166160476,0.7049888309754282,0.7954111539105677
-0.3999999999999999,3,2.01305900603717,1.990307042906863,0.9886978160788761,0.24943780649813202,0.24390593149524023,0.4964578230404714,0.4854476932617355,0.7057149987521837,0.803871183046888
-0.3999999999999999,4,2.0077713711447203,1.9958980303588663,0.9940863083533836,0.24775043787354936,0.2495766538507219,0.49448461097236385,0.49812955184421237,0.7056817611955268,0.7995608636348515
-0.3999999999999999,5,1.996998112087688,1.9884874716918808,0.9957382832040286,0.2503466672248744,0.2529337575723142,0.49781121135647916,0.5029556081004981,0.7057715192383974,0.7952198980960042
-0.3999999999999999,6,1.9721716960772209,2.0041991247791793,1.0162396756659997,0.23955170001416728,0.2527547156511795,0.4801093075077586,0.5065707798919044,0.7146403216998461,0.7942191110962253
-0.3999999999999999,7,1.9994663600449067,1.9759567781463392,0.9882420718005781,0.25357944208381517,0.24956931626500978,0.5010620173840816,0.4931381820911935,0.704328940224098,0.7979220604552638
-0.3999999999999999,8,2.0045145842158334,2.0342582699800804,1.014838348395396,0.25429607426361317,0.24512701329195052,0.5173038920942238,0.49865165398466743,0.6996074582924435,0.7987508440243078
-0.3999999999999999,9,2.0065278831695497,2.024841309174092,1.0091269232579085,0.2474546868773083,0.25107135819042964,0.5010564721379139,0.5083796576144269,0.7057188244638603,0.7958869239013934
-0.3999999999999999,10,2.008891084537405,1.9667459412335389,0.9790206927452362,0.2495488253535334,0.2530904246784466,0.49079913940365905,0.4977645655014075,0.7075462268865568,0.7973657885961988
-0.3999999999999999,11,2.021071156160533,1.9981375367646028,0.9886527402431997,0.24930853423283436,0.25355566407280544,0.4981527404863893,0.5066390900431486,0.707160934941194,0.7952360213072465
-0.3999999999999999,12,2.006287483680934,1.9535123313309237,0.9736951195781854,0.2543428788580302,0.2532731711952555,0.49686195023536933,0.49477226312521977,0.7064220183486238,0.7958689362847339
-0.3999999999999999,13,1.991442707675429,2.01557442218792,1.012117704626642,0.24121105876321752,0.2484473050262211,0.4861788403920086,0.5007640332723715,0.7114154338264694,0.798779674579888
-0.3999999999999999,14,1.995647314026638,1.983168030395971,0.9937467489656339,0.2515925897218118,0.24704686068921328,0.4989503806208271,0.4899354361285349,0.7056674565560821,0.7995898332436794
-0.3999999999999999,15,2.0251454406744567,2.010652349722931,0.9928434320516264,0.2464148625151902,0.25594380745267714,0.49545462232282017,0.5146140178517588,0.7079800498753117,0.7937228714524207
-0.3999999999999999,16,2.0031344054080926,2.0069972015135806,1.001928375896824,0.2536324663089215,0.2466386095531652,0.509039650094993,0.49500299915840323,0.702986834348595,0.7985427067872082
-0.3999999999999999,17,1.9968358487518347,2.026471031235574,1.0148410709384366,0.2484679036604398,0.252496045881266,0.5035130089597127,0.5116759224799139,0.7035545612726821,0.7945457587418437
-0.3999999999999999,18,1.9917105358948266,1.9900642779195583,0.999173445164044,0.25247652558700157,0.24785177453711177,0.5024445145839351,0.4932409627252785,0.7041586502885896,0.7984123246661509
-0.3999999999999999,19,1.9983182424879486,2.0081547371591704,1.004922386465819,0.24632262270018174,0.24637995966044585,0.49465394164484094,0.4947690831332096,0.7081885856079404,0.8
-0.29999999999999993,0,2.0188379512447536,1.9972555769169118,0.9893095063352981,0.2533551208461407,0.25220245253805523,0.5060149280504127,0.5037127548437536,0.7169165885660731,0.7878925331472435
-0.29999999999999993,1,1.9997242420279682,2.001387930060634,1.0008319587259584,0.25337886751296707,0.2499876743952497,0.5071094071728848,0.5003223141985805,0.71646597591711,0.7882690557849793
-0.29999999999999993,2,1.993607932973637,1.992401231994877,0.9993947149994733,0.25250364786726515,0.2517241097727699,0.5030885790939397,0.5015354264340803,0.7178661439372724,0.7869391754742073
-0.29999999999999993,3,1.9953619929868944,1.9859190394074413,0.9952675486389726,0.2516898066933868,0.2487216409571677,0.4998355791371753,0.493941042289501,0.7191473448017951,0.790023769574944
-0.29999999999999993,4,1.9849586931115928,2.0388440351970707,1.0271468329655808,0.24057024457343923,0.24685893334950323,0.490485208194457,0.5033068637947459,0.7259408350496162,0.7893560553149881
-0.29999999999999993,5,2.020076052340152,1.9728228146803886,0.9766081887832772,0.2500376350716015,0.2560267927011653,0.49327995099798466,0.5050954978103053,0.7214110776186887,0.7865336484983315
-0.29999999999999993,6,1.9946821162833568,1.984100008931027,0.9946948402124108,0.24614434022584686,0.2606037435316562,0.4883749876404245,0.5170638898686182,0.7232256543268097,0.7814551137350234
-0.29999999999999993,7,2.003714766266346,2.0271362272312157,1.0116890194947818,0.25271198872577955,0.2468365391004031,0.5122816274016743,0.5003712906148016,0.7151051625239006,0.7900339671534125
-0.29999999999999993,8,2.004625381136745,1.9776572442222122,0.9865470440670364,0.24610270296861844,0.25616320970755696,0.4867067933485556,0.5066030273813638,0.7253355862198442,0.785111870077368
-0.29999999999999993,9,1.996709713059929,1.9968055957881772,1.0000480203645132,0.2533779941351201,0.250577239629474,0.5059465965385918,0.5003540342692886,0.7145947979869244,0.7891019172552977
-0.29999999999999993,10,1.9846745987789083,2.008914300731322,1.0122134389019375,0.25208305330568437,0.24725022185507134,0.5064132507578054,0.49670450654364484,0.7156225143873111,0.7901631327068851
-0.29999999999999993,11,1.9924186925923997,2.005490235699658,1.0065606406704861,0.24487221115663055,0.24622263186217694,0.4910888284688074,0.49379708400786737,0.7256253784879116,0.7906984894683349
-0.29999999999999993,12,2.0058076848923774,2.0009453999346545,0.9975758967350932,0.24795846258591275,0.24666735679603216,0.4961513450861513,0.4935679128950607,0.7219854834933271,0.791831035084657
-0.29999999999999993,13,2.0148437408140354,2.0468992305743825,1.0159096654053164,0.25242112288454205,0.2428274671175128,0.5166806022130908,0.4970433556051631,0.716491747191271,0.7917944379824469
-0.29999999999999993,14,1.9929015386361477,1.9821484384019739,0.9946042992964255,0.24928715909648586,0.25528521882982996,0.49412415311676383,0.5060131978506537,0.7206289603379489,0.785293605157693
-0.29999999999999993,15,2.01018797685729,2.028587826780389,1.009153298166605,0.24916888368423684,0.2538604743613566,0.5054609642543015,0.514978267990143,0.717087625229293,0.7856223250635026
-0.29999999999999993,16,2.0066199014025967,1.9864281811146298,0.989937446412321,0.24910458280651288,0.24914314006436716,0.4948283633316601,0.4949049545552483,0.72192037470726,0.7904013961605585
-0.29999999999999993,17,1.9878593920982763,1.9881719639053974,1.0001572404005854,0.2521187909202002,0.24701253452806002,0.5012555116812687,0.4911033958819029,0.7189874597920843,0.7906056254159515
-0.29999999999999993,18,1.9963628397262008,2.040746752551054,1.0222323877912596,0.2465699750341431,0.24747326396810806,0.503186875827522,0.5050302597861263,0.7197738000654297,0.7890431073663602
-0.29999999999999993,19,2.010996872657662,2.0098600399640625,0.9994346919634454,0.2509245754350615,0.24888847787811977,0.5043232772118782,0.5002310060947125,0.7186945559809506,0.7894129172206283
-0.19999999999999996,0,1.9874605395958307,2.004011092657441,1.008327487631516,0.2537612741703608,0.2518815103613631,0.5085404083242893,0.5047733407994818,0.728988068935042,0.7766898063573255
-0.19999999999999996,1,1.9792026910467468,2.067323110752037,1.0445231911334385,0.2428101802433459,0.2456106424750209,0.5019670971429366,0.5077565574352666,0.7356758188399399,0.779017040883493
-0.19999999999999996,2,1.992283985832335,2.0414917241888024,1.024699158707492,0.24877544702568008,0.2450291522896157,0.5078730162842957,0.5002249865842482,0.7318205944798302,0.7813595210280374
-0.19999999999999996,3,1.9976999626995102,2.0034336749570714,1.0028701568627019,0.25201849511645136,0.24652838317122894,0.5049023398283029,0.4939032646779602,0.7321066101844498,0.7814763333089473
-0.19999999999999996,4,1.9962916890178768,1.9844254940609896,0.9940558812010458,0.25060741736014586,0.24641726096308936,0.49731174801025607,0.4889966948318344,0.7351735085321223,0.7822188060466307
-0.19999999999999996,5,1.9882009956894324,2.0199414248508547,1.0159643965726997,0.25223207792425284,0.24871956773687537,0.5094940228754071,0.5023989580427127,0.729611457366397,0.7787558899806407
-0.19999999999999996,6,1.990897659104161,2.0005054812295184,1.0048258744398146,0.24390536605241095,0.24868449903862416,0.48793402168914024,0.49749470342358454,0.740030911901082,0.7796746481447633
-0.19999999999999996,7,1.9958818281929358,1.9668780954291434,0.9854682114170796,0.24565791564658154,0.2528357273724696,0.48317917325404147,0.49729705391080514,0.7395703887804012,0.7787607397699141
-0.19999999999999996,8,1.9958905019295288,2.002695063385128,1.003409285954826,0.2492411893068083,0.2472441845493308,0.49915409941698313,0.49515470784762633,0.734410881469705,0.7811083491738559
-0.19999999999999996,9,2.0002868282580737,2.009614161498362,1.0046629978803643,0.24933707909343017,0.24995280594223995,0.5010713251327944,0.5023086985277773,0.7328630374018368,0.7794326499399148
-0.19999999999999996,10,1.986558393847873,2.0292956078813478,1.0215131929500922,0.24654432057232206,0.24978671221387339,0.5003113068855042,0.5068910780027355,0.7338094393186657,0.7780448717948718
-0.19999999999999996,11,2.0004599097132703,2.000211233744954,0.9998756906013917,0.2474960310620635,0.25089353319943813,0.49504434163762945,0.5018400635794786,0.7369001411432604,0.7779932669789227
-0.19999999999999996,12,1.9644763833587127,2.0288935697489556,1.0327910210252094,0.2484409524598919,0.24218640748699538,0.5040602509081806,0.49137044483096526,0.7322105634423772,0.7827439783293066
-0.19999999999999996,13,1.9917070685482163,2.0008828013104325,1.0046069690202508,0.24842757277512592,0.25265860211107666,0.4970744577370453,0.5055402515671891,0.7346947816071587,0.7766717713118938
-0.19999999999999996,14,2.016959170053937,1.991033736914418,0.9871462776617209,0.2526665028705304,0.25181072574682056,0.5030675314034097,0.5013636502788238,0.7323837749369664,0.7787755996057387
-0.19999999999999996,15,2.002632114387275,1.9749476102866013,0.9861759412016899,0.24786840312021557,0.24893670327234899,0.4895271104078257,0.4916369472403504,0.7376722342829294,0.7816544533158336
-0.19999999999999996,16,1.9981384703024196,1.9905794883820949,0.9962169879451944,0.24940909936373742,0.24542394466451156,0.4964686374093075,0.488535870206999,0.7353421994432908,0.7833522125187269
-0.19999999999999996,17,1.9883784401603402,2.0307573392014975,1.0213132963952978,0.2520585205739332,0.2470185778489708,0.5118696905637865,0.5016347898859139,0.7290829617201643,0.7796789879711894
-0.19999999999999996,18,2.016553082629005,1.9715926357152491,0.977704307761073,0.2488915002019772,0.2513559426371519,0.49071264889033867,0.49557152544667327,0.7374024130589071,0.780412296037296
-0.19999999999999996,19,1.9924605507223818,2.017594952623127,1.0126147551034987,0.25203532762978625,0.24775689873366497,0.5085052049085729,0.49987306836260165,0.7302442687397853,0.7798326084572932
-0.09999999999999998,0,1.98879685831243,1.9884689210447029,0.999835107710294,0.25228533643153406,0.24920992048228557,0.5016615507294124,0.4955461816950466,0.7457350727546412,0.7688621377089403
-0.09999999999999998,1,2.0039776275069707,2.0344286446062565,1.0151952879519759,0.24853200251939608,0.2446043975340815,0.5056206250268137,0.4976301929399914,0.7450922571404499,0.7733226715406291
-0.09999999999999998,2,1.9859322273980828,1.9546002916859073,0.9842230589342791,0.2531082333416288,0.25022355412850794,0.4947254267176523,0.489087031886266,0.745705766242493,0.7707052579327198
-0.09999999999999998,3,2.006419629126796,2.022542307654701,1.0080355466492925,0.24396326989390138,0.2473090736553183,0.4934260348741979,0.5001930645347739,0.7513970001260452,0.7708691171418757
-0.09999999999999998,4,2.016369605818947,1.9977991649925895,0.9907901603095156,0.2559882352398277,0.24885942298492963,0.5114130826100544,0.49717114743983004,0.7414279103033363,0.7711486409210476
-0.09999999999999998,5,1.9938621795096743,1.9951543806363008,1.0006480894917944,0.2509048479155613,0.24585435914887463,0.5005939064416169,0.4905174016544076,0.7450469019475876,0.7733633278682274
-0.09999999999999998,6,1.9735108035589077,1.9916220041555788,1.0091771479355525,0.25135325141846215,0.24942248237563763,0.5006006663410587,0.49675530423042696,0.7448521702663032,0.7684955075511375
-0.09999999999999998,7,2.0008393490855614,1.956041949926086,0.9776106966409127,0.2509269528534792,0.25186483583258706,0.49082364614853047,0.4926581845997871,0.7480530414649548,0.770203848352067
-0.09999999999999998,8,2.0099594190641468,1.9816693487411605,0.9859250539813593,0.25350821130609813,0.2521969066456963,0.502369451999492,0.4997708797471122,0.7452098444509664,0.7680982064323684
-0.09999999999999998,9,2.0078686301432116,2.0331711221387248,1.0126016670690794,0.25512888248686394,0.24120974076352983,0.518720676295816,0.4904206792989768,0.740771706868442,0.7750297173971394
-0.09999999999999998,10,2.000164784473141,2.0293805628099557,1.0146066856909044,0.24622184616092213,0.24824749237358074,0.49967782873815847,0.5037886357892575,0.7483504938012188,0.7693951535966419
-0.09999999999999998,11,2.0029381572872285,1.9688035712288297,0.9829577433860311,0.25241573072745355,0.2498342698217136,0.49695699209054517,0.4918746026403368,0.7463533565933835,0.7710503223837321
-0.09999999999999998,12,1.9854081856658656,1.9699371442443563,0.9922076268581915,0.25270921708850586,0.25090922496444296,0.4978212734355583,0.49427540209101956,0.7466204939919893,0.7678626306084819
-0.09999999999999998,13,2.000398264860086,1.99553060337462,0.9975666538154059,0.248264793491332,0.24506542202515746,0.4954199931524332,0.4890355494801184,0.7485807997981582,0.7739807010183455
-0.09999999999999998,14,2.0438762161209265,1.9766108199177967,0.9670893003829788,0.2532250619613645,0.2486264349680709,0.5005273973471877,0.4914377014754774,0.7487920693102299,0.7720067713142506
-0.09999999999999998,15,2.011830317197945,1.9577419861708396,0.9731148643279026,0.2491222898501591,0.2520818584735393,0.4877171665306781,0.4935112382856233,0.7500526959234434,0.7706153202176643
-0.09999999999999998,16,2.006621832513377,2.0147187640328057,1.004035105862118,0.250875610999606,0.24858450390243159,0.5054438009191011,0.5008278644600151,0.7449703893485656,0.7700355083807415
-0.09999999999999998,17,1.9958532036296297,1.9901706401631762,0.9971528149183921,0.2446529177455758,0.2570141801092319,0.4869010539275015,0.5115020753590039,0.7519794474393531,0.7633683729433273
-0.09999999999999998,18,2.006832932507282,2.007282609403644,1.0002240729106435,0.24944181334120305,0.24839334370495617,0.5007002139779068,0.49859563911058064,0.7476674616124849,0.7699145561132611
-0.09999999999999998,19,2.0106641759492088,2.004781066717341,0.9970740468238111,0.25277362423299266,0.24689194225059344,0.5067557760278273,0.49496429134906084,0.744101100008397,0.772133526850508
0.0,0,2.001349344811664,2.0313386112617846,1.014984523580486,0.24632674209334765,0.2485740942954023,0.5003730222005406,0.5049381555016784,0.7605414470531864,0.7575332585350216
0.0,1,1.9907775677394042,2.0193395654130164,1.0143471566770994,0.24475647256645186,0.25004232152352046,0.49424642894436177,0.5049203528801676,0.761779057675386,0.7567005360428835
0.0,2,2.0128541011090215,2.0013976452471742,0.9943083525748164,0.25542250199190164,0.2482455256736002,0.5112019940297337,0.4968380105262904,0.7557941444475259,0.7583504988085141
0.0,3,1.9996987792304037,1.968376260225963,0.984336381394154,0.24638802341036833,0.25263955086607714,0.4849843360849678,0.4972896943189359,0.7619680315658091,0.759209951118706
0.0,4,1.9990243773198857,2.0400653331292413,1.0205304929119372,0.24630424172157647,0.2472011991187629,0.5024767449388731,0.504306596630167,0.7599920063948841,0.7582465972778223
0.0,5,1.9986913415489662,2.007224337655906,1.00426929157572,0.25267814006493783,0.2441452503057034,0.5071817123319711,0.49005428833670084,0.7554808769403104,0.763197888337866
0.0,6,2.0181183519377432,2.0227780429685263,1.0023089285255788,0.2491908449337948,0.24946385776537888,0.5040577696408549,0.5046100140020319,0.7583390061266168,0.7587006033483837
0.0,7,1.9920947555017468,1.9941774935787488,1.001045501511035,0.2525535151805577,0.24618569209356245,0.503636535897267,0.49093796641409,0.7557581573896354,0.7619238156209988
0.0,8,1.9774948836307495,2.0063846139620036,1.0146092566764124,0.24974820115139956,0.25126806377252375,0.5010909481548557,0.5041403771332151,0.7568140884530719,0.7558265040975415
0.0,9,2.022918380418658,2.0432568110817546,1.0100540045806927,0.24544887513674613,0.25046057595184074,0.5015150858955116,0.5117552777210577,0.7600241303036397,0.7579073005768848
0.0,10,1.9963837571465426,1.9593896631056356,0.9814694474905049,0.2560901427047818,0.2540363627511488,0.5017803784389966,0.49775622322755453,0.7545643818065343,0.7567535166240409
0.0,11,2.019012256117013,2.019046396082785,1.0000169092414712,0.2508252953032375,0.25117142562524963,0.506427908528402,0.5071267617076356,0.7564648249277225,0.7578498565508448
0.0,12,2.002689713174963,1.9729829544548294,0.9851665694766876,0.2522866434336446,0.25282100794549534,0.49775724713120423,0.4988115392045513,0.7571990053741878,0.7578791989148648
0.0,13,1.9952718756197072,1.9980880713038658,1.001411434561159,0.2524637061703279,0.2521102793703516,0.5044447197360963,0.5037385418629846,0.7551069550909018,0.7568073994338795
0.0,14,1.9945686094432369,2.0122142004723957,1.0088468207840113,0.24826086152318833,0.2470908563472768,0.49955403097847056,0.4971997299488752,0.7587573561791905,0.7603612965109309
0.0,15,2.007135515895696,2.053711603994547,1.0232052533224527,0.24422570222742457,0.24727168391396015,0.5015691586581787,0.5078247265933717,0.7610166099659796,0.7585048970617629
0.0,16,2.0008203348756335,2.0223090045131724,1.010739929649343,0.25021001868096043,0.24968481007158477,0.5060019737979153,0.5049398396979271,0.758291577189215,0.7558944234328479
0.0,17,2.001203268358738,2.016800429295109,1.007793891396731,0.24774125463699986,0.24927411101396896,0.49964466870601026,0.5027361341051293,0.7603414575770873,0.7572901207332237
0.0,18,2.00763878345604,1.9546196786685897,0.9735913127279894,0.25925144801357475,0.2521854911239795,0.50673798201066,0.4929267236256333,0.7527964205816555,0.7589314322332585
0.0,19,1.9942895867722807,1.99070124983403,0.9982006941408853,0.25022836483122274,0.24657568288027534,0.49812991861344075,0.49085852008844355,0.7591374706046474,0.7610292641804826
0.10000000000000009,0,2.000807648868714,2.034679006483464,1.0169288425271172,0.24681428968307526,0.2470299794362853,0.5021878537182815,0.5026267131310516,0.7701131844600795,0.7476517946997652
0.10000000000000009,1,2.014821693405276,1.9683853825411515,0.976952644982871,0.25296729541175295,0.2524259910263266,0.49793712654946376,0.4968716309096852,0.7684162238617684,0.7472840904324483
0.10000000000000009,2,2.012240216296132,1.9771495780741992,0.9825614069643619,0.251819181922798,0.2518780549525011,0.4978841892896501,0.4980005900754875,0.7690868834936632,0.7469332885229373
0.10000000000000009,3,2.0029900998949923,2.0059944787669752,1.001499946940397,0.25245890175470126,0.250205853418109,0.506431163035505,0.5019115605119058,0.7675595464576517,0.745045956657391
0.10000000000000009,4,2.005273032230925,2.008562538549364,1.0016404281439817,0.25317994289829326,0.24971939404347784,0.508527748817579,0.5015770200249768,0.7666831626632152,0.7457334288483418
0.10000000000000009,5,2.000977026444037,2.018246900870101,1.008630720991712,0.24925510635656592,0.24856633192147445,0.5030583459301866,0.5016682290611647,0.769435873995353,0.7462837411041394
0.10000000000000009,6,1.992351166276383,1.9710995943541474,0.9893334205927392,0.25065338205373383,0.24739727115790583,0.4940627796896099,0.4876446608236712,0.7701364017374076,0.7501473436052876
0.10000000000000009,7,1.978307824012083,2.016924169603508,1.0195198872100246,0.2467570362955627,0.25069231942632003,0.4976902305242505,0.5056273981849079,0.7706355560638988,0.7431744562702453
0.10000000000000009,8,1.996061053231997,1.9690575675680668,0.9864716133706399,0.2485481298959088,0.25436846356186127,0.4894055760764301,0.500866148127145,0.7707221561024302,0.7453763620423329
0.10000000000000009,9,1.977803515297484,2.0133831341841373,1.0179894608394917,0.249585948255367,0.24483695375664644,0.5025121387467107,0.4929505933186535,0.7689386747674198,0.7484893302345236
0.10000000000000009,10,1.986952666679156,2.0203475247153846,1.0168070727583272,0.24347932655974378,0.24932279982170866,0.49191285473434715,0.5037187014748984,0.7728212589983152,0.7461061798693687
0.10000000000000009,11,2.014662543101788,1.989983239299713,0.9877501550388292,0.2538083713576033,0.24916493128820333,0.505074404995588,0.4958340370847893,0.7666539343009932,0.7489504617968094
0.10000000000000009,12,2.00251789371902,2.0088115182120694,1.0031428555583897,0.2525866550216019,0.25190410998268664,0.5073989819540523,0.5060278776181808,0.7662526275558953,0.744325571638347
0.10000000000000009,13,2.0183409128629926,2.013330434185735,0.9975175260802943,0.24864952426572412,0.2509860202191843,0.5006136546499869,0.5053177930624401,0.7713524824044131,0.7446341977651275
0.10000000000000009,14,1.9719915868666082,1.9952289111930033,1.0117836832982223,0.24802859126274165,0.2500551653787801,0.4948738160898945,0.4989172953568897,0.769130551404376,0.7462661590595323
0.10000000000000009,15,1.993214533386647,2.0483494736498797,1.027661317605162,0.24427112975309087,0.24633714493781633,0.5003526400576052,0.5045845611737902,0.7721243997255889,0.7463597340291221
0.10000000000000009,16,2.0066541822150477,2.020642974291347,1.0069712022132573,0.25081352164507553,0.24518088625709875,0.5068045803693926,0.4954230352459325,0.768877589739698,0.7490484648566353
0.10000000000000009,17,1.999640754057497,2.001069551403879,1.0007145270186573,0.24463351057447916,0.25181226388984906,0.48952866926362915,0.5038938539400555,0.7735068912710567,0.7451842546063652
0.10000000000000009,18,2.021488695668301,1.9791743031450268,0.9790677075692056,0.25455780968559155,0.24889902421521098,0.503814275594605,0.49261455280461736,0.7681913076485102,0.748721200591841
0.10000000000000009,19,1.9820438987575537,1.9884141572434402,1.0032139845590098,0.2524959040186043,0.25126155903707076,0.5020664301965736,0.49961204116036995,0.7671050123880313,0.7444982116557963
0.20000000000000018,0,1.9847911257247475,2.0014584451462047,1.008397518109303,0.2492459131933832,0.24885717827875103,0.49885533787907466,0.4980773011012609,0.779547359597653,0.7335224502459997
0.20000000000000018,1,2.0037037139231764,2.013665635848714,1.0049717539855394,0.24725460087091744,0.24857699175664577,0.497888093079256,0.5005509461630067,0.7822231912496821,0.7329300298029447
0.20000000000000018,2,2.002908353652768,1.955709313143663,0.9764347477891203,0.25123241115199063,0.25467375885881105,0.49133756625348596,0.4980678420134802,0.780508258285631,0.7321578877419926
0.20000000000000018,3,1.9965963529307662,2.0107494623620767,1.0070886182930945,0.24969172206208196,0.252932028879072,0.5020674958925924,0.5085829410827433,0.7788159719687568,0.7298026723298823
0.20000000000000018,4,2.0110488657964782,2.034707805532613,1.011764477799879,0.24462998205790987,0.2502436410361987,0.4977505339605323,0.5091726897012548,0.7825943810359964,0.7318213907518532
0.20000000000000018,5,2.016337337322115,2.0102797040689273,0.9969957243061158,0.24742313134772803,0.2485392613892744,0.497389699265518,0.49963343283514033,0.7815957641044368,0.7355737342471811
0.20000000000000018,6,1.9882016587114422,1.983601076823951,0.9976860587217934,0.2512184429106161,0.24828026535112038,0.4983171738755344,0.4924890017046187,0.779932576938413,0.7340828983179405
0.20000000000000018,7,2.028664015919208,2.0053051119318894,0.9884855728676517,0.25287014294792914,0.2514598496524358,0.5070817903084299,0.5042537219536538,0.7778507332020136,0.7329761799344727
0.20000000000000018,8,1.979145925661071,2.01998471409934,1.020634551454122,0.24640016423789096,0.25079733106708096,0.4977245653121066,0.5066067750924151,0.7805011689070719,0.730463224893918
0.20000000000000018,9,1.9857336599651578,1.9869425220356096,1.000608773520248,0.25342035162595405,0.2501455226723843,0.5035316725948241,0.4970247756945831,0.7761183129450429,0.7339376520008843
0.20000000000000018,10,1.9968469533864885,2.010753305454415,1.0069641551869273,0.2505421665071149,0.24945967049578657,0.5037784894598917,0.501601857026972,0.7783608469079115,0.73314419965424
0.20000000000000018,11,2.0115114484477163,1.990842727702833,0.9897247809547227,0.2526101206282645,0.2501749449843069,0.5029070215969158,0.49805896987546383,0.7786870340061829,0.7335703177071762
0.20000000000000018,12,2.0056661561240396,2.0104050127386213,1.0023627344960238,0.24681230031127277,0.24986190056873234,0.49619268575133274,0.5023236173957785,0.780936332332039,0.7346929785921945
0.20000000000000018,13,1.993342781628221,2.037837413643505,1.0223216159435153,0.24620771318419835,0.24743460414756013,0.5017312894543686,0.5042314937619684,0.7800182982616651,0.7342006615214994
0.20000000000000018,14,1.984853283056441,2.0137775822023722,1.0145725124334588,0.25636191073397774,0.24953916287464745,0.5162558687666501,0.5025163720785115,0.7734190548835858,0.7309626596644265
0.20000000000000018,15,2.011782650846976,2.0001468000864633,0.9942161491672006,0.25111957046311983,0.24515458168225204,0.5022760053008962,0.49034515207829193,0.7794310244470314,0.7384950248756219
0.20000000000000018,16,1.9960197640135953,1.9786033805794012,0.991274443395704,0.25178149772571146,0.2511007862692665,0.49817572256743753,0.4968288645785164,0.7790113570180548,0.7333096590909091
0.20000000000000018,17,2.0049079561433505,2.0156285446990134,1.0053471724339331,0.24680428066234475,0.247278292417709,0.4974657530569288,0.4984211846815639,0.7820765027322404,0.73490022172949
0.20000000000000018,18,2.0277601008770088,1.9526774510301381,0.9629726170199339,0.25080260903761625,0.25951741244006143,0.48973659932728075,0.5067537994213962,0.7815196723709229,0.7292512802401554
0.20000000000000018,19,1.9925221397442,2.030867929326895,1.0192448499405975,0.2514439304866266,0.24537017395202432,0.5106494144491912,0.4983144170925277,0.7766034985422741,0.7355053191489361
0.30000000000000004,0,1.9871411563485921,2.005812125412089,1.0093958947022188,0.24741740651532237,0.2502923096962526,0.49627283402644556,0.5020393496861412,0.7902747233567214,0.7181660656582213
0.30000000000000004,1,1.984715805777303,2.018690312842034,1.0171180714971053,0.24971278319150603,0.248988661765756,0.5040927764215163,0.5026309995140333,0.7869185740825125,0.7194820921242606
0.30000000000000004,2,2.0076688493183235,2.0185328966031997,1.0054112745179888,0.2494955410964211,0.2506708154324906,0.5036149572589416,0.5059872871688312,0.7889447236180904,0.7172976011994003
0.30000000000000004,3,2.029460779284039,2.02519905222994,0.9979000692708128,0.2452665778748946,0.24670258800666017,0.4967136410559173,0.4996218474137616,0.7927408649479494,0.7230747637316366
0.30000000000000004,4,2.0215906443251686,2.0155140951309076,0.9969941742600964,0.24768158444673283,0.24878531013998795,0.4992057245567462,0.50143029924866,0.7904208388768293,0.7215225300867618
0.30000000000000004,5,1.961631788723511,2.0203916548083796,1.0299545849647478,0.2504866712033235,0.248432183998534,0.5060811801399253,0.5019303113364579,0.7861481533198352,0.7174768193312728
0.30000000000000004,6,2.009571276347761,1.9987774147331958,0.9946287739372042,0.2555057587071139,0.24711853769526357,0.5106991398380488,0.4939349519071867,0.7845622119815668,0.7234032590372729
0.30000000000000004,7,2.0167940290232944,1.9593120891233027,0.9714983587452263,0.2526219504757455,0.25424331360341673,0.49496524154503635,0.4981419979219414,0.7887068031727175,0.7197044104578831
0.30000000000000004,8,1.9819377613610447,2.0019931653175376,1.010119088675479,0.2480560893218421,0.25517997578931245,0.49660659543772445,0.5108685674560982,0.7890586668535782,0.7134538339699991
0.30000000000000004,9,2.0201424365954286,2.025798739790148,1.0027999526628686,0.24817980298698447,0.24738027080887515,0.5027623321324003,0.5011426408535647,0.7901350926798618,0.7212569662342528
0.30000000000000004,10,2.0161274973665684,2.017239211758661,1.0005514107582703,0.24784933952433444,0.24864469702306075,0.4999714062969731,0.5015758326307701,0.7902831177909821,0.7209443665264142
0.30000000000000004,11,2.0042087965802415,2.001074796252184,0.9984362905035619,0.24898592217046303,0.25043393530882124,0.4982394534769215,0.5011370360727322,0.7896409611623358,0.7195806813927368
0.30000000000000004,12,1.9902139673049182,2.000584869921388,1.0052109485647485,0.25298116433892187,0.2560175459978846,0.5061102897515434,0.5121848289577711,0.7860680898562857,0.7121695105944121
0.30000000000000004,13,2.0019679613188943,2.0126001022862465,1.005310844715191,0.24733948944322084,0.2501299889584269,0.49779548175285426,0.5034116413625878,0.7909328683522232,0.7178429073856976
0.30000000000000004,14,1.9913050989959262,1.976817113817061,0.9927243769997021,0.25469981326378055,0.25069602780107564,0.5034949497458511,0.49558019812312404,0.7863969693810169,0.7190370754228106
0.30000000000000004,15,1.9870352776542997,2.006257349178622,1.0096737444676946,0.2528029487106564,0.24357060320499546,0.5071877737447806,0.4886653127238922,0.7851265711984875,0.726246560007463
0.30000000000000004,16,1.9939223285295062,2.0244301318149334,1.01530039703599,0.24814726064511103,0.24804098420415419,0.5023567915772967,0.5021416423479217,0.7889751118568232,0.7195680628272252
0.30000000000000004,17,2.007614818135692,2.0135802842774497,1.0029714196607182,0.2473628773960905,0.24825560377558184,0.4980850129869079,0.499882589223906,0.7906423750743085,0.7205999158996402
0.30000000000000004,18,2.024828959786236,1.9929934843650388,0.9842774495755147,0.2524317139921549,0.25231022743987563,0.5030947612334637,0.5028526393263332,0.7877856194535672,0.7192908597623725
0.30000000000000004,19,1.9709519286888249,1.994740849324999,1.0120697619713128,0.2510153835374192,0.2499660611939215,0.500710639351072,0.49861751320838765,0.7863373620599055,0.7196923793987415
0.40000000000000013,0,1.9951050434744944,2.0379047024260273,1.0214523335959278,0.24708897800580962,0.2478757948859892,0.5035437901956806,0.5051472480157468,0.7978516280631084,0.7041068777832756
0.40000000000000013,1,1.9681750859976115,2.006636642267331,1.0195417351552465,0.24641382794936684,0.24552885425937804,0.4944630163245573,0.4926871956907833,0.7998064150061747,0.7063725734817107
0.40000000000000013,2,2.0032576511338616,2.011849305437484,1.0042888413773232,0.24726039711437464,0.24947507704047145,0.4974506581967511,0.5019062604678353,0.7989327426500201,0.7052068897248069
0.40000000000000013,3,1.9756392862107663,1.9693614403550335,0.9968223724343053,0.25495481703193285,0.25593061221241453,0.5020981856954613,0.5040198790975862,0.7940024766558452,0.6993688186471846
0.40000000000000013,4,2.022208584482174,1.9987628394995436,0.9884058720932418,0.24799089023022847,0.24948779275868085,0.4956749759265911,0.49866692907481464,0.799926345040008,0.706472604440912
0.40000000000000013,5,2.005770135030706,1.9979413522980558,0.9960968694288939,0.2497159549518674,0.25102383607921125,0.49891783272693435,0.5015309025151448,0.7974687793742447,0.7050267168018999
0.40000000000000013,6,1.9911283851172459,1.9974869854365707,1.0031934657588393,0.2528124646138951,0.2483485087197663,0.5049896078223991,0.49607291402031384,0.7951875773903149,0.7059495998807098
0.40000000000000013,7,2.0129682883028406,2.0008994490426093,0.9940044563392468,0.24563559577750826,0.25427011245955666,0.4914921282564694,0.5087689279283293,0.7997974341661039,0.7033856722276742
0.40000000000000013,8,1.9906616222756948,1.988175285907178,0.9987509999988474,0.25406783878088435,0.2528342519919354,0.5051313980080036,0.5026788112411936,0.7940022139478716,0.7026598642825301
0.40000000000000013,9,1.997054036430335,2.0127168174811887,1.0078429430376608,0.25007450992878244,0.2524049086302684,0.503329171757027,0.508019604414944,0.7964286913033263,0.7012421438115505
0.40000000000000013,10,1.996262204355463,1.9830558574986197,0.9933844628085281,0.2518312234697211,0.24926611042849145,0.49939538280267426,0.4943086203611177,0.7961484264913105,0.7076359314647915
0.40000000000000013,11,1.9869827958053887,2.015117975783517,1.0141597501687096,0.2506344539147032,0.24837462473441946,0.5050579934342039,0.500504171030814,0.7971888219032075,0.7019572508384643
0.40000000000000013,12,1.9971579985434367,1.9981628666511086,1.0005031490289726,0.24752163792927087,0.24574955639868853,0.49458854560292964,0.49104763809184176,0.7999398616818683,0.7088046240470377
0.40000000000000013,13,2.006011108601594,2.0165934027276644,1.0052752918868169,0.2517682185559235,0.24845402493464416,0.5077141285563721,0.5010307475643381,0.795337917155794,0.7057220708446866
0.40000000000000013,14,1.9837886787930479,2.03787202242128,1.027262653631604,0.24515079882118976,0.2523893891613705,0.49958595419193036,0.5143372749279536,0.7986003633672027,0.6990827497780846
0.40000000000000013,15,2.022479677691302,2.0324191366032642,1.0049144913650299,0.24833790735981132,0.2477007484486669,0.5047267152620891,0.5034317412980219,0.7987154183253604,0.7044810265081812
0.40000000000000013,16,2.0167311812128523,1.9945000505359336,0.9889766514823513,0.2519963879544084,0.2523798038818709,0.5026068085099402,0.5033715315966406,0.7972900814310506,0.7022359752445598
0.40000000000000013,17,1.9659296763737792,1.9897143693557602,1.0120984454672115,0.2523369370226983,0.25075994356676523,0.5020784295132824,0.49894066297363227,0.7949645105129235,0.7027617723028015
0.40000000000000013,18,1.9879153482755982,1.9524947345620935,0.9821820311693704,0.2533310500598805,0.2561548375330706,0.49462754134300274,0.500140971515929,0.7962900957610661,0.7015496175623324
0.40000000000000013,19,1.9574103031190688,1.9875943881920752,1.0154204180007171,0.24763444724031392,0.2519137214610907,0.49219683765789446,0.5007022990846455,0.7974828375286042,0.7033622559652929
0.5,0,1.9956686723342423,2.017191468795687,1.0107847543832367,0.2459773801380064,0.24631498282699565,0.4961834727311002,0.4968644819951718,0.8079930495221547,0.6912751677852349
0.5,1,1.9948127490363792,2.022926677118463,1.014093517346761,0.2491534851889092,0.24044407163540332,0.5040192318856843,0.48640072686624014,0.805416184227454,0.6973238840702348
0.5,2,2.0136121205402677,2.0356726961356504,1.0109557224901207,0.2514257945262292,0.24487525357218762,0.511820625021257,0.49848586765619624,0.8039700639193139,0.691259871733715
0.5,3,2.006219375891055,1.9669931857557459,0.9804477064638623,0.24873671101447312,0.24994740793550246,0.4892634156127648,0.491644848206445,0.8075708762886598,0.6938291139240507
0.5,4,1.9899186695043416,2.002992022101641,1.0065697924230017,0.24659066308571534,0.2502840671261192,0.4939191308854414,0.5013169897127684,0.8074716348633316,0.6887647554806071
0.5,5,1.9945486170640203,1.9568459380997294,0.9810971371458524,0.2485627365821124,0.25548815083676985,0.4863989814436597,0.4999509501975441,0.8079943357363543,0.6871830092983939
0.5,6,2.0045126226691847,1.98061304249825,0.9880771116626293,0.2503954524934345,0.24831831019216496,0.4959364989907473,0.49182248385772803,0.8062992125984252,0.6926131850675139
0.5,7,2.0243641526046017,1.978890033490632,0.977536591400583,0.2463141743244352,0.25188086653889935,0.487428664678099,0.498444536420812,0.8095728918379179,0.6908304315711723
0.5,8,2.0000334042873558,1.9682710640221226,0.9841190951125386,0.24972283097150988,0.2544977295506718,0.49152222222691044,0.5009205169339151,0.806928941358124,0.687093533548353
0.5,9,2.000267321535428,1.9986206963071016,0.9991767974157262,0.25131476160240124,0.24668968042079972,0.5022828838260444,0.4930391008543951,0.8045381396845832,0.6931854199683043
0.5,10,1.9873017940202344,2.032200489916755,1.0225927919109319,0.2423461669026391,0.24924592426125974,0.4924959991089909,0.5065176893934865,0.8090817943659239,0.6880142550180808
0.5,11,1.989166252726671,1.9940583117085637,1.0024593514871807,0.2510859341712504,0.2558075269668576,0.5006799939872911,0.510095125345875,0.8043688381983375,0.6826811517772386
0.5,12,2.0005473137411567,2.004053064383214,1.0017523957658874,0.2522810365172084,0.25088145679992835,0.5055845843180851,0.5027797522968214,0.8025885779000161,0.6892903901544907
0.5,13,2.0236284547913854,1.9757312317990412,0.9763310192249288,0.2509605444257679,0.2541711767672636,0.49583058557128035,0.5021739321621975,0.8062678979375141,0.6879657523386713
0.5,14,2.0053163107842127,2.0141261272318305,1.0043932303349055,0.24996145309884074,0.2541979409911316,0.5034538934872089,0.5119867144387732,0.8045899099448048,0.6843156843156843
0.5,15,1.9743073826418844,2.000301703032376,1.0131662985303271,0.25002956522574843,0.2454722653010785,0.5001345651295092,0.49101859032896256,0.8051038117889053,0.692311765328815
0.5,16,1.9990718260208158,1.9974610442069116,0.9991942351480635,0.24962006088615674,0.2479646418705996,0.4986063474726555,0.49529971247724075,0.8064081160909208,0.6902715892213028
0.5,17,1.9857999501672021,1.9970423426246082,1.0056613922547735,0.2498483524882648,0.248924150366459,0.4989577391540632,0.49711206838367356,0.8052407932011332,0.690694972539079
0.5,18,2.014092881292887,2.0255814599507973,1.0057040957567636,0.24097348197124746,0.2456568514260104,0.48811141742074654,0.49759796375841425,0.8116269316385457,0.6930484660316792
0.5,19,2.020132315942818,1.9946694295133243,0.9873954363144724,0.25227006477920355,0.24854272697283122,0.5031953861964233,0.49576057942058316,0.8050822985850419,0.6910741783040408
0.6000000000000001,0,1.989643104812405,2.0052287893070693,1.007833407135665,0.2513159540975588,0.24807901030154844,0.5039459863685989,0.49745517347946994,0.8119488877200581,0.673397816618587
0.6000000000000001,1,1.993840567567411,1.9901480231245303,0.9981480242187138,0.24937657062787305,0.24881773209952815,0.4962962890486364,0.49518411765620496,0.8136680613668061,0.6747674090780942
0.6000000000000001,2,1.991069203030864,2.0001996481986195,1.0045856995597424,0.2523607494336103,0.2491995688908895,0.5047718822362474,0.49844889002680487,0.8094717440879697,0.6763021846684085
0.6000000000000001,3,2.0055291316991,1.9952737163777718,0.9948864291426972,0.25167348962414315,0.2571377823158275,0.5021574989561267,0.5130602585424396,0.8105762627208591,0.6680952911054213
0.6000000000000001,4,2.021025922456216,1.9631582626611341,0.9713671857683281,0.2518385165550009,0.24526437374515403,0.49439886463127286,0.4814927818542077,0.8134538587747268,0.6840142397016443
0.6000000000000001,5,1.9988193765653266,1.9759089237673337,0.9885380074524988,0.24787386197346775,0.2555666508649476,0.4897761758420473,0.5049764260613806,0.8152271670026361,0.6689946493945368
0.6000000000000001,6,1.9915024039987832,1.9973401840870626,1.0029313447357922,0.2470391584304415,0.24643661407905085,0.49342123817617106,0.49221775213044383,0.8149216689933302,0.677737123557557
0.6000000000000001,7,2.027357469372444,2.0156962870086708,0.9942480877003981,0.2472623399251082,0.24664877087055842,0.49840578050411644,0.497169011639037,0.8153341381124833,0.676086587916125
0.6000000000000001,8,2.004206928271524,2.019200689055713,1.0074811440738407,0.24862716444603747,0.25061503407953134,0.502028141767407,0.5060420495011106,0.8134300595238095,0.6699729486023445
0.6000000000000001,9,1.9847402569926433,1.9980294905120641,1.0066957041217863,0.25407905980208584,0.2508700957168217,0.5076574544061458,0.501245849529794,0.8094262930900742,0.671993697597209
0.6000000000000001,10,2.0061326599800946,1.9934791134989087,0.9936925674290595,0.2462310608787741,0.25691294078226534,0.49085647695651446,0.512150581437028,0.8157477869234353,0.6659365346812693
0.6000000000000001,11,1.9962385935350566,1.9695717900626346,0.986641474842344,0.24515769960835596,0.2545803809715125,0.4828556892652673,0.5014143366648893,0.8173130623642569,0.6713562183455262
0.6000000000000001,12,2.014430387879663,1.981389759743577,0.9835980293313269,0.25234377059876006,0.25318311600410115,0.4999913629994655,0.5016544333904962,0.8111567931227808,0.6741924667486309
0.6000000000000001,13,1.9915586338560551,2.005093119502575,1.006795926274244,0.24649419679313322,0.2513582337354049,0.4942438179872251,0.5039966649931804,0.814723888250101,0.671735592839908
0.6000000000000001,14,1.9903575190318685,2.0393790790225763,1.024629524857701,0.24828863487409875,0.2486544155362996,0.5063546475213122,0.5071006129513157,0.8128428425326185,0.6687531720521063
0.6000000000000001,15,1.9947370023516502,2.015459555431606,1.0103886141659404,0.24823993860521212,0.24457413690918534,0.50031755630163,0.4929292812450554,0.8141253594730821,0.6768019930921239
0.6000000000000001,16,2.0124752690769743,1.9915747069557002,0.9896144998935266,0.24618061417147105,0.2497979147606361,0.49028708452672176,0.49749120888755877,0.8158794282162835,0.675645342312009
0.6000000000000001,17,1.9723929404630192,1.997447115828486,1.0127024259981308,0.24685230821398427,0.25109955582543625,0.4930744310776274,0.5015580835693316,0.814716009554239,0.670325958452964
0.6000000000000001,18,1.9931412446593526,2.0212542269078084,1.0141048620230928,0.25031542839149934,0.2551106645228805,0.5059511176965569,0.5156435089961321,0.8114321217769493,0.6649073554183044
0.6000000000000001,19,2.0324200546195215,1.9849063167208154,0.976622087648313,0.24278221608422434,0.2551009560840273,0.4818999542930549,0.506351499132705,0.8194754464285714,0.6701420198376916
0.7000000000000002,0,2.012066278787965,1.9893637994412752,0.9887168332444966,0.2516551511707948,0.24810640669489345,0.5006336476821008,0.4935739038882755,0.8197875641484664,0.6594879883523417
0.7000000000000002,1,1.9946413353889425,1.9948944922970246,1.0001269185109076,0.2485352821777701,0.254359466652156,0.49580166555792043,0.5074202990879947,0.8214850864359717,0.6502090022414733
0.7000000000000002,2,1.995053690432067,1.988957855068199,0.9969445256570775,0.25316911869375114,0.24900409723879927,0.5035427072866295,0.49525865514727546,0.8182714132122805,0.658270767740373
0.7000000000000002,3,2.0216619257268698,1.9961141282662604,0.9873629724458387,0.24671072468952931,0.2507944924734299,0.4924627631475772,0.5006144297175797,0.8221595342416421,0.6585921573330136
0.7000000000000002,4,2.0070422412531643,1.9923137284896844,0.9926615830694805,0.25060480529744716,0.25304434948818,0.4992833940195883,0.5041437314020426,0.8196736038329091,0.6541403191809696
0.7000000000000002,5,2.001232861303059,1.974847311871733,0.9868153527050592,0.24711804257241157,0.2638458116036974,0.48802040208913144,0.5210551917941775,0.8228007181328546,0.6424607961399276
0.7000000000000002,6,2.013666750515043,2.028219500520657,1.0072269902663344,0.24660426386291295,0.2494318037693135,0.5001675768783016,0.5059024484549636,0.8215761422839691,0.654318756776292
0.7000000000000002,7,2.018725807075491,1.9693229157292613,0.9755276862399657,0.25080824023159903,0.25352444915065636,0.4939224149418176,0.49927150741002546,0.8208437910840205,0.6563029276554561
0.7000000000000002,8,2.016298615527261,1.9821834538792251,0.9830803029941501,0.24964714349931025,0.25307475182995576,0.49484643715254534,0.5016405856719295,0.8203080433542499,0.657221589887977
0.7000000000000002,9,1.9993695719043039,1.9925002444775606,0.9965642532910008,0.25710866767305857,0.24747599442501428,0.5122890831958691,0.4930959793941684,0.8158522050059595,0.658272506082725
0.7000000000000002,10,1.9997541632083804,1.992738299311388,0.9964916368091284,0.24892588060767898,0.24965670983629012,0.49604413597673586,0.49750048737084546,0.8209370512206797,0.6577582046332047
0.7000000000000002,11,2.003306749058509,1.9977972526667356,0.9972497989165351,0.25131037292206937,0.2483610489502762,0.5020671725903629,0.4961750212622904,0.8187621759328638,0.6595130748422002
0.7000000000000002,12,2.0280814360325174,2.041520110856774,1.0066262994106128,0.2467928023936836,0.24536028304046578,0.5038324693014069,0.5009079522326212,0.8218720152817574,0.6565834141610087
0.7000000000000002,13,1.9891291189010414,1.999900244026175,1.0054149954484024,0.25327599734990647,0.2481860760699112,0.5065267289060508,0.4963473940961142,0.8182684859679438,0.6560180114396982
0.7000000000000002,14,2.0091914468061005,2.0399430279842043,1.0153054509698356,0.2545598444916071,0.2471958737416992,0.5192875799753972,0.504265499185843,0.8164954592824177,0.6526957051477308
0.7000000000000002,15,1.9856251560620728,2.003697198498407,1.0091014370870355,0.24955421931993593,0.2477191071520663,0.5000310901248126,0.4963540810151219,0.8196500269671001,0.658306267292193
0.7000000000000002,16,1.9765099606770244,1.9831623462334247,1.0033657232641122,0.24795550513473275,0.25222033828150214,0.49173602132449057,0.5001938778341318,0.8214242932438908,0.6549855491329479
0.7000000000000002,17,2.0156847293103715,2.027212989412893,1.0057192773923855,0.25117306839467063,0.24865254473995038,0.5091813068403692,0.5040716685473979,0.8189091560438249,0.6539417075683209
0.7000000000000002,18,2.013924897411997,2.0184264332250828,1.002235205403573,0.2495809033299992,0.24235554196147624,0.5037606925094644,0.4891768321336344,0.8200675493917566,0.6639061838844225
0.7000000000000002,19,1.9844242168335273,2.045020796220794,1.0305361015418155,0.25014318601970265,0.24231118199243953,0.5115480174432184,0.4955314063313804,0.8182742634963361,0.6595230908542107
0.8,0,2.0008377114028604,2.0329239789285007,1.0160364168182054,0.247193152993173,0.248496790033725,0.5025248881467629,0.5051750831463204,0.8281245491010879,0.6348472014074412
0.8,1,1.9908397539013198,2.0078958804394187,1.0085673025690165,0.24641310170708303,0.2538702726632006,0.4947718518039515,0.5097450746464725,0.8285383166739099,0.6329350984824024
0.8,2,2.0059637486742976,1.9746886606844718,0.9844089465672075,0.2491451508401518,0.2575397389171367,0.49198410422857003,0.5085608021153093,0.828132681685416,0.6330977238830167
0.8,3,1.9887138255829904,1.9781560611883326,0.994691159553053,0.254760284390058,0.25283029710933436,0.5039556007162566,0.5001377846788767,0.8247580087577783,0.6361852433281004
0.8,4,1.985540858393873,1.9958947137954368,1.0052146272174622,0.2536753992880162,0.2449625158743159,0.5063093884588983,0.48891939051157784,0.8252050064738886,0.6425713348638898
0.8,5,1.9982112720285643,1.9981546255638645,0.9999716514136955,0.24849505061751648,0.25305096360284945,0.49653153482111717,0.5056349534264267,0.828072202166065,0.6347967479674796
0.8,6,1.9836917451721054,1.9999237381157562,1.0081827194084747,0.25188605750089976,0.247372693761074,0.5037529056964397,0.4947265224144113,0.8256803948165892,0.6405445899289949
0.8,7,2.003394194028432,2.006339398329386,1.0014701072358763,0.24998228179085868,0.2529496728678099,0.5015493008412785,0.5075028944692167,0.8268453274806515,0.6338797814207651
0.8,8,1.989989567299496,2.0200985782385397,1.01513023557199,0.2520000496655819,0.24762659137047155,0.5090649420454835,0.5002301251615454,0.825090888106642,0.6372702385608134
0.8,9,2.0208471908430985,1.9861973607800933,0.9828538099169442,0.2512843038891929,0.25510163471084896,0.49910022119017783,0.5066821935933756,0.826755968705794,0.6345290020180978
0.8,10,2.0556996753013888,1.9713449829641618,0.958965459132614,0.24696849794049863,0.2598120675963456,0.4868601093651969,0.5121792159696016,0.830342954552021,0.6331795438300084
0.8,11,1.9846971622735916,1.9914660163391043,1.0034105223679357,0.2487772036379441,0.2494145955065001,0.4954313466848386,0.49670069093015884,0.8276789587852494,0.6405186385737439
0.8,12,1.9891992639086489,1.9895247879251539,1.0001636457555616,0.25294827903403444,0.24551587544397796,0.50324687120122,0.48845992002493877,0.8258942703387148,0.6434332174939348
0.8,13,2.000032866389505,2.015376686494335,1.0076717839804947,0.24824016591981057,0.2527026185845112,0.5002974430462718,0.509290966111294,0.8277843550576074,0.6319864662632572
0.8,14,1.9814640444400715,1.9984129269879496,1.0085537169324046,0.2516483666993262,0.24930433183212017,0.5028973490673374,0.49821299948740233,0.8255528255528255,0.6389483933787731
0.8,15,1.9989608607920313,1.9938695920786154,0.9974530423214997,0.24617655758203874,0.2524183364917212,0.49084395244541734,0.5032892456139108,0.8288690908035636,0.6389550221993436
0.8,16,1.990966161679134,2.0260815114028263,1.0176373413067337,0.249593456298579,0.24434524561180998,0.5056966871736802,0.49506338453327076,0.826750086495214,0.6411595716897363
0.8,17,1.9789030595351578,2.0122477226584063,1.016850074066327,0.2483446953911964,0.24776907643243795,0.4997310477352306,0.4985727597963499,0.8271240411058041,0.6399223552248463
0.8,18,1.9918933007862818,2.011789146208908,1.0099884092259221,0.24731346816615093,0.24411674803082975,0.4975425509679447,0.4911114240962381,0.8283146457056988,0.6444531047025202
0.8,19,1.9866674798375963,1.9817836057065394,0.997541675101333,0.2549006792691459,0.25308803972158883,0.5051579872590541,0.5015657279206502,0.8246876619264206,0.6349757567815489
0.9000000000000001,0,2.004302059807415,2.034796536655983,1.015214511554959,0.24391856107721824,0.24547086250095182,0.4963246433060345,0.4994832608668937,0.8354483806522413,0.625129659083051
0.9000000000000001,1,2.012153712688129,1.9548516337702917,0.9715220171518185,0.2503140145901462,0.25527440635321036,0.48932676037714795,0.49902359031931465,0.8345742596428372,0.6223903600952782
0.9000000000000001,2,2.0008242018913545,2.017129349505707,1.0081492155077592,0.24501982772561898,0.2491654689541476,0.49423668571617824,0.5025989803107642,0.8358761498765986,0.620468488566648
0.9000000000000001,3,2.0005799169469536,1.9900510692879716,0.9947371021923234,0.25093695582602216,0.25849846994055625,0.4993773572654439,0.5144251565145086,0.8331327829858682,0.611496670171749
0.9000000000000001,4,2.0015968697480666,1.9993222941822308,0.9988636195428693,0.2508631242233074,0.2537433851255602,0.501556237047865,0.5073148068828004,0.8326421966937517,0.6164919636617749
0.9000000000000001,5,1.987192241093011,1.9649703339020559,0.988817434603744,0.24673369282084817,0.2592011341375102,0.48482438676706935,0.5093225390939751,0.8366912916946496,0.6139231632080763
0.9000000000000001,6,1.9966642897489315,1.976556379068279,0.9899292481045069,0.2505049604443759,0.2552033309253721,0.49513717755457815,0.5044237717000173,0.8337578726382086,0.6180035026269702
0.9000000000000001,7,1.9896983382316678,2.004479660067747,1.0074289260598248,0.24902506819983128,0.244782458766634,0.49916568405354533,0.4906614597390898,0.8346120581424545,0.6254856254856255
0.9000000000000001,8,1.9980641404686892,2.0343091179050266,1.0181400470096196,0.2503199572382877,0.25166148967382923,0.509228171403445,0.5119572630690324,0.8325088734244431,0.6127013151417118
0.9000000000000001,9,1.9882003932816878,2.0256712126086787,1.0188466009028105,0.24268383381671016,0.24530956552963887,0.49159765592801835,0.4969165250709317,0.8371114353046796,0.6243382557815548
0.9000000000000001,10,1.9925366079326916,1.9755523710994622,0.9914760728783543,0.25184633953749624,0.25181167171547675,0.49753563322602096,0.49746714512802953,0.8330769876115104,0.6222877606909627
0.9000000000000001,11,1.9751211907641288,1.9912518876353813,1.0081669403106408,0.2491669593558809,0.24490656828820548,0.49615417815376617,0.48767066639819256,0.8353792623521225,0.6253641207815275
0.9000000000000001,12,1.9770175162083472,1.9938539962812134,1.008516100608535,0.2516130804311098,0.24938573787709067,0.5016797459341946,0.4972387500817764,0.8322687286378663,0.6225359988815882
0.9000000000000001,13,2.0119442440659525,2.047944938300933,1.017893485041229,0.24361923195064666,0.24321126540608207,0.49891877294608783,0.4980832799261506,0.8366593996310582,0.6227675432428632
0.9000000000000001,14,1.9724570899287555,2.001108340558076,1.0145256648550744,0.254447352558659,0.2537131464728583,0.5091767194380539,0.5077074935160695,0.8308152037311141,0.6134009723102938
0.9000000000000001,15,2.0226943465615927,2.002338545967782,0.9899362943153454,0.2514788692396263,0.24727405238027608,0.5035458333748953,0.4951263664986832,0.8329238329238329,0.6244359842075579
0.9000000000000001,16,2.005814499283483,1.9654206287840768,0.9798616120713876,0.2470019827506239,0.25670855033148093,0.4854627922486449,0.504540280406748,0.8368812157782992,0.6176429174880316
0.9000000000000001,17,2.017840812875996,2.020781391463049,1.001457289677307,0.2459223842193272,0.24714356501975776,0.49695537777464255,0.49942311721176463,0.8359001593202336,0.622231596709555
0.9000000000000001,18,2.0181820068511516,2.0013525691752045,0.9916610902194074,0.2507398775074922,0.24689722624471788,0.5018188980442956,0.49412839806709785,0.8330722756768852,0.626263335204941
0.9000000000000001,19,2.003829402619038,2.0059890969288703,1.0010777835213962,0.2484230774494788,0.2500305368398084,0.4983339847891708,0.501558530799928,0.8345032019911072,0.6194789691735131
1.0,0,2.008982528451096,1.9985603337100193,0.9948122023992354,0.2467316790047468,0.24973310856093836,0.4931081467285601,0.49910668478398945,0.8424989836021141,0.6038916444105303
1.0,1,2.0126840790152762,2.02114430186165,1.0042034529584558,0.24317664776180353,0.24712432915515803,0.49149509596958674,0.49947392972333043,0.8445995293353891,0.6025631187169058
1.0,2,1.9875380124830144,2.001488342059698,1.0070188995073637,0.25298528645632823,0.2476803044922284,0.5063471015549742,0.4957292419989914,0.8381985892566468,0.6055555555555555
1.0,3,1.9874054069469744,2.0033773543399738,1.008036582439179,0.2509139156209476,0.25070060889451407,0.5026752564437774,0.502247922578512,0.8401590564812811,0.5992173112338858
1.0,4,1.9852845442700928,1.9854558764177492,1.0000863010534942,0.2524044297421,0.2572942199119498,0.5011378582653233,0.5108463208925014,0.8389959294436906,0.5955133079847909
1.0,5,2.0210406311538387,2.017973743267315,0.9984825204207929,0.2420479397124501,0.2515579946639677,0.48844638695167425,0.5076374281408661,0.8440706567594786,0.6003469341579305
1.0,6,1.990790525073398,2.0044682743587883,1.0068705115445966,0.25172010006900114,0.24997036082272434,0.5045649546067322,0.5010576577991699,0.839129374136015,0.6015106431677729
1.0,7,1.9833495183825276,2.0014629725232735,1.0091327594923953,0.24921843093760998,0.25043188282964285,0.498801461591975,0.5012301406228171,0.841283584512568,0.6000306724944406
1.0,8,2.0664729276103806,2.0142193761209097,0.9747136530117064,0.247818907990395,0.2546871949327633,0.49916164624337855,0.5129958828834551,0.8407127723148802,0.5984377369937813
1.0,9,1.9874725498630401,1.9677606733683195,0.9900819377374148,0.24540167539849067,0.2549410936066682,0.4828917660278478,0.5016630580247132,0.8438280995327611,0.6021383075523203
1.0,10,2.01159585220456,2.019008333500711,1.0036848760092776,0.24636443781487213,0.24847729824397558,0.49741185302644453,0.5016777358403283,0.8416462917685411,0.6036391205458681
1.0,11,1.9715162998542903,2.0066794318571004,1.0178355776238872,0.2483718182357164,0.2538944933539551,0.4984026191065624,0.5094848576751609,0.8411242844352804,0.5950840879689522
1.0,12,1.9882416994604872,1.9905401215257221,1.0011560073736803,0.2502993525999941,0.24918404762011143,0.49823090374220175,0.49601084443200794,0.8405235488591404,0.6049015116811727
1.0,13,2.0304246311332363,1.983903003957686,0.9770877350174848,0.25069352362796976,0.2542424524712223,0.49735163459826637,0.5043923651912271,0.8401139137510171,0.6016755521706016
1.0,14,2.034380267899603,2.0201476207867435,0.9930039396579706,0.24600471519434633,0.24589682712577735,0.4969658401021792,0.4967478902771483,0.8419995657837603,0.6072840632603407
1.0,15,2.0259828850639394,1.9917564529467664,0.983106258019503,0.2510027626500534,0.25083149111935693,0.4999363722157094,0.49959524103923875,0.8411167102320192,0.601039484911954
1.0,16,1.9934713568918687,1.9950499517703377,1.0007918823980146,0.24785315459310991,0.24902050118982402,0.49447942411711,0.4968083388885837,0.8422420092560016,0.6031721707148877
1.0,17,1.9900670298114373,1.9897639135225165,0.9998476853872859,0.24846218976925655,0.2549724064172324,0.49438109907765004,0.507334893233006,0.8416729914344573,0.5969636862984437
1.0,18,1.9835479585858364,2.004617564447706,1.0106221812135519,0.25625643582281743,0.2470871382098802,0.5136961522531862,0.4953152172046438,0.8373209613465326,0.6024599675098631
1.0,19,1.9916390781338433,1.9867247625982734,0.9975325270579775,0.24877872710749735,0.25070433181632845,0.4942548575521433,0.4980805041101539,0.8416032085851332,0.6035575234750744
