tauY,replicate,sigma_meta,m_dist_R1,m_dist_R2,m_dist2_R1,m_dist2_R2,mean_conf_R1,mean_conf_R2
0.05,0,0.5,0.30342411145751963,0.12431471372249751,0.4743454732010209,0.1943422407114909,0.7436850519584333,0.8955564451561249
0.05,1,0.5,0.3152418628195317,0.12851948110872374,0.47379108585018986,0.1931576725336889,0.7396833013435701,0.8945662612035852
0.05,2,0.5,0.3139242440047975,0.13503558006651367,0.46508261411758994,0.20005686650712942,0.7429932735426009,0.8903852301790282
0.05,3,0.5,0.3145580717681863,0.13176730608315912,0.4690840735023924,0.19649772248564557,0.7410201870209094,0.8927560499142846
0.05,4,0.5,0.3076356153949667,0.12799701218765566,0.47673389045561426,0.19835321573080164,0.7424640101805456,0.8926530940693651
0.05,5,0.5,0.31097519212013797,0.13091136557511426,0.470230480505638,0.19795313548436858,0.7429152218103552,0.8919352896310867
0.05,6,0.5,0.31759476121926117,0.1330493513780215,0.4664377385929631,0.19540384841291641,0.7429859919383804,0.8928356653169226
0.05,7,0.5,0.30973151383400777,0.12953061446458008,0.4664079155228632,0.19505313857471326,0.7446604654876442,0.893751753436736
0.05,8,0.5,0.3212746332613011,0.13419219383090591,0.471397930534599,0.19689672298010996,0.7400781000956328,0.8916639897205269
0.05,9,0.5,0.31255910079708316,0.13832829554203543,0.46090034827744064,0.20397921362507274,0.7442244224422442,0.8886856961119504
0.05,10,0.5,0.30968854309317934,0.13782970886308912,0.4664329760663625,0.20759024745719395,0.7441907131677168,0.8873739185902803
0.05,11,0.5,0.31400192682551387,0.13193309195263192,0.47126739823511404,0.19801077532935346,0.7412835975877631,0.8917110692680582
0.05,12,0.5,0.30724312383030417,0.13458880546298665,0.4643615470130063,0.2034150191427676,0.7456143856143856,0.8890890890890891
0.05,13,0.5,0.31216224848351337,0.13209729395305023,0.458982453106252,0.19422700958175218,0.7458570170522777,0.8933967543368775
0.05,14,0.5,0.3068677349248595,0.1294396033948269,0.458561896630089,0.1934255813707897,0.7485476180936737,0.8950121800247594
0.05,15,0.5,0.31140700155889434,0.13165091860349895,0.4711830431419987,0.19919809172403777,0.7432470064049012,0.8912440172143345
0.05,16,0.5,0.32846251616294486,0.13589536759665818,0.469316028076244,0.19417093584823414,0.7374795155681682,0.891877827148633
0.05,17,0.5,0.3208594559475581,0.13155818481804105,0.4709310869367788,0.19309026997139744,0.7389638381096831,0.893249418744488
0.05,18,0.5,0.302924602307455,0.13156834372793041,0.4667260331137448,0.20271173316308547,0.7452602827763496,0.890774378585086
0.05,19,0.5,0.3160855637685887,0.1315645108622378,0.46670194699395245,0.1942556712892663,0.7416570081131849,0.8931502462068137
0.1225,0,0.5,0.31132852507417585,0.1552570289438032,0.4736653967750374,0.23621311988440086,0.7415528396836808,0.8715247175707075
0.1225,1,0.5,0.31278964478742766,0.15284308389689819,0.4711153948280703,0.23020816391080642,0.7416004154847988,0.8740838639913493
0.1225,2,0.5,0.30712140418314043,0.15485279324886458,0.4511631674531255,0.22747967331336175,0.7492981471083661,0.8747307109231629
0.1225,3,0.5,0.31606241892616743,0.16061383854734027,0.4679779372495949,0.23781293933171505,0.742973166653396,0.869303110682421
0.1225,4,0.5,0.3118092448194662,0.15249797380039,0.4744276006827835,0.23203047703410576,0.7417147404018302,0.8733561230645486
0.1225,5,0.5,0.3125574535745214,0.15295713467672845,0.47038495093594795,0.23019362829900245,0.7409214525675892,0.873779804768763
0.1225,6,0.5,0.30886935657690795,0.1558989584362447,0.47278889000681673,0.23863583078996056,0.7405844286345914,0.8705863620078819
0.1225,7,0.5,0.31517832896063513,0.1576406460185551,0.4823995093344035,0.2412785502775074,0.7378121758557409,0.8690141974813508
0.1225,8,0.5,0.31872809202616237,0.161470282705432,0.4800791932616621,0.24321208263811686,0.737026983873543,0.8670434503767838
0.1225,9,0.5,0.31205317955773265,0.1569125785968976,0.4614734834704963,0.23204696823815477,0.7440397483671916,0.8725791638381983
0.1225,10,0.5,0.316144027542432,0.15394235193789216,0.4700108695474599,0.2288658724852822,0.7399375850204049,0.873990242341838
0.1225,11,0.5,0.3092354598372481,0.1563812396962178,0.46988481206904115,0.2376220678716937,0.7428708747196412,0.8709252157238735
0.1225,12,0.5,0.31053434292979665,0.15361191794030993,0.47364020528550266,0.23429543947091389,0.7414144644784711,0.8726537799655821
0.1225,13,0.5,0.3149720583222698,0.1562138108071968,0.47237049574550577,0.23427727413772587,0.7409112748238309,0.8723625319693095
0.1225,14,0.5,0.310890720432266,0.15498987322212754,0.46854692320791125,0.2335869920004057,0.7422263183202437,0.8725043922696055
0.1225,15,0.5,0.3119664455484331,0.15506810437237273,0.47510066554922964,0.23615667852757546,0.7416520210896309,0.8719756449286973
0.1225,16,0.5,0.324019460761619,0.15581182137569694,0.4757508633581941,0.22877517407954762,0.7380687241489023,0.8738332796910203
0.1225,17,0.5,0.3101495506732259,0.1538416391288196,0.46825118951446626,0.2322638558158765,0.7434730538922155,0.873066132264529
0.1225,18,0.5,0.30780616702321034,0.1540164628562853,0.4719611042140119,0.23615439735912616,0.7422312990549416,0.8720632891161899
0.1225,19,0.5,0.30646469385536734,0.15469295698449712,0.46944151764691106,0.23695811606397485,0.7439004879609631,0.8714297143771502
0.195,0,0.5,0.3048601170889042,0.1811470230935523,0.4613599136564114,0.2741387615133178,0.747096877888054,0.8513518894596425
0.195,1,0.5,0.309874847630701,0.18457255853182927,0.46651528470570724,0.2778732134947443,0.7450007998720205,0.8486157785245639
0.195,2,0.5,0.30886475480641434,0.17967374739930284,0.46604769105557386,0.2711106845817699,0.7445932440535679,0.8516309785871523
0.195,3,0.5,0.3152513379060406,0.17955800012252238,0.46829107175323376,0.2667249848256143,0.7416926895668188,0.8535288945727759
0.195,4,0.5,0.31590943973525504,0.17961705138221026,0.4768895539349699,0.27114572956275473,0.7386291094797319,0.8514196342637151
0.195,5,0.5,0.3091751420709051,0.18274846613656284,0.47572151998431306,0.2811913580857983,0.740341455594742,0.8475327371446822
0.195,6,0.5,0.30153072633059425,0.18297792560203271,0.4682222284995546,0.28413134918023997,0.74502567394095,0.8464821314613912
0.195,7,0.5,0.31674714442374297,0.18686779402953146,0.46667602910445194,0.2753196725541607,0.7401701171561547,0.8479422555431488
0.195,8,0.5,0.3039378610582675,0.18385595260938434,0.4772682671237474,0.28870576241057555,0.7435682661242072,0.8448393437362108
0.195,9,0.5,0.3064640993946205,0.18034655065533228,0.46505558863174196,0.27367372373598176,0.7458019225399865,0.8500942677203257
0.195,10,0.5,0.31032074081449473,0.18302879855777293,0.45643017604142805,0.2692049088536892,0.7469130853110969,0.8518119412515964
0.195,11,0.5,0.31256979627462833,0.18175191779462138,0.46555262574638523,0.27070780213640067,0.7430831626711641,0.852014184962346
0.195,12,0.5,0.3083694577382662,0.17989231785445756,0.45840613994255197,0.26741864657353004,0.7467639161623852,0.8533556913003554
0.195,13,0.5,0.3133001676700553,0.176207714619438,0.4741747232048242,0.2666875186425651,0.7414806577170546,0.8535573281766176
0.195,14,0.5,0.31570944626539127,0.1849661744828819,0.47150559232746714,0.2762431935178282,0.7404015357542794,0.8483357337173948
0.195,15,0.5,0.31002100842876473,0.16758207466607272,0.48172171473674064,0.2603950125071294,0.7402432239090693,0.8587245349867139
0.195,16,0.5,0.29785188689430225,0.18330643715158662,0.4655046579609453,0.28648467269428324,0.747318092329945,0.8460435665644538
0.195,17,0.5,0.3104276681704553,0.18434365059026747,0.4702664035809731,0.279261916622944,0.7417589052123164,0.8484595507851321
0.195,18,0.5,0.3131770349074404,0.18378614146958006,0.46310260730949665,0.2717691012275832,0.7430441241418075,0.8505957836846929
0.195,19,0.5,0.31315274969433377,0.1823459027785207,0.46481700553983224,0.2706585734428344,0.7432719688765893,0.8515977181154506
0.26749999999999996,0,0.5,0.3139252352735939,0.21131838871969957,0.4652822696212918,0.31320419153473106,0.7435208216320308,0.8288266730477786
0.26749999999999996,1,0.5,0.309587231024395,0.20641337436034257,0.4756131221278926,0.31710903936067103,0.7412084398976982,0.8276345291479821
0.26749999999999996,2,0.5,0.3119101358281221,0.2135830499226841,0.46643003941142075,0.3193918342171008,0.7437510014420766,0.8255711775043937
0.26749999999999996,3,0.5,0.3142251768417747,0.20913806762696477,0.47227885140723685,0.31433345779968314,0.7415039335489797,0.8279578508754357
0.26749999999999996,4,0.5,0.31611922520644387,0.2119534513293608,0.4696527275559319,0.3148954843436666,0.740980980980981,0.826973026973027
0.26749999999999996,5,0.5,0.31048297012834114,0.2093819427461493,0.4651528081414587,0.31368740965801273,0.7426562186055857,0.8277523392394983
0.26749999999999996,6,0.5,0.3057653702055216,0.20905740969193018,0.46748399968779486,0.3196274122915331,0.7453957093204426,0.8260643197564981
0.26749999999999996,7,0.5,0.3133970046387102,0.21057697223027874,0.4685216698962189,0.31480796947870265,0.7410829048843187,0.8274378585086042
0.26749999999999996,8,0.5,0.31174236315693554,0.2118536093217924,0.4676249050372687,0.317788134206943,0.7419497487437186,0.8265074626865672
0.26749999999999996,9,0.5,0.31766625896289175,0.21423766886089798,0.4616903041604138,0.31136909164331605,0.7435303514376996,0.8270432692307692
0.26749999999999996,10,0.5,0.3027300519259956,0.2056202127219405,0.473459209216823,0.3215828184052352,0.7439024390243902,0.8270580727504786
0.26749999999999996,11,0.5,0.3023261854905233,0.20830056458988522,0.46875678944024757,0.32297005215516206,0.7462937062937063,0.8254254254254254
0.26749999999999996,12,0.5,0.31229207057448266,0.20648058606298675,0.4687212420706103,0.3099080824718792,0.7427934384456124,0.8290869635106896
0.26749999999999996,13,0.5,0.30879430732188207,0.20706811229556515,0.46866967049329517,0.3142756898626096,0.7437085563633459,0.8282063606504847
0.26749999999999996,14,0.5,0.31142413229143034,0.2060944719313937,0.4680339871998628,0.30973584714891006,0.7421521973847323,0.8296322970431721
0.26749999999999996,15,0.5,0.31386571546282765,0.21329572323361687,0.46564964681766075,0.31644449615974124,0.7434286857371474,0.8259548090381924
0.26749999999999996,16,0.5,0.3255788034422182,0.21775043973075897,0.46978758916849755,0.3141987532356309,0.7385631378827296,0.8256246252248651
0.26749999999999996,17,0.5,0.3023376158858569,0.19839806626047085,0.46641179079856715,0.30606577717558736,0.7471717654557043,0.8335877249357326
0.26749999999999996,18,0.5,0.3155141456012551,0.20709215996277636,0.47733045365299037,0.31330257625893415,0.7384639948906275,0.8283229116562449
0.26749999999999996,19,0.5,0.309191102909346,0.21232403115427348,0.4754311253802939,0.3264823991606051,0.7414028056112224,0.823313373253493
0.33999999999999997,0,0.5,0.31275051607330295,0.2363982789181292,0.4667231653210214,0.3527813619570528,0.7445801344524444,0.8055991311693013
0.33999999999999997,1,0.5,0.3042006279537622,0.23740352352328836,0.46925407111831474,0.3662141352583553,0.7434356471584721,0.8026341889157773
0.33999999999999997,2,0.5,0.30699320698899046,0.23526941538869905,0.46269980058127497,0.3545977862211399,0.7454967576655191,0.8052202414261731
0.33999999999999997,3,0.5,0.30944597878238983,0.23823568213894344,0.4680772127993801,0.3603623951545165,0.7441730300243873,0.8032176731900589
0.33999999999999997,4,0.5,0.31126094815824334,0.23836275183234357,0.4791064553400436,0.36689836547511057,0.7405564622059467,0.8000160791092173
0.33999999999999997,5,0.5,0.3038300589352145,0.2319939394681083,0.46955346519355856,0.358534499723027,0.7432914844972123,0.8047389205792014
0.33999999999999997,6,0.5,0.31076592292056393,0.23908467029348068,0.47401456920512175,0.36467839178648115,0.74116,0.80096
0.33999999999999997,7,0.5,0.31070832706074436,0.2362499349025365,0.4699260946418879,0.35731262923778834,0.7434579997610228,0.803880609006548
0.33999999999999997,8,0.5,0.3160146506822856,0.24017968787551397,0.4742594933080698,0.3604500513783197,0.7397906177575322,0.8020741571234083
0.33999999999999997,9,0.5,0.3103722321876027,0.2453279092441981,0.4661376871995918,0.3684497914474504,0.7437870771204105,0.7983394539358135
0.33999999999999997,10,0.5,0.3141570569704184,0.24426198611848654,0.4690816497482326,0.36471826074570246,0.7417019915220348,0.7991117868288389
0.33999999999999997,11,0.5,0.3179166172675743,0.24228914475391317,0.4631804584053364,0.3529969527805509,0.7430894960339717,0.8049364965252815
0.33999999999999997,12,0.5,0.30507223831329044,0.23644194614370534,0.46034619131421656,0.35678483881708895,0.7468085106382979,0.8049023515344759
0.33999999999999997,13,0.5,0.3104537890367163,0.2354472999646393,0.4749422368918147,0.36019488653146653,0.7411477899448485,0.803707262390904
0.33999999999999997,14,0.5,0.3102732892848209,0.2379743994623873,0.4682397011290932,0.3591319830897702,0.7426082787278249,0.8024187089540286
0.33999999999999997,15,0.5,0.31657363601881555,0.24390440594067878,0.4622188952149287,0.3561169100172748,0.7432356708293307,0.8023664854493124
0.33999999999999997,16,0.5,0.3166368729386038,0.23994525851024714,0.4680144038365041,0.3546581169554559,0.7413965386306407,0.8040911092430247
0.33999999999999997,17,0.5,0.313973008900041,0.23921616943069654,0.4748122326574947,0.3617596426300571,0.7401326302333013,0.8019464915091317
0.33999999999999997,18,0.5,0.314351844595039,0.24063799483541382,0.4702119518408109,0.3599497288917916,0.7416004154847988,0.8019544234851216
0.33999999999999997,19,0.5,0.3160338181769422,0.23539663846775843,0.4709959116095255,0.35081958938604785,0.7420418868974288,0.8063373193219793
0.4125,0,0.5,0.31188911967191785,0.27001600650955476,0.475614152829593,0.4117599046788258,0.7403105416516984,0.7747224115124063
0.4125,1,0.5,0.3215308695164158,0.2767631272759371,0.470835821228357,0.4052798865399179,0.7400541056651814,0.7746943371943372
0.4125,2,0.5,0.31160938068478644,0.26966306834853776,0.4663763113165416,0.4035965375570981,0.7437629937629938,0.7782535617096206
0.4125,3,0.5,0.31529603752888213,0.26542640336870577,0.48222626304578625,0.4059536669516491,0.7374805474641873,0.7783792453586752
0.4125,4,0.5,0.30689242039189524,0.26912053560690635,0.4678368402420827,0.4102561440318876,0.7456601369644847,0.7753576595402668
0.4125,5,0.5,0.3170507215279675,0.2723269000705749,0.4692031138586279,0.4030163655984924,0.7419303419144019,0.7772424315426002
0.4125,6,0.5,0.3059472792170404,0.2718757906618979,0.46302891952556247,0.41146420362846964,0.7463459685191134,0.7760997768568696
0.4125,7,0.5,0.30620731873726836,0.2659643570721335,0.4663047176936568,0.4050211306265609,0.7460222514654863,0.778598082092846
0.4125,8,0.5,0.3154807585623226,0.2823638538541584,0.45795369989510076,0.40988100884005735,0.7442215701250151,0.7724794013453807
0.4125,9,0.5,0.31284816084762485,0.25852397665150456,0.48135050808846874,0.39776691407453385,0.7378988884904983,0.782320575123499
0.4125,10,0.5,0.3149031263216091,0.27160295201474915,0.4750420039162548,0.40972222823499826,0.7389341642697348,0.774671579621916
0.4125,11,0.5,0.3080237591602253,0.26961694836391104,0.4629751641028156,0.40524780053979903,0.7458428497014865,0.7780218024997005
0.4125,12,0.5,0.3155146070750226,0.2711993219420853,0.4723514310092935,0.4060077883419017,0.7405679189598787,0.7761373666051512
0.4125,13,0.5,0.3116858050433328,0.2684854770725095,0.47375371130868943,0.4080904203446215,0.7399669927142455,0.7783121993878444
0.4125,14,0.5,0.3255257608441897,0.2803423673466709,0.47577785897503566,0.4097392813714476,0.7352032422454957,0.7729574544439571
0.4125,15,0.5,0.3129394738119598,0.2683307048945095,0.47015812610232893,0.4031382166403392,0.7404292807944898,0.7777688988333067
0.4125,16,0.5,0.31144500117313006,0.27013660126386807,0.4705208172552542,0.40811345155151557,0.7420551058654651,0.775370169736367
0.4125,17,0.5,0.3041474060359206,0.2656951736079552,0.47522422744460213,0.4151433847793124,0.7422746352188687,0.7747848709225535
0.4125,18,0.5,0.3216327183479117,0.2731246457139317,0.4741005274982913,0.40259753196405396,0.7379734697139204,0.7771504084574724
0.4125,19,0.5,0.317827692082519,0.2745612548626424,0.4639945005455409,0.4008301211402077,0.7434323300777357,0.7775637166365643
0.48499999999999993,0,0.5,0.306629086306219,0.299347259929227,0.47256806406993473,0.46134551947926294,0.7426367741677656,0.7485686831885334
0.48499999999999993,1,0.5,0.3077998041154205,0.30354057119806743,0.47508586815520937,0.468511785452229,0.7432669322709163,0.7452610441767068
0.48499999999999993,2,0.5,0.30981931935940343,0.2993965665246184,0.47210313989233005,0.45622093361223814,0.7430419678153576,0.7506110510077333
0.48499999999999993,3,0.5,0.3149163563044933,0.3035784202752583,0.47461374535683803,0.4575262229855058,0.7395011809920333,0.7490907637584429
0.48499999999999993,4,0.5,0.3130527173231495,0.3012742889040314,0.4755119385070017,0.4576210753385489,0.740339227138171,0.750059995200384
0.48499999999999993,5,0.5,0.31642008352065604,0.29482971633702004,0.48687272281814226,0.45365181995894016,0.736850462466754,0.752146398484421
0.48499999999999993,6,0.5,0.31352144862476045,0.30030689734066074,0.47098607906217627,0.4511345833410231,0.7407865841485326,0.7514726507713885
0.48499999999999993,7,0.5,0.31153005687756874,0.30062679367045997,0.4692452149723975,0.4528220674315132,0.742516884466291,0.7511310405573127
0.48499999999999993,8,0.5,0.30930481775789154,0.2932617105511794,0.47284371776677503,0.44831812999500426,0.742481053051456,0.7548736462093862
0.48499999999999993,9,0.5,0.3106659755413238,0.31000616548590104,0.4604205501539934,0.459442682821771,0.7458565753039849,0.7476974602288585
0.48499999999999993,10,0.5,0.31457006910640384,0.3078307146149373,0.47192493975216904,0.4618144118453386,0.7400352875130323,0.7466283616630756
0.48499999999999993,11,0.5,0.31464869117419864,0.3149369214245728,0.4591596169101314,0.45958022470242776,0.7445103381952236,0.7449688548155247
0.48499999999999993,12,0.5,0.3146265723966636,0.30181500569851477,0.4748980248625136,0.4555602185418363,0.7402126727468239,0.7491061026073681
0.48499999999999993,13,0.5,0.31728791576917403,0.31152522474821914,0.4653134940992679,0.45686231218811774,0.742732441739409,0.7477023895149045
0.48499999999999993,14,0.5,0.3151343044739943,0.30996519499761094,0.46870633785251875,0.4610182050842426,0.7416334661354582,0.7443373493975903
0.48499999999999993,15,0.5,0.3137061646802951,0.3060236599522966,0.4672527954129794,0.4558100116424117,0.7430058034820892,0.749870077953228
0.48499999999999993,16,0.5,0.30832683166383784,0.30353176648131536,0.47325876288482566,0.4658986943368283,0.7416777095129101,0.7473403195601068
0.48499999999999993,17,0.5,0.3151393776734972,0.30555091711484406,0.4747524901058295,0.46030762586795443,0.7389158608514224,0.7480958647366113
0.48499999999999993,18,0.5,0.30786772219067926,0.2956217861907683,0.4697416928795454,0.4510569581936209,0.7441841873850827,0.7541029541269714
0.48499999999999993,19,0.5,0.3126646872376348,0.3072830274347312,0.46794404585482213,0.4598896803815924,0.742522392834293,0.746919014084507
0.5575,0,0.5,0.30747557416488913,0.3341673934004451,0.46746193787826307,0.5080421029181633,0.7447447447447447,0.7228771228771229
0.5575,1,0.5,0.3054933956110951,0.3341821752173724,0.4740600324481847,0.5185788468855489,0.742333747544795,0.7188759829162176
0.5575,2,0.5,0.3081500804967914,0.33487420887170294,0.4677636452849673,0.5083301630206075,0.7445849455502812,0.7211904857406441
0.5575,3,0.5,0.31983560797767135,0.3462780822017364,0.469225949062477,0.5080193002524833,0.7400629908703106,0.7175422402375888
0.5575,4,0.5,0.30447302221525463,0.3346928530541592,0.46814458148241245,0.5146092894477261,0.7447461817601787,0.7183324639890863
0.5575,5,0.5,0.3129306724347309,0.339985887268531,0.4695063699080307,0.5100987337209735,0.7421953272151645,0.720525412225017
0.5575,6,0.5,0.30770672012249123,0.33439330872187967,0.47054868444233633,0.5113581251743986,0.7437564828851831,0.7202614903344831
0.5575,7,0.5,0.31945372617621987,0.3419653716442016,0.47295566757632057,0.5062844705863614,0.7402866242038216,0.7201768488745981
0.5575,8,0.5,0.30869673123048075,0.3314622399753342,0.4800963470776666,0.5155020915577028,0.7407717786024981,0.7208211378854096
0.5575,9,0.5,0.31097765225642265,0.3454968834384377,0.46002303256486027,0.5110866421037997,0.7451051340811321,0.7188283519719824
0.5575,10,0.5,0.3143086112588392,0.3444527847335457,0.46967588062794335,0.5147207528184634,0.7408789885611078,0.7174805660753438
0.5575,11,0.5,0.3102621978045373,0.33519136517699305,0.4728634566396443,0.5108574254128369,0.7420983054921283,0.7220513639813076
0.5575,12,0.5,0.30704258623846925,0.3338306341660899,0.47751188328901106,0.5191725902686599,0.7418506415876305,0.7179796033084397
0.5575,13,0.5,0.31001458121799724,0.33549726913318684,0.4790445994197692,0.5184212764022205,0.7400598205383848,0.7174724172517553
0.5575,14,0.5,0.31402440038700863,0.341793838802387,0.47322643362084466,0.5150742399975712,0.7406768094416122,0.7193192235641117
0.5575,15,0.5,0.3114104664095934,0.32786051675660727,0.4741855068637631,0.49923404024052337,0.7410974781183806,0.7270907562352376
0.5575,16,0.5,0.31250841690248493,0.3381656130249305,0.46983347886745197,0.5084071909987147,0.7427513143221284,0.7199501847983287
0.5575,17,0.5,0.3188690808801059,0.3452776312821618,0.47146482582124755,0.5105112663890565,0.7412072243346007,0.7160633484162896
0.5575,18,0.5,0.3091799740840741,0.3265115674024899,0.47198535302516326,0.49844327034375585,0.7416589898666239,0.7275596212998842
0.5575,19,0.5,0.30938638904425775,0.33507228395038,0.46816121880503103,0.507028926923981,0.7433026789284286,0.7221688675470188
0.63,0,0.5,0.3136963193831057,0.37882715889842955,0.46776115157871884,0.564879525663848,0.7419212749769751,0.6886962080952571
0.63,1,0.5,0.3086881890419502,0.37673474997082285,0.4658182838648704,0.5685022651767895,0.744399103856617,0.6887697968325068
0.63,2,0.5,0.3048696605961558,0.3707485460456999,0.46176648343913995,0.5615489977353805,0.7479118606316124,0.6914876498511545
0.63,3,0.5,0.3221529696676812,0.3905050486779965,0.4633834583401723,0.5617007974266731,0.7420296811872474,0.6876924923003079
0.63,4,0.5,0.30395313418377046,0.3676835607985036,0.4683676637363811,0.5665711946939482,0.7457802960775707,0.6914471309996392
0.63,5,0.5,0.31154949370087964,0.3756835967759337,0.4678700515037855,0.5641835641737306,0.7439757836459951,0.6892700759249588
0.63,6,0.5,0.30730058472523775,0.37473579885898145,0.46709317261452665,0.5695938826077525,0.744318862574384,0.6878730820079324
0.63,7,0.5,0.30781165733173893,0.3745585940695347,0.4676918969100318,0.5691078137938748,0.7461406518010292,0.6899843568248365
0.63,8,0.5,0.30368374027978573,0.37027969233575597,0.4691948338057169,0.5720863374082703,0.7453416149068323,0.6899980035935317
0.63,9,0.5,0.302054631132045,0.3723339577171357,0.46482702510529217,0.5729787530907838,0.746707885016862,0.68974175035868
0.63,10,0.5,0.32121475202699057,0.3807390468785459,0.46987049014684473,0.556942174809682,0.7389944671638201,0.6918349429323969
0.63,11,0.5,0.3055171315807089,0.37733628801836383,0.46219096375706015,0.5708400760290829,0.7472957330459427,0.6873772397482664
0.63,12,0.5,0.31440501278496435,0.3806297434475053,0.46467170114784784,0.562547870431662,0.7420377055756117,0.6894295971280415
0.63,13,0.5,0.31854605514563916,0.3843617545763193,0.4698850602173783,0.5669693385836407,0.7392336794655076,0.6884392144390554
0.63,14,0.5,0.3126089173634308,0.3746226619265101,0.48042990355969795,0.5757351097294218,0.7397593241950908,0.6867169932540957
0.63,15,0.5,0.31135509328987143,0.3714163938804888,0.4783895572222475,0.5706722903940079,0.7398556535685645,0.6909417398244214
0.63,16,0.5,0.314235316191491,0.3712138384915742,0.47157667252625185,0.5570850179197467,0.7410739163316483,0.6924870362181935
0.63,17,0.5,0.31098937901209855,0.3676240933164022,0.4734964831812665,0.5597255953594683,0.7413572854291417,0.6933466933867736
0.63,18,0.5,0.30473091886259696,0.38274103624851735,0.46240592449363366,0.5807803270135119,0.746914569642571,0.6832774317201725
0.63,19,0.5,0.30565373751151187,0.37182480017721903,0.4736179021504769,0.5761515735459383,0.7437368064683156,0.6866589000923955
0.7025,0,0.5,0.31879798385596275,0.40613953900485106,0.4795477194805164,0.6109301174521895,0.7369599104680443,0.6653856931267763
0.7025,1,0.5,0.31304445317264135,0.40918967322057026,0.4809684086405958,0.6286880472292719,0.7387952384756731,0.6583353360570375
0.7025,2,0.5,0.3116793859742971,0.4079390435475791,0.47848825962918334,0.6262654887223488,0.7395058767090429,0.6595293364284
0.7025,3,0.5,0.3201604634666966,0.40992174162683936,0.47635173370279227,0.609903328449938,0.740368575740726,0.6645314640238498
0.7025,4,0.5,0.30113444421496094,0.40906346809575034,0.46524334062021194,0.6319903221921142,0.7466356936879205,0.6571987855544903
0.7025,5,0.5,0.3170793298981569,0.422649326321196,0.468151918473384,0.6240207869188554,0.741494690442797,0.657097224995009
0.7025,6,0.5,0.30773976799170283,0.41210297050571154,0.467425149323298,0.6259421516506779,0.7446185914137973,0.659362152237257
0.7025,7,0.5,0.3036799958744088,0.40840603499544,0.46974548298066227,0.6317402949402411,0.7432916281128052,0.658553076402975
0.7025,8,0.5,0.3108456826981668,0.4140179841668016,0.46467068942301853,0.6188988068498293,0.7451723587615704,0.659809111324992
0.7025,9,0.5,0.30589158138087386,0.4083379140496984,0.46865793510657267,0.6256164447558819,0.743251373791665,0.6596992301248554
0.7025,10,0.5,0.3087961991480173,0.4151343117166173,0.4647343980889807,0.6247719208137934,0.744975578509088,0.6582607305571098
0.7025,11,0.5,0.30940392699379254,0.414342126983187,0.46682952107734643,0.6251605743375419,0.7419770485202335,0.6588515795748062
0.7025,12,0.5,0.3072502467623781,0.41087926829304694,0.4740637087204518,0.6339553891847288,0.7419587711558514,0.6570653474826458
0.7025,13,0.5,0.3115384808334667,0.4108680801925223,0.4632072932814412,0.6108943293700358,0.7451768168980468,0.6619605003821246
0.7025,14,0.5,0.30900321828766486,0.4194145082270903,0.46254465612662654,0.6278185080319013,0.745380206036798,0.6561689218856025
0.7025,15,0.5,0.323056939673791,0.42616928475076526,0.4706165271151236,0.6208264987437215,0.7390694505670661,0.6574040803289816
0.7025,16,0.5,0.3080095895442272,0.40467420469217574,0.46631739740135586,0.6126647621807974,0.7448693282026615,0.6661743573367396
0.7025,17,0.5,0.3155360641508375,0.410006738632336,0.4702557641953259,0.6110491132595648,0.7418093299812443,0.6639268674070807
0.7025,18,0.5,0.31150941532182735,0.4149740703600634,0.46695113261145926,0.6220441586294532,0.7425154506782246,0.6592775695718045
0.7025,19,0.5,0.3172996800916527,0.41290875196153787,0.47099798237647267,0.612919587638084,0.7407878522876337,0.6601859678782755
0.775,0,0.5,0.3107281699263762,0.4403180857533257,0.47666713560336577,0.6754622882763576,0.7403984637542007,0.6330187170052791
0.775,1,0.5,0.3059349285062361,0.4399533913228974,0.4771417550822678,0.6861594206165449,0.7406844106463878,0.6291824905056966
0.775,2,0.5,0.3115920505031535,0.44622641682718267,0.4767019023247677,0.6826778200072531,0.7399212977834886,0.6309372011475932
0.775,3,0.5,0.3109086601035398,0.44090905613085263,0.47683347098608203,0.6762120924970597,0.7397413827615197,0.632948323408337
0.775,4,0.5,0.3107126252155113,0.4509510527568922,0.46659465461032945,0.6771895752910734,0.7443456061270892,0.6287353094540933
0.775,5,0.5,0.3068253033402103,0.4404866017308624,0.47231274325892547,0.6780647911610496,0.7425900774946074,0.6313786749979973
0.775,6,0.5,0.3076289729742593,0.44763960918197065,0.46999433767816795,0.6839020382309645,0.7442027253167584,0.6267368082884909
0.775,7,0.5,0.32040974000476463,0.4611828748602584,0.4673799993971142,0.6727250294293229,0.7410091998884862,0.6268129042625848
0.775,8,0.5,0.31104828622509045,0.4448969704486804,0.4771297542108263,0.6824457537943421,0.7412704754294847,0.6304765718862635
0.775,9,0.5,0.31087137496075296,0.45387018260655543,0.4719198351305494,0.6889998854780348,0.7419354838709677,0.6250099944031342
0.775,10,0.5,0.31671324859333877,0.4485230361448476,0.4711828814890694,0.667279873903577,0.7416425427291113,0.6314005568333132
0.775,11,0.5,0.3043017103790345,0.44314019008136,0.4604360081690903,0.6705111842000706,0.7482103579284143,0.6342068413682737
0.775,12,0.5,0.3187462547559766,0.44341589680168214,0.48540193668759046,0.6752547892064777,0.735608355924095,0.6313613742173704
0.775,13,0.5,0.3066692557568851,0.44399371803275817,0.46492528555874724,0.6731157501693436,0.7459121513305547,0.6346215266687959
0.775,14,0.5,0.3069107847738427,0.440579761720486,0.4744029882633466,0.6810199116416499,0.7421912542047093,0.6319322358957967
0.775,15,0.5,0.3059647676856824,0.4481311376643978,0.467499418348749,0.6847227796413787,0.7436721574929691,0.6287136598964556
0.775,16,0.5,0.3141763089920568,0.45850728621976705,0.47077416047098375,0.6870453836332937,0.7407199551030226,0.6243713578670073
0.775,17,0.5,0.3084256986518294,0.4526219487829964,0.465090711053403,0.6825315300185091,0.7458132781733562,0.6257592212702626
0.775,18,0.5,0.313005102199988,0.44802251443825875,0.4728083936893306,0.6767583144790544,0.7406174819566961,0.6315642458100559
0.775,19,0.5,0.3215205833884003,0.4484110441192201,0.48644412319191516,0.6784228707455584,0.7347774244833069,0.6284621578099839
0.8475,0,0.5,0.30535551956882595,0.480061387136861,0.4699817420703368,0.7388767275137805,0.7448438185662425,0.6000882364737496
0.8475,1,0.5,0.30666654242911456,0.48947778375302636,0.4640428791717729,0.7406699089643126,0.7445584389458861,0.5984489958242195
0.8475,2,0.5,0.31593723204531143,0.48533761262250885,0.47285922080502196,0.7263986072370696,0.7403096123844953,0.6035758569657214
0.8475,3,0.5,0.31332937379967013,0.4863948585716279,0.4689176659025325,0.7279213532473484,0.7409131027842414,0.6023769641860094
0.8475,4,0.5,0.3027634448475589,0.4812111865831395,0.46100153404884364,0.7327142658453611,0.7473992850544242,0.6034338525275863
0.8475,5,0.5,0.3023555481804547,0.4740901013454276,0.4654932973389551,0.7298882585059452,0.7464709656721207,0.6062081072454516
0.8475,6,0.5,0.30666644888829614,0.4855851726739136,0.47546209567300907,0.7528614384267921,0.7415099635138928,0.5949958098886627
0.8475,7,0.5,0.30406293775578724,0.4759606891113994,0.4829210316122305,0.7559337178316476,0.7405002405002405,0.5978365000798339
0.8475,8,0.5,0.31648659428214365,0.48886370333910184,0.47555145305573426,0.7345645871555133,0.7389055923030667,0.6003192975454001
0.8475,9,0.5,0.31091194191313787,0.4784623727157626,0.4769134670668087,0.7339221119291585,0.7403244449758859,0.6005780578860744
0.8475,10,0.5,0.3074386249549828,0.47526245972528475,0.4841856018705225,0.7484916384278226,0.7402831094049904,0.5999919974391805
0.8475,11,0.5,0.3109026726963828,0.48209469047390546,0.47479752532772135,0.7362347966502613,0.7405732127131535,0.6006875049964026
0.8475,12,0.5,0.3105615168589958,0.48711774830786386,0.4666249572986637,0.7319042642581495,0.7439661706626242,0.5995267316407973
0.8475,13,0.5,0.3072856903376555,0.48391618548794474,0.477436367019924,0.751870955291249,0.7402482979575491,0.5948461845785058
0.8475,14,0.5,0.31502220378780416,0.47909392880162394,0.4806941860157394,0.7310521714383836,0.7386964647870521,0.6016577475556271
0.8475,15,0.5,0.3140806365597439,0.48406248534151614,0.47916473722172565,0.7384908414863158,0.7376535774512166,0.6002630110783455
0.8475,16,0.5,0.3075549086286793,0.48858458285978423,0.4717479792908369,0.7494232191073108,0.7437308136985209,0.5934903880884537
0.8475,17,0.5,0.30212723107225176,0.4774859237904433,0.4737434705458722,0.748710527913953,0.7446248354541466,0.5974489591271911
0.8475,18,0.5,0.31102159667118034,0.48657621161315523,0.4691241738782391,0.7339190131647086,0.7427634735327043,0.599807907795742
0.8475,19,0.5,0.3082869756244435,0.4852246226464965,0.47120243052521865,0.7416434673524458,0.7425976312419974,0.5973688419705694
0.9199999999999999,0,0.5,0.30626827437181575,0.5107607317959761,0.4726679433054537,0.7882639007072066,0.743590769107707,0.5761091330959716
0.9199999999999999,1,0.5,0.30992164376502634,0.5280193720179425,0.46791669157078336,0.7971985261772778,0.7420170089858793,0.5671266751754945
0.9199999999999999,2,0.5,0.30914268801768174,0.5274312046787424,0.47255923538225525,0.8062376904268639,0.7426185624675377,0.5644547675303352
0.9199999999999999,3,0.5,0.3125707681838192,0.5084150024624148,0.49027327581186303,0.7974587328734345,0.7350219385719984,0.5715202567188127
0.9199999999999999,4,0.5,0.30684123238130323,0.51376127469656,0.47725260900176963,0.7990904835381195,0.7423099940155595,0.5703228393823943
0.9199999999999999,5,0.5,0.31137337081956884,0.5286021824663232,0.4669089724633962,0.7926467867423312,0.7430480534549674,0.5684808253688967
0.9199999999999999,6,0.5,0.3125194159950579,0.5294212630940043,0.4645958758709664,0.7870452933259094,0.7436082102988837,0.5702803215099772
0.9199999999999999,7,0.5,0.3187481943525946,0.5462947915332249,0.4591405488131315,0.7869098393098973,0.7429972270224652,0.5664689254289923
0.9199999999999999,8,0.5,0.30995163360838585,0.5242111805293324,0.47397436656625225,0.8016175276955061,0.7406206206206206,0.5662737262737263
0.9199999999999999,9,0.5,0.2991347771033928,0.5200377141991689,0.4694969210240754,0.8162076907176791,0.7460984393757503,0.5635345861655338
0.9199999999999999,10,0.5,0.305193646527734,0.5146724813697077,0.4804361647702001,0.810197970617172,0.7405615101583747,0.5666106577052329
0.9199999999999999,11,0.5,0.3039764129697741,0.5102572483517998,0.4740672768055132,0.795773138557514,0.7435045438168061,0.5731585468206707
0.9199999999999999,12,0.5,0.3130971023196123,0.5270130011299297,0.4723993759501697,0.7951546373535698,0.7400056249748885,0.5694317231492175
0.9199999999999999,13,0.5,0.3048240753652916,0.514184418662315,0.4711677114864326,0.7947767758592541,0.743785774326542,0.5723707878642523
0.9199999999999999,14,0.5,0.3091764587498051,0.5360550424455818,0.4703770952033992,0.8155472598214,0.741462823928312,0.5614445413462301
0.9199999999999999,15,0.5,0.3103546291312973,0.520538894853595,0.47410820876187115,0.795192788716276,0.7417724541366548,0.5681315588436332
0.9199999999999999,16,0.5,0.30858683419081373,0.5174991248314641,0.47377844247885376,0.7945249186982966,0.7417507608521544,0.5720792712162378
0.9199999999999999,17,0.5,0.3027544414600721,0.5159790146442907,0.47151806748723757,0.8035998635585041,0.7446621702518258,0.5674938860602173
0.9199999999999999,18,0.5,0.31384471831628385,0.5229665846161562,0.48250751405191994,0.8040132331335529,0.7376380220835334,0.5670692689169733
0.9199999999999999,19,0.5,0.3097377145176932,0.5224594155310014,0.4686107707851129,0.7904433265324448,0.7434441957147425,0.5709253922510407
0.9924999999999999,0,0.5,0.31159987902594577,0.5548947252785007,0.4794739907015544,0.8538436830598763,0.7374814577236098,0.5402482340264197
0.9924999999999999,1,0.5,0.3057474534627819,0.5546143046077742,0.4789879444257436,0.8688659961170486,0.7402393958868895,0.5377629063097514
0.9924999999999999,2,0.5,0.31324701106117836,0.5723622627969349,0.47122475194681557,0.8610178414680166,0.7417731629392971,0.5336137820512821
0.9924999999999999,3,0.5,0.31051561303860403,0.5609329935645446,0.47598688850617077,0.8598496792302868,0.7408057439170324,0.5365022061772964
0.9924999999999999,4,0.5,0.30418930722294524,0.554809253410353,0.47868283282484836,0.873067063153738,0.7417840375586855,0.5367438893097811
0.9924999999999999,5,0.5,0.30251812773356257,0.5591336077231394,0.47032948423545123,0.86929343146915,0.7449134892662608,0.5352748481943113
0.9924999999999999,6,0.5,0.30355638306419896,0.5542747672243648,0.4800104467348757,0.8764687335629775,0.7403044871794872,0.533905750798722
0.9924999999999999,7,0.5,0.30634486632899566,0.5601211350266008,0.46882084442872735,0.8571923096094439,0.7441507625968219,0.5376693115332212
0.9924999999999999,8,0.5,0.3024757934621674,0.5532364837039614,0.47139180267014585,0.8621884758812013,0.744748109319355,0.5397256987484506
0.9924999999999999,9,0.5,0.3068321713876289,0.5554782070526457,0.4753702944966153,0.8605937170111051,0.741564967695621,0.5371098451416192
0.9924999999999999,10,0.5,0.3008759641689236,0.5527609708986001,0.4672950135825301,0.8585014297085317,0.7474570186285852,0.54049175725001
0.9924999999999999,11,0.5,0.3028568219675454,0.5574954849507222,0.4679984348491791,0.8614863376608412,0.7452491216863621,0.5367104841295287
0.9924999999999999,12,0.5,0.3014146974065664,0.5507235031929986,0.46959464860733313,0.8580099516941525,0.7463289721121914,0.542408125724797
0.9924999999999999,13,0.5,0.3087022203153777,0.5565638132528646,0.4811579104884517,0.8674867358085318,0.7401260671826378,0.5364562444854416
0.9924999999999999,14,0.5,0.31339194850059304,0.5603014749522581,0.4818168394688035,0.8614218939025969,0.7370773959206482,0.5354952499298513
0.9924999999999999,15,0.5,0.30599795121875256,0.5663392890829827,0.46419228122628053,0.8591244663581555,0.7453027139874739,0.5374621393272756
0.9924999999999999,16,0.5,0.30817671423925036,0.5532781333004373,0.4815768965253532,0.864588250958222,0.739681780117239,0.5376158568390643
0.9924999999999999,17,0.5,0.30192594183171273,0.5590356176487383,0.474484680163966,0.8785394015204359,0.7454046311768918,0.5311268398616585
0.9924999999999999,18,0.5,0.3087249234591561,0.5603144382147198,0.4736187482625512,0.8595853547787793,0.741299907893156,0.5384553917455751
0.9924999999999999,19,0.5,0.3071171809815312,0.5532728669999616,0.48709479731257244,0.8775032844095381,0.7368802026782483,0.535749811005451
1.065,0,0.5,0.313746290625504,0.5975994008671491,0.48425111392563314,0.9223636555965834,0.736869453993125,0.5077255624049315
1.065,1,0.5,0.30957465563488284,0.6149385932862247,0.4648354101831762,0.9233483040187822,0.7436547202445597,0.5037193205775886
1.065,2,0.5,0.3102860201335625,0.6017089198563619,0.4764493125089778,0.9239339918462338,0.7417134216704468,0.5042020185773453
1.065,3,0.5,0.3050953540373628,0.5988147816245094,0.47614516796333645,0.9345365670190237,0.7419497132774592,0.5036507999840402
1.065,4,0.5,0.29928402933174114,0.5994629247700042,0.46666932512579495,0.9347340022285764,0.7455756651551025,0.5032893425302022
1.065,5,0.5,0.30975144081312356,0.5990545505888779,0.47625718865298194,0.9210741211220437,0.74055566660004,0.5069041424854913
1.065,6,0.5,0.3033285725110091,0.5935777056539038,0.4697182665773415,0.9191824188227034,0.7440853316224236,0.5100550634426622
1.065,7,0.5,0.29901091158659404,0.5989588538525593,0.4634639789827504,0.928380346324126,0.7485253400746359,0.5071573826707604
1.065,8,0.5,0.31199262018500895,0.5991951393422255,0.48359829043132635,0.9287711512177104,0.7381132677055517,0.5043157091814203
1.065,9,0.5,0.3148563185065407,0.6101905948990064,0.48327915953964373,0.9365935524513256,0.7360615655938114,0.49998004071693747
1.065,10,0.5,0.3078390421019787,0.6028335905743626,0.4729441097831538,0.9261547654735947,0.7423788405449678,0.5042249008850266
1.065,11,0.5,0.31058430567267586,0.6061276313649119,0.4780049431091527,0.9328610578694795,0.7402883460152183,0.5028365960846983
1.065,12,0.5,0.30474817346069344,0.5905873098605643,0.46934228276282003,0.9095627810759034,0.7443996326318731,0.5120407100212365
1.065,13,0.5,0.3099683236476421,0.61069466747308,0.47231324266817554,0.9305440481146007,0.7420865180679499,0.5019791291831595
1.065,14,0.5,0.3060682043257759,0.5937130058200191,0.477095808936602,0.9254734166584208,0.7411618689194058,0.5076529592774647
1.065,15,0.5,0.30567556021287057,0.5958375133858518,0.47311014961087605,0.9222090732587243,0.7445354105397027,0.5063209598196312
1.065,16,0.5,0.3054112613135074,0.5938315691511715,0.4714002477802657,0.9165750720313262,0.7434423284225655,0.5096381196649702
1.065,17,0.5,0.3086542035508296,0.6040864049282335,0.4708800744203581,0.9215887813499004,0.7423909130904291,0.5056206744809377
1.065,18,0.5,0.2996062323326281,0.5949666112809134,0.47079321675374813,0.934914613108045,0.7451619392476363,0.507496520182939
1.065,19,0.5,0.31038455752368505,0.5946024694899148,0.4806636939945556,0.9208055378898744,0.738793447862565,0.508089707649179
1.1375,0,0.5,0.296224560448945,0.6197880209636132,0.4695770164986982,0.9824918274995204,0.7472019755446688,0.4808580725505162
1.1375,1,0.5,0.31332761831733497,0.6379802899800362,0.4746135367558531,0.9663817171114581,0.7402550817058589,0.48105178643115215
1.1375,2,0.5,0.30403582667697987,0.6399709081770131,0.4743602917893814,0.9984901781397484,0.7425001001321745,0.47257619941676987
1.1375,3,0.5,0.30056723057354523,0.6286573567560959,0.47671250719832486,0.9970775062071844,0.743009587996951,0.47740597455430145
1.1375,4,0.5,0.30082140531283935,0.6220413631537693,0.4782603752274139,0.9889513528450905,0.7422733997041302,0.47941094081395813
1.1375,5,0.5,0.30595570619407414,0.6441949905962757,0.4688814743963762,0.9872379918874402,0.7445752261990551,0.47570138278315083
1.1375,6,0.5,0.30975023663554924,0.6328698939801007,0.48469329421846974,0.9903068906637408,0.739277877518452,0.477160617605775
1.1375,7,0.5,0.30841343516819797,0.6383143666298101,0.4745742198707165,0.982212536916255,0.7425513219905743,0.47764602195336914
1.1375,8,0.5,0.3065386076265029,0.6534734492643214,0.46199356146168336,0.9848695030092925,0.7454741637693322,0.4715538295231613
1.1375,9,0.5,0.3000249200841773,0.6307663703612189,0.47264236567807333,0.9936738234745749,0.7440574016915862,0.47627030694926753
1.1375,10,0.5,0.29544495058746423,0.6294775087478173,0.4662803524786935,0.9934608598749762,0.7474009553245293,0.4771794156335951
1.1375,11,0.5,0.29502578024279164,0.6282645794215337,0.46768739119339114,0.995951682212522,0.7478742178726135,0.4770623902983884
1.1375,12,0.5,0.3002499541333165,0.6276098403128207,0.47570784191160637,0.9943679210859568,0.7442691396683929,0.4792156550157427
1.1375,13,0.5,0.3120790703835314,0.6354245058043735,0.4788743319625581,0.975036503908291,0.7389414064058075,0.47928115849011194
1.1375,14,0.5,0.3091885538735286,0.640639685814444,0.47426988318044644,0.9826887352248372,0.7411656171032048,0.47780126849894294
1.1375,15,0.5,0.31124624477859436,0.6372959396444098,0.47446457137394393,0.9714955599121663,0.741732408956889,0.4808047546381817
1.1375,16,0.5,0.3033561894708386,0.6340331229149538,0.4710513449337461,0.9845263279533064,0.745152133061453,0.4790507823442315
1.1375,17,0.5,0.29687314301870044,0.6285160093995674,0.4681630497044288,0.9911572625147296,0.7468643558405129,0.47718107406668
1.1375,18,0.5,0.30857323038965706,0.6296015984412547,0.480877945306971,0.981165873131953,0.7397232965192776,0.4788314137806493
1.1375,19,0.5,0.3067260777298298,0.6408072733906343,0.47234272453139087,0.9868109541030643,0.7437318132897517,0.4742102516758319
1.21,0,0.5,0.3088119111841813,0.676628214590147,0.47390606738335384,1.0383609072183422,0.741166606779255,0.4495651825431812
1.21,1,0.5,0.30620211715483964,0.6733849438691144,0.47868913726970747,1.0527100884417318,0.7416157013231003,0.4471440579594124
1.21,2,0.5,0.3032694429257816,0.667249448271011,0.4774300178288744,1.0504352595203499,0.743172227088144,0.447713206333896
1.21,3,0.5,0.3175546455237885,0.6818542706126953,0.48383971580774887,1.0389020635216388,0.7368211021988108,0.4487390240968686
1.21,4,0.5,0.311015689687598,0.6801411978075032,0.4755224931922971,1.0398910692546837,0.74040839116216,0.4477252667896975
1.21,5,0.5,0.30273978839898275,0.6732487566110982,0.4766019286467048,1.059892581535951,0.7407078574599459,0.4472859918322033
1.21,6,0.5,0.30418189662586814,0.6703265780634017,0.47960582209978225,1.0569088203919474,0.741632177442038,0.44948831282602636
1.21,7,0.5,0.30156836660065817,0.6569997676916184,0.4831982850798079,1.052700469299585,0.7425888345071824,0.45011862157706384
1.21,8,0.5,0.31092127861926044,0.6783936107659523,0.47080534604225965,1.027241815316969,0.7413169319826338,0.4555007164464257
1.21,9,0.5,0.30226019764771056,0.6865769626742211,0.46351766336462447,1.0528695208148138,0.7455683424187362,0.44664156924905885
1.21,10,0.5,0.31466275534559146,0.6810930473229884,0.4841353971457497,1.0479195499218579,0.7366015953822103,0.4484093721310821
1.21,11,0.5,0.30872586241043865,0.6703938614243783,0.4839415132935496,1.050872179179797,0.7387898649188714,0.4484746576987749
1.21,12,0.5,0.3015667893833236,0.6703396178054124,0.4723408588080139,1.0499458226640974,0.7437191970188725,0.4489078784490676
1.21,13,0.5,0.3011198923257631,0.6672452392114875,0.47526186916575863,1.0531227848492213,0.7433425713941438,0.4507827749671354
1.21,14,0.5,0.3004729672162812,0.6658837056467022,0.4775983420050142,1.0584145280400707,0.7430302057844278,0.4486458457979339
1.21,15,0.5,0.3060685903329354,0.6908614801255144,0.46444353322757415,1.0483471905800381,0.745525883813108,0.4438316748591296
1.21,16,0.5,0.30966047900874727,0.6755998872419477,0.480184900225414,1.0476405174016785,0.7394521095780844,0.4480096019203841
1.21,17,0.5,0.3011114964102463,0.6696187883894956,0.4755912005579997,1.0576308353649315,0.74261822837481,0.44629288970647046
1.21,18,0.5,0.31046556559458516,0.6745868055054834,0.48547436527116145,1.0548499979244939,0.7371604839355821,0.44688074127326466
1.21,19,0.5,0.3082193059303327,0.6807036224144819,0.47170865007076,1.041770520695381,0.7414491358915755,0.44850564622321537
1.2825,0,0.5,0.3073662542508953,0.7164534726782232,0.4830601417699898,1.1259860550632843,0.7383469485824123,0.414575675243727
1.2825,1,0.5,0.31567724865250657,0.7273627123001315,0.4777494622746421,1.1007988258999728,0.7371807761914337,0.42144420131291027
1.2825,2,0.5,0.3010507617194278,0.7154519152518741,0.46755919548734404,1.1111618518899709,0.7459405144694534,0.42097929936305734
1.2825,3,0.5,0.3076890272500742,0.7215079206161674,0.47886056798569204,1.1228924728330567,0.7407837329383982,0.41519766558740057
1.2825,4,0.5,0.3028808540440739,0.7185275195107086,0.474796633785062,1.1263651795434109,0.7437362637362638,0.4141741741741742
1.2825,5,0.5,0.31428168797053224,0.7425926859195858,0.4681659814375309,1.106194369315186,0.7425374625374626,0.41405405405405404
1.2825,6,0.5,0.3084319799732377,0.7091724973387777,0.4790444304342453,1.1014588535753125,0.7400481540930979,0.42507974481658695
1.2825,7,0.5,0.2954996015398965,0.6981111565351447,0.4723830071281097,1.1159942203483137,0.7453346203346203,0.42373488224061107
1.2825,8,0.5,0.3020856357577448,0.7063530200990099,0.4733888662563547,1.1069035259577042,0.7443350148130354,0.42334745424026854
1.2825,9,0.5,0.30074854083402636,0.7203694917855823,0.4755525255999098,1.1390696368259778,0.7439769866954333,0.4091946658123423
1.2825,10,0.5,0.30753962271944585,0.7083456706815933,0.4837607869289579,1.1142299520190602,0.738814607862702,0.4186009220284626
1.2825,11,0.5,0.3040879568380556,0.7238042452538586,0.4698141604497196,1.1182734342714618,0.7433781499074149,0.41668654106049763
1.2825,12,0.5,0.3096457869666089,0.7153457021391659,0.48217843692483786,1.1139317472953671,0.739582500199952,0.41894054573097544
1.2825,13,0.5,0.30943547813234307,0.702278058432173,0.48107260600256524,1.0918164192015918,0.741359469862307,0.42558167668051133
1.2825,14,0.5,0.31060968268480715,0.7105636626740696,0.48489634286425465,1.1092690943331598,0.7380010390440794,0.4209072346558834
1.2825,15,0.5,0.30362606665713404,0.7098297104031553,0.47671397556721995,1.1144818590431977,0.7420168067226891,0.4198720511795282
1.2825,16,0.5,0.30522952773616674,0.719370924384543,0.46989857524594986,1.1074661581688292,0.7433986456705534,0.4191989777582558
1.2825,17,0.5,0.3034708133841444,0.7138389480891314,0.46971582361122116,1.1048886240108282,0.7441523993248131,0.42292379966557847
1.2825,18,0.5,0.30416889811616893,0.7029899123776098,0.47483886276034615,1.0974393917089158,0.7438435442027539,0.42581679695329727
1.2825,19,0.5,0.2970908980890125,0.6965874923450999,0.4741718496618192,1.111788283724536,0.7460044749880135,0.4236745154573122
1.355,0,0.5,0.30157164486792243,0.7417961637931982,0.4769689975970203,1.1732328907139615,0.7430533375918237,0.3939163193331196
1.355,1,0.5,0.3120926192232257,0.7554634051066785,0.48459626579347254,1.1730323708695811,0.7371976813911653,0.39115469281568943
1.355,2,0.5,0.31129430639095984,0.7588563055604269,0.4701294182162646,1.1460558902571305,0.7424157974361016,0.39631058596575836
1.355,3,0.5,0.29989846888237237,0.7511904863717516,0.47137579001451,1.1807096257758904,0.7454742069849407,0.3907798018536274
1.355,4,0.5,0.29832874445862617,0.7402694255478287,0.47499142024400937,1.178638104223795,0.7444863260887,0.3946612401244913
1.355,5,0.5,0.30060273351244493,0.7552640914252065,0.46772567474940796,1.175160327546484,0.7458393342934869,0.39009758438649816
1.355,6,0.5,0.3006081699578333,0.7559049781553264,0.469507639685267,1.1806171541173793,0.7444841859904352,0.3904526814508102
1.355,7,0.5,0.3045432973743902,0.7500282802624693,0.4740805745353518,1.167564156197694,0.742779313383808,0.3954147861165475
1.355,8,0.5,0.3015526098969853,0.7433281613053451,0.473513809180205,1.167213075193917,0.7435403627026159,0.3965544743978306
1.355,9,0.5,0.29900835024637523,0.7491190324726442,0.47023921311671074,1.1781113941146808,0.7455908289241623,0.39230400766405876
1.355,10,0.5,0.30274181557264357,0.7420984110906947,0.47393922567116975,1.1617474964892514,0.7437894400511222,0.39712362791442996
1.355,11,0.5,0.31430838348422074,0.7590800048818274,0.48366197453169024,1.168082537025619,0.7354647673162339,0.39069934823463554
1.355,12,0.5,0.29799662291683754,0.7361628138845736,0.4799647547619556,1.185691975205993,0.7443840434886881,0.39328316387799217
1.355,13,0.5,0.3044197166217289,0.7413850336817396,0.4764739891952728,1.1604067188820049,0.7424894413897521,0.3968355955344952
1.355,14,0.5,0.30328902567633886,0.7461637646103807,0.47140123566985304,1.159760132649086,0.7448311646842819,0.3962959993586146
1.355,15,0.5,0.29967423465811793,0.7483085560538564,0.4697754958423926,1.1730638884065383,0.7462829353848607,0.3913619395496327
1.355,16,0.5,0.307545485632188,0.7446675809623508,0.47955595452268357,1.1611608340028987,0.7411264358678803,0.39471035787609193
1.355,17,0.5,0.29443338419106657,0.7549820556738853,0.46283490746563016,1.186794937795767,0.7485831424092608,0.3883603359738864
1.355,18,0.5,0.3024605162912183,0.7433236435667528,0.4833038402976341,1.1877622108333088,0.7410632264248912,0.3898169290550014
1.355,19,0.5,0.3041547465754636,0.7349993950108192,0.4777006187898862,1.154378387186362,0.7415716904439308,0.39974303380711473
1.4275,0,0.5,0.30719196439533586,0.7856062907423543,0.4792851791981056,1.225713871060246,0.7397916417195546,0.36761935302842025
1.4275,1,0.5,0.3105466754870014,0.7881619056812604,0.4833897824333013,1.2268346183774483,0.7388443593731308,0.3677727400393211
1.4275,2,0.5,0.3069971170252551,0.7755686831398049,0.4838810006599389,1.2224315137373984,0.7398228682632353,0.36956609322750894
1.4275,3,0.5,0.3035703222289874,0.8044287440841712,0.4681374352436596,1.2405139156118827,0.7452065784195748,0.3621061029118468
1.4275,4,0.5,0.30065201929349045,0.7761338466268816,0.47650807800294004,1.2301066475398572,0.7445502729844977,0.36961496767976876
1.4275,5,0.5,0.30295573593593184,0.790339772164721,0.47500636593648476,1.2391791225581066,0.7436081815276446,0.36466677347004167
1.4275,6,0.5,0.30888573749919235,0.7822896504870397,0.4846120811855338,1.2273373924020023,0.7384523095380924,0.37051410282056413
1.4275,7,0.5,0.30340330376767033,0.7808402486934035,0.48281705424111165,1.2425803675352671,0.7403201861734141,0.3675080751286039
1.4275,8,0.5,0.3050795750655861,0.8142630653821118,0.45810227921334923,1.2226835115087689,0.7479135886275606,0.36250350603037224
1.4275,9,0.5,0.3044937689255371,0.7902873843535799,0.4713921488639619,1.2234577726995,0.7440502379904804,0.3690147605904236
1.4275,10,0.5,0.30427668986364215,0.7847939763918229,0.4763002000487878,1.228479014018529,0.7433897355894236,0.3697052117915283
1.4275,11,0.5,0.31157990192336166,0.7913665533154343,0.4777816305672226,1.2134941948611668,0.7405624726520545,0.36965528337556813
1.4275,12,0.5,0.3025625108204026,0.7858770030030047,0.47740132424321113,1.2400039942444223,0.7420582462043824,0.3654591205016575
1.4275,13,0.5,0.30721166750367196,0.784161117243186,0.480372935094789,1.226157133087453,0.7408692185007975,0.3685393258426966
1.4275,14,0.5,0.3025354676049016,0.7817746008014123,0.48045019480452267,1.241519753772437,0.7408745934224792,0.3672550504044308
1.4275,15,0.5,0.30542289993892136,0.7936735125091838,0.4708902261327813,1.223657754070791,0.7435445774450539,0.3688101994324767
1.4275,16,0.5,0.3055673082165497,0.7887327433689253,0.4809910997316581,1.2415380160973646,0.7398126651188855,0.36457750419697815
1.4275,17,0.5,0.3047546370667338,0.7796257334914377,0.47940394312740126,1.2264149756564473,0.7404677987824415,0.37092521572387344
1.4275,18,0.5,0.2962532717054099,0.7804625743905477,0.4701385691160469,1.2385536060424138,0.7461597080174869,0.36797383013523755
1.4275,19,0.5,0.3001450848541236,0.7911943135529229,0.46880927180955373,1.2357997805523937,0.746358933545563,0.36252513067953357
1.5,0,0.5,0.3072124801713708,0.8315756364021394,0.4759343717752613,1.2882791346038152,0.7419613182236816,0.3429895712630359
1.5,1,0.5,0.29412042079975786,0.8184197636759263,0.4746853870420791,1.320860011103703,0.7460285541926402,0.3394072011139845
1.5,2,0.5,0.30533004835148037,0.8251467103994593,0.4791107317549867,1.2947845990238527,0.7406352771316275,0.3426952844490545
1.5,3,0.5,0.2981812501291889,0.8102384459001313,0.4757842390666445,1.2928334101427064,0.7445667400440265,0.3465120927443534
1.5,4,0.5,0.3149323146260942,0.840225357345921,0.4802387872911452,1.2812556473988486,0.7381751358261426,0.34167734700416535
1.5,5,0.5,0.30734691670241754,0.8329297678367583,0.4767310814290018,1.2919716691340466,0.7419303227870885,0.34105364214568584
1.5,6,0.5,0.3039221191688744,0.8297196007990333,0.47282840750258426,1.2908405567595325,0.7435374965040553,0.34071522966641304
1.5,7,0.5,0.30838974858116985,0.8231299986939705,0.48795835707407836,1.3024206014272903,0.7372125574885023,0.3405081016203241
1.5,8,0.5,0.31305620868974066,0.8317668005886747,0.4815621778652149,1.2794744868466512,0.7382887189292543,0.34274582262210795
1.5,9,0.5,0.29973868922045066,0.8262885556452848,0.4747873934390762,1.3088446826256326,0.7434139299891735,0.33805514544511395
1.5,10,0.5,0.3044118527875911,0.8259716901596794,0.48016721901621523,1.3028550820812956,0.7408713776103251,0.340186020518143
1.5,11,0.5,0.2971567291999069,0.8286620802832917,0.4685395319516847,1.3065864074067366,0.7465478484264612,0.33896683673469385
1.5,12,0.5,0.304977540540507,0.8329472240803318,0.4798328198682433,1.3105077004147667,0.7412830128460863,0.3345632469720061
1.5,13,0.5,0.31327426546699616,0.8439097124572822,0.47922545706057174,1.2909551222387374,0.7367829923786603,0.33889110490626245
1.5,14,0.5,0.30380938933828167,0.8299223807416181,0.4772609205039164,1.3037435091859977,0.7422408627920911,0.33727218105347484
1.5,15,0.5,0.29826092328364234,0.8245593081257789,0.4767232964984481,1.3179287021598218,0.7438062837702621,0.335958424945033
1.5,16,0.5,0.29956302011646047,0.8255458742717335,0.4737027013466307,1.305445881057192,0.7451720399887581,0.34097158570119157
1.5,17,0.5,0.2989090298640337,0.819783585475441,0.47405570268674285,1.3001383191414213,0.7454675857672232,0.3403605991246035
1.5,18,0.5,0.31281398598378174,0.8377060701595105,0.47771109025012054,1.279295357675573,0.7402483680942525,0.34145360990512946
1.5,19,0.5,0.30480952000226397,0.8280718061046526,0.47795367623012347,1.2984501399670754,0.7396996225202795,0.3403458442903817
